model,severity,window_id,context_id,variant,target_active_leak,reconstructed_probability,reconstructed_prediction,reconstructed_correct,reconstructed_entropy,reconstructed_attribution_divergence,post_reconstruction_action
MLP,low,W000001,C0002,CLEAN,0,1.3570624191852406e-08,0,1,3.742456895910199e-07,0.0560031985078551,PROCEED
MLP,low,W000006,C0002,CLEAN,0,0.34940477820091614,0,1,0.9335353481773446,0.01916705310084742,PROCEED
MLP,low,W000011,C0002,CLEAN,0,0.09907332511264264,0,1,0.4660512020405896,0.05002403176448817,PROCEED
MLP,low,W000016,C0002,CLEAN,0,0.26857920129177887,0,1,0.8394184833651336,0.0426039410023626,PROCEED
MLP,low,W000021,C0002,CLEAN,0,0.12025983786703406,0,1,0.5301073003030105,0.05604432062010456,PROCEED
MLP,low,W000026,C0002,CLEAN,0,0.0241358407435722,0,1,0.1640711499995913,0.06748671194842981,PROCEED
MLP,low,W000031,C0002,CLEAN,0,0.056162038274816216,0,1,0.3120173651337316,0.02743693595073478,PROCEED
MLP,low,W000036,C0002,CLEAN,0,0.04412464854805806,0,1,0.26089397725426194,0.03690234363326159,PROCEED
MLP,low,W000041,C0002,CLEAN,0,0.011982299793298309,0,1,0.09366525719768237,0.03438360052741034,PROCEED
MLP,low,W000045,C0002,CLEAN,0,0.0005038883413589075,0,1,0.006246673435871329,0.025666148019953986,PROCEED
MLP,low,W000046,C0002,LEAK,0,1.3570650075788239e-08,0,1,3.742463660433265e-07,0.056003211885207085,PROCEED
MLP,low,W000051,C0002,LEAK,0,0.3494053201767977,0,1,0.9335358342533838,0.019167054132534087,PROCEED
MLP,low,W000056,C0002,LEAK,0,0.09907362304309578,0,1,0.4660521509010285,0.05002403987798115,PROCEED
MLP,low,W000061,C0002,LEAK,0,0.26858044244754165,0,1,0.8394202772690035,0.04260400086536016,PROCEED
MLP,low,W000066,C0002,LEAK,1,1.0,1,1,4.1304950338020633e-11,0.08561780095100183,PROCEED
MLP,low,W000071,C0002,LEAK,1,1.0,1,1,4.1304950338020633e-11,0.07751463573129931,PROCEED
MLP,low,W000076,C0002,LEAK,1,1.0,1,1,4.1304950338020633e-11,0.129668596026618,REQUEST_SENSOR
MLP,low,W000081,C0002,LEAK,1,1.0,1,1,4.1304950338020633e-11,0.13262361630608627,REQUEST_SENSOR
MLP,low,W000086,C0002,LEAK,0,1.0753705159038705e-05,0,1,0.00019300205813274694,0.1292130877181073,REQUEST_SENSOR
MLP,low,W000090,C0002,LEAK,0,0.9999999998720517,1,0,4.389448091200447e-09,0.1530929283498894,REQUEST_SENSOR
GCN_GRU,low,W000001,C0002,CLEAN,0,0.02869544011370875,0,1,0.18780676185405762,0.18249330055510524,PROCEED
GCN_GRU,low,W000006,C0002,CLEAN,0,0.13529751857666758,0,1,0.5717896862691084,0.15662391190023667,PROCEED
GCN_GRU,low,W000011,C0002,CLEAN,0,0.19349745864764442,0,1,0.7087308050822473,0.12142673384894088,PROCEED
GCN_GRU,low,W000016,C0002,CLEAN,0,0.25420749636269846,0,1,0.8178789938122478,0.17046891142451442,PROCEED
GCN_GRU,low,W000021,C0002,CLEAN,0,0.359296826452389,0,1,0.9420979539746572,0.17001617011231857,PROCEED
GCN_GRU,low,W000026,C0002,CLEAN,0,0.3513966852119169,0,1,0.9353092321961046,0.20695156679289997,PROCEED
GCN_GRU,low,W000031,C0002,CLEAN,0,0.13973249059054627,0,1,0.5835377996491138,0.07952038510563574,PROCEED
GCN_GRU,low,W000036,C0002,CLEAN,0,0.17382880431590114,0,1,0.6663889588296916,0.14250085139392107,PROCEED
GCN_GRU,low,W000041,C0002,CLEAN,0,0.1809660560538061,0,1,0.6821858613595335,0.13540247773267722,PROCEED
GCN_GRU,low,W000045,C0002,CLEAN,0,0.2220440986758274,0,1,0.7638824415978899,0.1542139862788854,PROCEED
GCN_GRU,low,W000046,C0002,LEAK,0,0.02869544011370875,0,1,0.18780676185405762,0.182493298030652,PROCEED
GCN_GRU,low,W000051,C0002,LEAK,0,0.13529767198873738,0,1,0.5717900968101629,0.15662390932814252,PROCEED
GCN_GRU,low,W000056,C0002,LEAK,0,0.19349745864764442,0,1,0.7087308050822473,0.12142673978320825,PROCEED
GCN_GRU,low,W000061,C0002,LEAK,0,0.25420749636269846,0,1,0.8178789938122478,0.17046892539219477,PROCEED
GCN_GRU,low,W000066,C0002,LEAK,1,0.9999999051559664,1,1,2.34952977078385e-06,0.12972828192718344,PROCEED
GCN_GRU,low,W000071,C0002,LEAK,1,0.9999903777341702,1,1,0.00017423883509486835,0.2844001414504512,REQUEST_SENSOR
GCN_GRU,low,W000076,C0002,LEAK,1,0.9999997479573868,1,1,5.888351562756997e-06,0.27113591215201605,PROCEED
GCN_GRU,low,W000081,C0002,LEAK,1,0.9999996557971406,1,1,7.88669684132324e-06,0.2760407937136081,PROCEED
GCN_GRU,low,W000086,C0002,LEAK,0,0.018563419262939414,0,1,0.133296756552962,0.4321735412448239,REQUEST_SENSOR
GCN_GRU,low,W000090,C0002,LEAK,0,0.017137453991942712,0,1,0.12505140451086058,0.33561383618933344,REQUEST_SENSOR
MLP,low,W000091,C0018,CLEAN,0,1.1942411317427603e-08,0,1,3.3154552900075847e-07,0.06200031328681189,PROCEED
MLP,low,W000096,C0018,CLEAN,0,0.566004142666342,1,0,0.9873928972034242,0.019677984900660445,VERIFY
MLP,low,W000101,C0018,CLEAN,0,0.14088361407243485,0,1,0.5865482476201815,0.03856312242671527,PROCEED
MLP,low,W000106,C0018,CLEAN,0,0.49576858102476956,1,0,0.9999483367435489,0.0474184485188112,VERIFY
MLP,low,W000111,C0018,CLEAN,0,0.3066980416138887,0,1,0.8893250738653182,0.05833946847401638,PROCEED
MLP,low,W000116,C0018,CLEAN,0,0.11498708182323401,0,1,0.5147776201463373,0.07587478685519092,PROCEED
MLP,low,W000121,C0018,CLEAN,0,0.18155062285204424,0,1,0.683457505483098,0.031694714568982166,PROCEED
MLP,low,W000126,C0018,CLEAN,0,0.12926614438306333,0,1,0.5554221428991373,0.03514420148089692,PROCEED
MLP,low,W000131,C0018,CLEAN,0,0.03317531140870185,0,1,0.2100740729415532,0.024636369846665063,PROCEED
MLP,low,W000135,C0018,CLEAN,0,0.00028982216634530853,0,1,0.0038242122948224616,0.028052647723597553,PROCEED
MLP,low,W000136,C0018,LEAK,0,1.1942411317427603e-08,0,1,3.3154552900075847e-07,0.06200030668298204,PROCEED
MLP,low,W000141,C0018,LEAK,0,0.5660044062131572,1,0,0.9873927962301755,0.019677989931786898,VERIFY
MLP,low,W000146,C0018,LEAK,0,0.14088357078680064,0,1,0.5865481347160963,0.03856311632849584,PROCEED
MLP,low,W000151,C0018,LEAK,1,0.7374251057173415,1,1,0.8306071184733855,0.04620124024487883,PROCEED
MLP,low,W000156,C0018,LEAK,1,0.6762558337464477,1,1,0.9084067220759541,0.03012951279858843,PROCEED
MLP,low,W000161,C0018,LEAK,1,0.24648239694353302,0,0,0.8056551021608097,0.037919560535455483,PROCEED
MLP,low,W000166,C0018,LEAK,1,0.45188494297760584,0,0,0.9933098046823324,0.05173828035634315,VERIFY
MLP,low,W000171,C0018,LEAK,0,0.23063767321279854,0,1,0.7791212560033941,0.04255450282573966,PROCEED
MLP,low,W000176,C0018,LEAK,0,0.11863528273817452,0,1,0.5254252634572182,0.04532719919456468,PROCEED
MLP,low,W000180,C0018,LEAK,0,0.0005977533990927003,0,1,0.007262958273236832,0.041796868944558835,PROCEED
GCN_GRU,low,W000091,C0018,CLEAN,0,0.024871455690003184,0,1,0.16798103330030237,0.1444494689404199,PROCEED
GCN_GRU,low,W000096,C0018,CLEAN,0,0.11120658449100536,0,1,0.5035446883580796,0.1661484141005794,PROCEED
GCN_GRU,low,W000101,C0018,CLEAN,0,0.35808940945775064,0,1,0.9410858182151991,0.1430320357729327,PROCEED
GCN_GRU,low,W000106,C0018,CLEAN,0,0.23629977107603614,0,1,0.7888325887386871,0.12866325144143043,PROCEED
GCN_GRU,low,W000111,C0018,CLEAN,0,0.33402782309651274,0,1,0.9189887587318477,0.17501762211530003,PROCEED
GCN_GRU,low,W000116,C0018,CLEAN,0,0.3348046541920307,0,1,0.9197601330350803,0.19519994734987006,PROCEED
GCN_GRU,low,W000121,C0018,CLEAN,0,0.7870967129486467,1,0,0.7469957393740871,0.27359154794580254,PROCEED
GCN_GRU,low,W000126,C0018,CLEAN,0,0.9979390784346417,1,0,0.02135877707813403,0.3729640835806088,REQUEST_SENSOR
GCN_GRU,low,W000131,C0018,CLEAN,0,0.9994997924085299,1,0,0.006206335487134519,0.3761946122695253,REQUEST_SENSOR
GCN_GRU,low,W000135,C0018,CLEAN,0,0.9994529421956087,1,0,0.006716950478547509,0.28396588586267746,REQUEST_SENSOR
GCN_GRU,low,W000136,C0018,LEAK,0,0.02487146147233778,0,1,0.16798106390636933,0.14444944434388335,PROCEED
GCN_GRU,low,W000141,C0018,LEAK,0,0.11120672588238047,0,1,0.5035451123349477,0.16614842631834398,PROCEED
GCN_GRU,low,W000146,C0018,LEAK,0,0.35808940945775064,0,1,0.9410858182151991,0.1430320276268718,PROCEED
GCN_GRU,low,W000151,C0018,LEAK,1,0.2470302100988549,0,0,0.8065370977860024,0.12963609627792896,PROCEED
GCN_GRU,low,W000156,C0018,LEAK,1,0.3625679434472346,0,0,0.9447941503940969,0.16906142319798273,PROCEED
GCN_GRU,low,W000161,C0018,LEAK,1,0.3885164496036882,1,1,0.9638354847536803,0.14877202210892437,VERIFY
GCN_GRU,low,W000166,C0018,LEAK,1,0.9986590488446391,1,1,0.014729349317176696,0.4125007671991098,REQUEST_SENSOR
GCN_GRU,low,W000171,C0018,LEAK,0,0.9980450458503987,1,0,0.020409591185613325,0.3689340546230334,REQUEST_SENSOR
GCN_GRU,low,W000176,C0018,LEAK,0,0.9989302888547212,1,0,0.012098953081777015,0.31947042213421695,REQUEST_SENSOR
GCN_GRU,low,W000180,C0018,LEAK,0,0.9786013313009779,1,0,0.14922325271584758,0.27462085286340754,PROCEED
MLP,low,W000181,C0039,CLEAN,0,7.490426720420544e-08,0,1,1.8810762431912895e-06,0.09016750818748435,PROCEED
MLP,low,W000186,C0039,CLEAN,0,0.12944814466388124,0,1,0.5559227749689414,0.05748869147884295,PROCEED
MLP,low,W000191,C0039,CLEAN,0,0.037547302863788906,0,1,0.2309313746758634,0.0336913285422143,PROCEED
MLP,low,W000196,C0039,CLEAN,0,0.02637243968634383,0,1,0.17586005221464826,0.06642580826171361,PROCEED
MLP,low,W000201,C0039,CLEAN,0,0.12561851725158882,0,1,0.5452983211335003,0.08547973698931699,PROCEED
MLP,low,W000206,C0039,CLEAN,0,0.0802770740478616,0,1,0.40315472615135567,0.07388333234344846,PROCEED
MLP,low,W000211,C0039,CLEAN,0,0.17556828479667508,0,1,0.6702854982375457,0.05571307167350194,PROCEED
MLP,low,W000216,C0039,CLEAN,0,0.020479800389979524,0,1,0.1441260756356372,0.09005275695659025,PROCEED
MLP,low,W000221,C0039,CLEAN,0,0.005007382686432104,0,1,0.04547106323984692,0.07811338824712466,PROCEED
MLP,low,W000225,C0039,CLEAN,0,0.00048658576228749803,0,1,0.0060567092532915305,0.06138179867546284,PROCEED
MLP,low,W000226,C0039,LEAK,0,7.490426720420544e-08,0,1,1.8810762431912895e-06,0.09016750518554743,PROCEED
MLP,low,W000231,C0039,LEAK,1,0.9999980242727604,1,1,4.028878961461974e-05,0.02391074689273028,PROCEED
MLP,low,W000236,C0039,LEAK,1,0.9999999999999984,1,1,4.1304950338020633e-11,0.06568141982608092,PROCEED
MLP,low,W000241,C0039,LEAK,1,1.0,1,1,4.1304950338020633e-11,0.04908805461985606,PROCEED
MLP,low,W000246,C0039,LEAK,1,0.9999999999999996,1,1,4.1304950338020633e-11,0.03700254356150075,PROCEED
MLP,low,W000251,C0039,LEAK,1,0.9999999999996796,1,1,4.1304950338020633e-11,0.025532625257646446,PROCEED
MLP,low,W000256,C0039,LEAK,0,0.005899245163740436,0,1,0.052171066911962494,0.09265806383384217,PROCEED
MLP,low,W000261,C0039,LEAK,0,0.017097197294481656,0,1,0.12481616488877377,0.072726010863444,PROCEED
MLP,low,W000266,C0039,LEAK,0,0.005391298380285319,0,1,0.04838124512200104,0.06001288228088579,PROCEED
MLP,low,W000270,C0039,LEAK,0,3.457857900300147e-05,0,1,0.0005623317893062197,0.02979805486249116,PROCEED
GCN_GRU,low,W000181,C0039,CLEAN,0,0.08058845898716718,0,1,0.40424927557135765,0.11516519596325969,PROCEED
GCN_GRU,low,W000186,C0039,CLEAN,0,0.2630204895059149,0,1,0.8312702123495799,0.1473728524542003,PROCEED
GCN_GRU,low,W000191,C0039,CLEAN,0,0.2675260931200215,0,1,0.8378922934086401,0.12768202115985927,PROCEED
GCN_GRU,low,W000196,C0039,CLEAN,0,0.3706308691757758,0,1,0.9511552594514258,0.18239135146751528,PROCEED
GCN_GRU,low,W000201,C0039,CLEAN,0,0.3704613029745544,0,1,0.9510256349461603,0.218822069562533,PROCEED
GCN_GRU,low,W000206,C0039,CLEAN,0,0.46609310368215856,1,0,0.9966801843894003,0.1812264145732868,VERIFY
GCN_GRU,low,W000211,C0039,CLEAN,0,0.13760660625334784,0,1,0.5779362441037567,0.07512369540068103,PROCEED
GCN_GRU,low,W000216,C0039,CLEAN,0,0.11072925086995725,0,1,0.5021116879855921,0.07556566099076659,PROCEED
GCN_GRU,low,W000221,C0039,CLEAN,0,0.07348861773860588,0,1,0.3788096533588594,0.07491014553105982,PROCEED
GCN_GRU,low,W000225,C0039,CLEAN,0,0.1647417385875473,0,1,0.6455335729537331,0.09182735204093223,PROCEED
GCN_GRU,low,W000226,C0039,LEAK,0,0.08058845898716718,0,1,0.40424927557135765,0.11516520729921176,PROCEED
GCN_GRU,low,W000231,C0039,LEAK,1,0.8283942086230099,1,1,0.6613649999096117,0.19000383017727782,PROCEED
GCN_GRU,low,W000236,C0039,LEAK,1,0.9998135521482898,1,1,0.002578853599683832,0.19781424291281505,PROCEED
GCN_GRU,low,W000241,C0039,LEAK,1,0.9997928355692325,1,1,0.0028339020297869374,0.152411958450033,PROCEED
GCN_GRU,low,W000246,C0039,LEAK,1,0.9997767984724962,1,1,0.003029268700007403,0.13921658044119406,PROCEED
GCN_GRU,low,W000251,C0039,LEAK,1,0.9966675178207198,1,1,0.03222335516209672,0.1261028104424405,PROCEED
GCN_GRU,low,W000256,C0039,LEAK,0,0.7113945737557136,1,0,0.866912963208774,0.15298311362676545,PROCEED
GCN_GRU,low,W000261,C0039,LEAK,0,0.18262943809651294,0,1,0.6857956132594653,0.12430229894129102,PROCEED
GCN_GRU,low,W000266,C0039,LEAK,0,0.10732371726200973,0,1,0.4917903271712515,0.109855210392823,PROCEED
GCN_GRU,low,W000270,C0039,LEAK,0,0.2075353824809313,0,1,0.7367452258295155,0.11998777866491733,PROCEED
MLP,low,W000271,C0048,CLEAN,0,1.1443468325369718e-08,0,1,3.1839843278604506e-07,0.08366090252370652,PROCEED
MLP,low,W000276,C0048,CLEAN,0,0.04934330564715535,0,1,0.2836007907260514,0.04667462626348648,PROCEED
MLP,low,W000281,C0048,CLEAN,0,0.05194220723789091,0,1,0.2945907168422726,0.043463116260139795,PROCEED
MLP,low,W000286,C0048,CLEAN,0,0.08532215384638281,0,1,0.4206599545070022,0.032756678313838265,PROCEED
MLP,low,W000291,C0048,CLEAN,0,0.3148685539724523,0,1,0.8987136608592375,0.04697487613605588,PROCEED
MLP,low,W000296,C0048,CLEAN,0,0.31141511399906757,0,1,0.8948002166301112,0.049599939283292434,PROCEED
MLP,low,W000301,C0048,CLEAN,0,0.5253724673556275,1,0,0.9981416972060883,0.040978109435022295,VERIFY
MLP,low,W000306,C0048,CLEAN,0,0.07410238112860677,0,1,0.3810497241148931,0.04466890554798349,PROCEED
MLP,low,W000311,C0048,CLEAN,0,0.009638371261928274,0,1,0.07838612548905452,0.026420400474133226,PROCEED
MLP,low,W000315,C0048,CLEAN,0,4.668577222435006e-06,0,1,8.94092169637375e-05,0.01704578489908609,PROCEED
MLP,low,W000316,C0048,LEAK,0,1.1443468325369718e-08,0,1,3.1839843278604506e-07,0.08366090106092755,PROCEED
MLP,low,W000321,C0048,LEAK,0,0.04934328327942342,0,1,0.28360069526060466,0.0466746281726999,PROCEED
MLP,low,W000326,C0048,LEAK,0,0.05194207808995093,0,1,0.2945901757127047,0.04346315020048165,PROCEED
MLP,low,W000331,C0048,LEAK,0,0.08532233991387117,0,1,0.4206605912801294,0.03275667997939686,PROCEED
MLP,low,W000336,C0048,LEAK,0,0.314868695413685,0,1,0.8987138195040593,0.046974874282499475,PROCEED
MLP,low,W000341,C0048,LEAK,1,0.9999999999997762,1,1,4.1304950338020633e-11,0.045037155787122155,PROCEED
MLP,low,W000346,C0048,LEAK,1,0.9999999999782503,1,1,8.017576682876706e-10,0.04180325826262253,PROCEED
MLP,low,W000351,C0048,LEAK,1,0.9999999994964461,1,1,1.627981079839887e-08,0.055768761067629194,PROCEED
MLP,low,W000356,C0048,LEAK,0,0.0009941543771797442,0,1,0.011349485236863383,0.0512791925518518,PROCEED
MLP,low,W000360,C0048,LEAK,0,4.552623987775093e-05,0,1,0.0007223013101711817,0.03335005508612,PROCEED
GCN_GRU,low,W000271,C0048,CLEAN,0,0.9999430488724504,1,0,0.000885166888084597,0.42098171858288047,REQUEST_SENSOR
GCN_GRU,low,W000276,C0048,CLEAN,0,0.9798289733476316,1,0,0.1423997340585555,0.3828944442593043,REQUEST_SENSOR
GCN_GRU,low,W000281,C0048,CLEAN,0,0.21325060606862664,0,1,0.7476503830019725,0.13217466221866964,PROCEED
GCN_GRU,low,W000286,C0048,CLEAN,0,0.24691625506539464,0,1,0.8063538186100174,0.11057972828255061,PROCEED
GCN_GRU,low,W000291,C0048,CLEAN,0,0.31829211838615273,0,1,0.9025145213537036,0.17249611992535668,PROCEED
GCN_GRU,low,W000296,C0048,CLEAN,0,0.3154110789216609,0,1,0.8993211898371133,0.1260747641202711,PROCEED
GCN_GRU,low,W000301,C0048,CLEAN,0,0.1213984598973622,0,1,0.5333673804223524,0.11807830210532991,PROCEED
GCN_GRU,low,W000306,C0048,CLEAN,0,0.05656742114094013,0,1,0.31366539560847967,0.10038487682722208,PROCEED
GCN_GRU,low,W000311,C0048,CLEAN,0,0.05491562001189821,0,1,0.3069220658697854,0.07966436038658747,PROCEED
GCN_GRU,low,W000315,C0048,CLEAN,0,0.05813919274023706,0,1,0.320013488040205,0.07436527669934381,PROCEED
GCN_GRU,low,W000316,C0048,LEAK,0,0.9999430487638308,1,0,0.0008851684196037365,0.42098169990088513,REQUEST_SENSOR
GCN_GRU,low,W000321,C0048,LEAK,0,0.9798288696802453,1,0,0.14240031482085116,0.3828944144654174,REQUEST_SENSOR
GCN_GRU,low,W000326,C0048,LEAK,0,0.2132505860683144,0,1,0.7476503453342962,0.13217466101649888,PROCEED
GCN_GRU,low,W000331,C0048,LEAK,0,0.24691627723219797,0,1,0.8063538542717137,0.11057970904709265,PROCEED
GCN_GRU,low,W000336,C0048,LEAK,0,0.31829220891820736,0,1,0.9025146208305,0.1724960785435969,PROCEED
GCN_GRU,low,W000341,C0048,LEAK,1,0.9989470307842763,1,1,0.011933569938081217,0.14643128499599145,PROCEED
GCN_GRU,low,W000346,C0048,LEAK,1,0.9608411420868391,1,1,0.23842220309523854,0.1644144592874933,PROCEED
GCN_GRU,low,W000351,C0048,LEAK,1,0.3798158216425137,1,1,0.9579118389332836,0.18628852803616983,PROCEED
GCN_GRU,low,W000356,C0048,LEAK,0,0.11329133737437994,0,1,0.5097644932516682,0.2440006878546751,PROCEED
GCN_GRU,low,W000360,C0048,LEAK,0,0.16342557285705595,0,1,0.6424419907997497,0.15123220570733867,PROCEED
MLP,low,W000361,C0056,CLEAN,0,4.922724948658863e-08,0,1,1.2660590218403542e-06,0.10385081945878785,REQUEST_SENSOR
MLP,low,W000366,C0056,CLEAN,0,0.2665667515392913,0,1,0.8364948858176665,0.05995303091242788,PROCEED
MLP,low,W000371,C0056,CLEAN,0,0.10200003379483522,0,1,0.4753036778365724,0.030599912998576263,PROCEED
MLP,low,W000376,C0056,CLEAN,0,0.29759047111580195,0,1,0.878325535755538,0.04534164713239773,PROCEED
MLP,low,W000381,C0056,CLEAN,0,0.35726528794533363,0,1,0.940389732520365,0.05019919412673256,PROCEED
MLP,low,W000386,C0056,CLEAN,0,0.40652958749401197,0,1,0.9746422403887572,0.05404013407429456,VERIFY
MLP,low,W000391,C0056,CLEAN,0,0.46729697081958804,1,0,0.9969119056039369,0.0567593864578585,VERIFY
MLP,low,W000396,C0056,CLEAN,0,0.12774466155030045,0,1,0.5512203079660389,0.08209744149226655,PROCEED
MLP,low,W000401,C0056,CLEAN,0,0.030906166315351695,0,1,0.19891607773403103,0.07368842670153766,PROCEED
MLP,low,W000405,C0056,CLEAN,0,0.0004779483863503899,0,1,0.005961549525637012,0.05263347388696177,PROCEED
MLP,low,W000406,C0056,LEAK,0,4.922724948658863e-08,0,1,1.2660590218403542e-06,0.10385081816659163,REQUEST_SENSOR
MLP,low,W000411,C0056,LEAK,0,0.26656654178103034,0,1,0.8364945795350314,0.059953031983909624,PROCEED
MLP,low,W000416,C0056,LEAK,0,0.10200007747123267,0,1,0.47530381489945883,0.030599912630129664,PROCEED
MLP,low,W000421,C0056,LEAK,0,0.29759047111580195,0,1,0.878325535755538,0.04534164713239773,PROCEED
MLP,low,W000426,C0056,LEAK,0,0.3572652468848628,0,1,0.9403896977327936,0.05019919618536956,PROCEED
MLP,low,W000431,C0056,LEAK,1,0.9999895621877779,1,1,0.00018778155089146445,0.029500636203125763,PROCEED
MLP,low,W000436,C0056,LEAK,1,0.9999916093809963,1,1,0.0001535943109666772,0.05829260703029243,PROCEED
MLP,low,W000441,C0056,LEAK,0,0.02254781018494403,0,1,0.15551620294394108,0.07068307166955619,PROCEED
MLP,low,W000446,C0056,LEAK,0,0.006614606191919823,0,1,0.05740183083570132,0.06314546730586897,PROCEED
MLP,low,W000450,C0056,LEAK,0,6.351782924106833e-05,0,1,0.0009772299387169616,0.038623092457045344,PROCEED
GCN_GRU,low,W000361,C0056,CLEAN,0,0.03451638882528689,0,1,0.21655858028428654,0.0980599405297537,PROCEED
GCN_GRU,low,W000366,C0056,CLEAN,0,0.12251518971362817,0,1,0.5365477446695671,0.12533065442803,PROCEED
GCN_GRU,low,W000371,C0056,CLEAN,0,0.2529035411046341,0,1,0.8158477774712644,0.21491083590345472,PROCEED
GCN_GRU,low,W000376,C0056,CLEAN,0,0.29217278215484904,0,1,0.87151145760946,0.267831026533333,PROCEED
GCN_GRU,low,W000381,C0056,CLEAN,0,0.33340842574521734,0,1,0.9183709081629275,0.308212802494354,REQUEST_SENSOR
GCN_GRU,low,W000386,C0056,CLEAN,0,0.3880593381158646,1,0,0.9635357447973514,0.23872146019698443,VERIFY
GCN_GRU,low,W000391,C0056,CLEAN,0,0.13684298715611581,0,1,0.575910786198843,0.07963728947068988,PROCEED
GCN_GRU,low,W000396,C0056,CLEAN,0,0.10324328288060554,0,1,0.47919304562997267,0.07382468200469149,PROCEED
GCN_GRU,low,W000401,C0056,CLEAN,0,0.06246526310026589,0,1,0.3371543384924603,0.06990817165056065,PROCEED
GCN_GRU,low,W000405,C0056,CLEAN,0,0.0778259166656037,0,1,0.3944719589914587,0.10254582189745763,PROCEED
GCN_GRU,low,W000406,C0056,LEAK,0,0.03451638882528689,0,1,0.21655858028428654,0.0980599417608872,PROCEED
GCN_GRU,low,W000411,C0056,LEAK,0,0.12251516408238913,0,1,0.5365476718662447,0.1253306555235762,PROCEED
GCN_GRU,low,W000416,C0056,LEAK,0,0.2529034960570341,0,1,0.8158477070750438,0.21491079096743423,PROCEED
GCN_GRU,low,W000421,C0056,LEAK,0,0.29217279448155753,0,1,0.8715114733454329,0.26783102594846975,PROCEED
GCN_GRU,low,W000426,C0056,LEAK,0,0.3334083992512814,0,1,0.9183708816819048,0.308212799413173,REQUEST_SENSOR
GCN_GRU,low,W000431,C0056,LEAK,1,0.3537368216593972,0,0,0.9373611501323905,0.16600145052782433,PROCEED
GCN_GRU,low,W000436,C0056,LEAK,1,0.16981089673963598,0,0,0.6572720076821928,0.0819718311929688,PROCEED
GCN_GRU,low,W000441,C0056,LEAK,0,0.127845766104478,0,1,0.5515004518151899,0.10451899500765936,PROCEED
GCN_GRU,low,W000446,C0056,LEAK,0,0.05227181474418925,0,1,0.29597018265938285,0.0656756323396121,PROCEED
GCN_GRU,low,W000450,C0056,LEAK,0,0.05596164502069266,0,1,0.3112010427594487,0.06591271040417004,PROCEED
MLP,low,W000451,C0059,CLEAN,0,6.107540890485475e-08,0,1,1.5517751703858864e-06,0.09815946056036046,PROCEED
MLP,low,W000456,C0059,CLEAN,0,0.2602433130178666,0,1,0.827113313244401,0.05364168908136937,PROCEED
MLP,low,W000461,C0059,CLEAN,0,0.2352821647709432,0,1,0.7871062604831944,0.028360261504129965,PROCEED
MLP,low,W000466,C0059,CLEAN,0,0.1294562051890102,0,1,0.5559449374178719,0.04437304755174758,PROCEED
MLP,low,W000471,C0059,CLEAN,0,0.22062400059674742,0,1,0.7613052740092158,0.043123785806476495,PROCEED
MLP,low,W000476,C0059,CLEAN,0,0.2997653369123519,0,1,0.8810038596689005,0.051227396404007544,PROCEED
MLP,low,W000481,C0059,CLEAN,0,0.398799913087276,0,1,0.9702442584529657,0.05388091348014991,PROCEED
MLP,low,W000486,C0059,CLEAN,0,0.11875442161329246,0,1,0.5257698588721404,0.07249191948181735,PROCEED
MLP,low,W000491,C0059,CLEAN,0,0.05266884603003744,0,1,0.2976276297712016,0.07563625604364663,PROCEED
MLP,low,W000495,C0059,CLEAN,0,0.0003401263541968292,0,1,0.004409429091591575,0.04676327037256141,PROCEED
MLP,low,W000496,C0059,LEAK,0,6.107505942958294e-08,0,1,1.5517667952348084e-06,0.09815944304249616,PROCEED
MLP,low,W000501,C0059,LEAK,0,0.26024138524074514,0,1,0.8271104077045801,0.05364168745506086,PROCEED
MLP,low,W000506,C0059,LEAK,0,0.23528699075550175,0,1,0.7871144671481682,0.028360233718707238,PROCEED
MLP,low,W000511,C0059,LEAK,1,1.0,1,1,4.1304950338020633e-11,0.08577985477772249,PROCEED
MLP,low,W000516,C0059,LEAK,1,1.0,1,1,4.1304950338020633e-11,0.06850967816459033,PROCEED
MLP,low,W000521,C0059,LEAK,1,1.0,1,1,4.1304950338020633e-11,0.06565332262788567,PROCEED
MLP,low,W000526,C0059,LEAK,1,1.0,1,1,4.1304950338020633e-11,0.08998120381686207,PROCEED
MLP,low,W000531,C0059,LEAK,1,1.0,1,1,4.1304950338020633e-11,0.10377320715192118,REQUEST_SENSOR
MLP,low,W000536,C0059,LEAK,0,3.955005790407389e-09,0,1,1.1610460572866986e-07,0.1225755600945457,REQUEST_SENSOR
MLP,low,W000540,C0059,LEAK,0,2.035580725260657e-07,0,1,4.8183724737213696e-06,0.12678229407841618,REQUEST_SENSOR
GCN_GRU,low,W000451,C0059,CLEAN,0,0.08530753009270306,0,1,0.4206099060759864,0.15058903511769653,PROCEED
GCN_GRU,low,W000456,C0059,CLEAN,0,0.08202566166131663,0,1,0.4092768244344452,0.10849427082274335,PROCEED
GCN_GRU,low,W000461,C0059,CLEAN,0,0.21155144296002454,0,1,0.7444378193602752,0.12404250578600219,PROCEED
GCN_GRU,low,W000466,C0059,CLEAN,0,0.23902373137860844,0,1,0.7934130060393021,0.10375016026238182,PROCEED
GCN_GRU,low,W000471,C0059,CLEAN,0,0.2736439403915551,0,1,0.8466450019536106,0.15066199396478652,PROCEED
GCN_GRU,low,W000476,C0059,CLEAN,0,0.2816656525392486,0,1,0.8577104637477035,0.19542171592348104,PROCEED
GCN_GRU,low,W000481,C0059,CLEAN,0,0.9994688296612987,1,0,0.006544469859028649,0.2808940219935546,REQUEST_SENSOR
GCN_GRU,low,W000486,C0059,CLEAN,0,0.9985268582780615,1,0,0.01598140732475428,0.2740067447114739,PROCEED
GCN_GRU,low,W000491,C0059,CLEAN,0,0.9980957503899789,1,0,0.01995250314427935,0.2999891604014957,REQUEST_SENSOR
GCN_GRU,low,W000495,C0059,CLEAN,0,0.9990633406518762,1,0,0.010773649804514488,0.2391904873149493,PROCEED
GCN_GRU,low,W000496,C0059,LEAK,0,0.08530799518982211,0,1,0.4206114978883063,0.150589029483742,PROCEED
GCN_GRU,low,W000501,C0059,LEAK,0,0.08202578732758573,0,1,0.4092772622941038,0.10849427406647769,PROCEED
GCN_GRU,low,W000506,C0059,LEAK,0,0.21155138330862128,0,1,0.7444377061414134,0.12404240685357543,PROCEED
GCN_GRU,low,W000511,C0059,LEAK,1,0.9999999458593187,1,1,1.384994787667801e-06,0.1364034948103718,PROCEED
GCN_GRU,low,W000516,C0059,LEAK,1,0.9999964620954006,1,1,6.917086738548321e-05,0.11228976256273937,PROCEED
GCN_GRU,low,W000521,C0059,LEAK,1,0.9942175966280524,1,1,0.051305130762385166,0.3081540442906483,REQUEST_SENSOR
GCN_GRU,low,W000526,C0059,LEAK,1,0.9999973276357731,1,1,5.3330088087240457e-05,0.3221626537752343,REQUEST_SENSOR
GCN_GRU,low,W000531,C0059,LEAK,1,0.9999972272300219,1,1,5.518625695850267e-05,0.31007014017700274,REQUEST_SENSOR
GCN_GRU,low,W000536,C0059,LEAK,0,0.005177035235022957,0,1,0.04676215206682075,0.4233355462472814,REQUEST_SENSOR
GCN_GRU,low,W000540,C0059,LEAK,0,0.004591073477189795,0,1,0.0422669419137778,0.4151056417008947,REQUEST_SENSOR
MLP,low,W000541,C0070,CLEAN,0,7.750884152986562e-09,0,1,2.2001417154140375e-07,0.0882197197349015,PROCEED
MLP,low,W000546,C0070,CLEAN,0,0.3416187885583908,0,1,0.9263593571536108,0.056399799814754105,PROCEED
MLP,low,W000551,C0070,CLEAN,0,0.17046645989959888,0,1,0.6587707299365719,0.040838696251825235,PROCEED
MLP,low,W000556,C0070,CLEAN,0,0.2179841614344049,0,1,0.7564695213551609,0.03162657716728869,PROCEED
MLP,low,W000561,C0070,CLEAN,0,0.3632557806492968,0,1,0.9453525874718317,0.037704707691969125,PROCEED
MLP,low,W000566,C0070,CLEAN,0,0.33560781883073687,0,1,0.9205535457409554,0.05626071128193434,PROCEED
MLP,low,W000571,C0070,CLEAN,0,0.4848498712469509,1,0,0.9993376254216825,0.03319038201804464,VERIFY
MLP,low,W000576,C0070,CLEAN,0,0.07523316218881937,0,1,0.38515607361493925,0.06682236044552421,PROCEED
MLP,low,W000581,C0070,CLEAN,0,0.019135278952707623,0,1,0.13655746812123978,0.05595716652001987,PROCEED
MLP,low,W000585,C0070,CLEAN,0,9.42542271307145e-05,0,1,0.0013964433143930696,0.018337284278440617,PROCEED
MLP,low,W000586,C0070,LEAK,0,7.750869369362483e-09,0,1,2.200137732517937e-07,0.08821971948504023,PROCEED
MLP,low,W000591,C0070,LEAK,1,0.579326647211682,1,1,0.9817661084776149,0.02977708177484121,VERIFY
MLP,low,W000596,C0070,LEAK,1,0.9990567699655756,1,1,0.01083971005715418,0.0442914022093601,PROCEED
MLP,low,W000601,C0070,LEAK,1,0.9990987116939685,1,1,0.010416881512385895,0.040438647444600295,PROCEED
MLP,low,W000606,C0070,LEAK,1,0.9995859109323171,1,1,0.005250718763932088,0.03142904448709867,PROCEED
MLP,low,W000611,C0070,LEAK,1,0.9996826957732315,1,1,0.0041453613445279905,0.04228944099973774,PROCEED
MLP,low,W000616,C0070,LEAK,0,0.07695627983470618,0,1,0.3913625836242426,0.04447527081252617,PROCEED
MLP,low,W000621,C0070,LEAK,0,0.006589737326215169,0,1,0.05722194716872468,0.038687071411241766,PROCEED
MLP,low,W000626,C0070,LEAK,0,0.0003386522308103631,0,1,0.004392440876883918,0.0394153650816884,PROCEED
MLP,low,W000630,C0070,LEAK,0,2.7798427323335338e-05,0,1,0.00046082320832522926,0.02084119873787601,PROCEED
GCN_GRU,low,W000541,C0070,CLEAN,0,0.06107585405263963,0,1,0.33170093608329293,0.14537748156376779,PROCEED
GCN_GRU,low,W000546,C0070,CLEAN,0,0.11528176461583545,0,1,0.515644618017082,0.139454858843424,PROCEED
GCN_GRU,low,W000551,C0070,CLEAN,0,0.25234610119767203,0,1,0.8149754751499079,0.1924007490196843,PROCEED
GCN_GRU,low,W000556,C0070,CLEAN,0,0.22823277830391123,0,1,0.774917895678437,0.15157920000586161,PROCEED
GCN_GRU,low,W000561,C0070,CLEAN,0,0.26953765500598453,0,1,0.8408004176311359,0.1420897936714539,PROCEED
GCN_GRU,low,W000566,C0070,CLEAN,0,0.45397732368124805,1,0,0.9938798343611064,0.15674405433388405,VERIFY
GCN_GRU,low,W000571,C0070,CLEAN,0,0.16367723957190972,0,1,0.6430345483474733,0.10541686907492039,PROCEED
GCN_GRU,low,W000576,C0070,CLEAN,0,0.06177128919447155,0,1,0.3344365119915953,0.0817019056477173,PROCEED
GCN_GRU,low,W000581,C0070,CLEAN,0,0.05986378854570544,0,1,0.32690397311065983,0.10340457560915503,PROCEED
GCN_GRU,low,W000585,C0070,CLEAN,0,0.23450457719387022,0,1,0.7857815191926159,0.17404234122960796,PROCEED
GCN_GRU,low,W000586,C0070,LEAK,0,0.06107585405263963,0,1,0.33170093608329293,0.1453774712443241,PROCEED
GCN_GRU,low,W000591,C0070,LEAK,1,0.11947707391123151,0,0,0.5278558601129254,0.13751093731343086,PROCEED
GCN_GRU,low,W000596,C0070,LEAK,1,0.2778949775109942,0,0,0.8525666904593228,0.12092962866698576,PROCEED
GCN_GRU,low,W000601,C0070,LEAK,1,0.33914841070935564,0,0,0.9240014603855866,0.12187891243109253,PROCEED
GCN_GRU,low,W000606,C0070,LEAK,1,0.4822737800114511,1,1,0.9990931659556711,0.15158362122751207,VERIFY
GCN_GRU,low,W000611,C0070,LEAK,1,0.38117315458217527,1,1,0.9588663725187134,0.22631340442994624,PROCEED
GCN_GRU,low,W000616,C0070,LEAK,0,0.19174660002541025,0,1,0.7051109465513439,0.19973449033432783,PROCEED
GCN_GRU,low,W000621,C0070,LEAK,0,0.07786627415402629,0,1,0.3946158863457174,0.18288123203245438,PROCEED
GCN_GRU,low,W000626,C0070,LEAK,0,0.0573891468296117,0,1,0.31699241449617854,0.11081071576244873,PROCEED
GCN_GRU,low,W000630,C0070,LEAK,0,0.0636635265409003,0,1,0.34181926659859063,0.12088484603190688,PROCEED
MLP,low,W000631,C0076,CLEAN,0,4.548356340947377e-09,0,1,1.3260597648681012e-07,0.09044210337123934,PROCEED
MLP,low,W000636,C0076,CLEAN,0,0.3552192085584903,0,1,0.9386430750542873,0.05346175006840463,PROCEED
MLP,low,W000641,C0076,CLEAN,0,0.13927049320132048,0,1,0.5823251060368558,0.05462242038568568,PROCEED
MLP,low,W000646,C0076,CLEAN,0,0.1807564740302949,0,1,0.6817291350929199,0.037748558880252955,PROCEED
MLP,low,W000651,C0076,CLEAN,0,0.32456320730049365,0,1,0.9092749199437536,0.038945923382876536,PROCEED
MLP,low,W000656,C0076,CLEAN,0,0.31755659859703783,0,1,0.9017045313352959,0.05998507417402824,PROCEED
MLP,low,W000661,C0076,CLEAN,0,0.4773126309183641,1,0,0.9985143314490695,0.039776304822990535,VERIFY
MLP,low,W000666,C0076,CLEAN,0,0.0663642532477547,0,1,0.35220687807782286,0.05814257711829823,PROCEED
MLP,low,W000671,C0076,CLEAN,0,0.015416190321057855,0,1,0.11486490751050805,0.043299456562362934,PROCEED
MLP,low,W000675,C0076,CLEAN,0,5.736951709764361e-06,0,1,0.00010816434467193503,0.01470515640984563,PROCEED
MLP,low,W000676,C0076,LEAK,0,4.548338990378053e-09,0,1,1.326054957125077e-07,0.09044209046179547,PROCEED
MLP,low,W000681,C0076,LEAK,0,0.3552190447373901,0,1,0.938642934151811,0.05346174910921869,PROCEED
MLP,low,W000686,C0076,LEAK,0,0.13927112196783198,0,1,0.5823267582255622,0.05462246036440137,PROCEED
MLP,low,W000691,C0076,LEAK,0,0.180757462596891,0,1,0.681731290405584,0.03774856471078837,PROCEED
MLP,low,W000696,C0076,LEAK,1,1.0,1,1,4.1304950338020633e-11,0.09489787761429042,PROCEED
MLP,low,W000701,C0076,LEAK,1,1.0,1,1,4.1304950338020633e-11,0.07044047996000354,PROCEED
MLP,low,W000706,C0076,LEAK,1,1.0,1,1,4.1304950338020633e-11,0.10464386198630277,REQUEST_SENSOR
MLP,low,W000711,C0076,LEAK,1,1.0,1,1,4.1304950338020633e-11,0.09969907700503208,REQUEST_SENSOR
MLP,low,W000716,C0076,LEAK,0,1.999321504891864e-08,0,1,5.401888660948628e-07,0.12491314488550476,REQUEST_SENSOR
MLP,low,W000720,C0076,LEAK,0,2.924704677556164e-07,0,1,6.770077297994217e-06,0.11761637988542242,REQUEST_SENSOR
GCN_GRU,low,W000631,C0076,CLEAN,0,0.03634233222612831,0,1,0.22526290551502653,0.18286844373495864,PROCEED
GCN_GRU,low,W000636,C0076,CLEAN,0,0.10924306866615796,0,1,0.49762859471624393,0.10159674795472144,PROCEED
GCN_GRU,low,W000641,C0076,CLEAN,0,0.2457097098357366,0,1,0.8044070890587787,0.19498406451667627,PROCEED
GCN_GRU,low,W000646,C0076,CLEAN,0,0.22366415428367142,0,1,0.7668019254447781,0.15595500236033366,PROCEED
GCN_GRU,low,W000651,C0076,CLEAN,0,0.2628694167361188,0,1,0.8310455653912104,0.13334418853854915,PROCEED
GCN_GRU,low,W000656,C0076,CLEAN,0,0.3764334856445087,1,0,0.9554841113273675,0.13772188878878427,PROCEED
GCN_GRU,low,W000661,C0076,CLEAN,0,0.1453690256721984,0,1,0.5981289117576591,0.0874353014547258,PROCEED
GCN_GRU,low,W000666,C0076,CLEAN,0,0.05596083890525443,0,1,0.3111977567538409,0.07653945526238667,PROCEED
GCN_GRU,low,W000671,C0076,CLEAN,0,0.060271858397580626,0,1,0.32852315148746086,0.06394775855064608,PROCEED
GCN_GRU,low,W000675,C0076,CLEAN,0,0.08821359066943688,0,1,0.4304787387950877,0.10295179980409029,PROCEED
GCN_GRU,low,W000676,C0076,LEAK,0,0.03634233222612831,0,1,0.22526290551502653,0.18286845181166111,PROCEED
GCN_GRU,low,W000681,C0076,LEAK,0,0.10924309186643853,0,1,0.49762866495485875,0.1015967487487531,PROCEED
GCN_GRU,low,W000686,C0076,LEAK,0,0.24570968774191096,0,1,0.8044070533073218,0.19498408443211024,PROCEED
GCN_GRU,low,W000691,C0076,LEAK,0,0.2236640507870771,0,1,0.7668017396324498,0.1559549210747116,PROCEED
GCN_GRU,low,W000696,C0076,LEAK,1,0.9999999540491217,1,1,1.1863610323657838e-06,0.13482904832388531,PROCEED
GCN_GRU,low,W000701,C0076,LEAK,1,0.9999985569036562,1,1,3.0081480306483695e-05,0.12970745958802013,PROCEED
GCN_GRU,low,W000706,C0076,LEAK,1,0.9999991486546354,1,1,1.839454814523666e-05,0.29021531020358293,REQUEST_SENSOR
GCN_GRU,low,W000711,C0076,LEAK,1,0.9999991241169461,1,1,1.888881467071532e-05,0.2785590071195079,REQUEST_SENSOR
GCN_GRU,low,W000716,C0076,LEAK,0,0.004656378414026205,0,1,0.04277305871968669,0.41910908869479646,REQUEST_SENSOR
GCN_GRU,low,W000720,C0076,LEAK,0,0.004429504998890073,0,1,0.041008950388458996,0.4072264814216121,REQUEST_SENSOR
MLP,low,W000721,C0090,CLEAN,0,1.8798230077947937e-08,0,1,5.095734533246306e-07,0.08805704688845482,PROCEED
MLP,low,W000726,C0090,CLEAN,0,0.4561232348679655,0,1,0.9944379806502306,0.047815296523667596,VERIFY
MLP,low,W000731,C0090,CLEAN,0,0.29863686592887345,0,1,0.879618226262118,0.03230455317881072,PROCEED
MLP,low,W000736,C0090,CLEAN,0,0.312837637302315,0,1,0.8964219134742468,0.04698628010291817,PROCEED
MLP,low,W000741,C0090,CLEAN,0,0.409506315980795,0,1,0.9762405128248363,0.06469349242404288,VERIFY
MLP,low,W000746,C0090,CLEAN,0,0.33624030896904944,0,1,0.9211754184146695,0.05062646365225714,PROCEED
MLP,low,W000751,C0090,CLEAN,0,0.4411030316715103,0,1,0.9899677303954149,0.0673677601398189,VERIFY
MLP,low,W000756,C0090,CLEAN,0,0.08499919425387938,0,1,0.4195537339438646,0.08822341917276896,PROCEED
MLP,low,W000761,C0090,CLEAN,0,0.03226599789591658,0,1,0.20563143495753852,0.07719949833991344,PROCEED
MLP,low,W000765,C0090,CLEAN,0,0.0027417500945490906,0,1,0.027284259246487936,0.06327389304305896,PROCEED
MLP,low,W000766,C0090,LEAK,0,1.8798230077947937e-08,0,1,5.095734533246306e-07,0.08805704756012334,PROCEED
MLP,low,W000771,C0090,LEAK,0,0.45612361192149886,0,1,0.9944380763671682,0.04781529440531064,VERIFY
MLP,low,W000776,C0090,LEAK,0,0.2986369283507022,0,1,0.8796183031513987,0.03230455403420032,PROCEED
MLP,low,W000781,C0090,LEAK,0,0.3128375988626402,0,1,0.8964218698361038,0.04698628265123707,PROCEED
MLP,low,W000786,C0090,LEAK,0,0.4095063448069001,0,1,0.9762405280460529,0.06469349254189803,VERIFY
MLP,low,W000791,C0090,LEAK,1,0.9999999993194411,1,1,2.1706601607928797e-08,0.05716526050578645,PROCEED
MLP,low,W000796,C0090,LEAK,1,1.0,1,1,4.1304950338020633e-11,0.0744755355202716,PROCEED
MLP,low,W000801,C0090,LEAK,1,0.9999999999999951,1,1,4.1304950338020633e-11,0.052141829361780925,PROCEED
MLP,low,W000806,C0090,LEAK,1,0.999999999172114,1,1,2.617158194858155e-08,0.04439033727738925,PROCEED
MLP,low,W000810,C0090,LEAK,0,1.5906609154052856e-06,0,1,3.293405547043712e-05,0.05197668682168385,PROCEED
GCN_GRU,low,W000721,C0090,CLEAN,0,0.028822055695898206,0,1,0.18844968515123714,0.1048316941838015,PROCEED
GCN_GRU,low,W000726,C0090,CLEAN,0,0.12046161241936987,0,1,0.5306863019616684,0.12124388790123655,PROCEED
GCN_GRU,low,W000731,C0090,CLEAN,0,0.2923447571148887,0,1,0.871730893474242,0.19086885313205298,PROCEED
GCN_GRU,low,W000736,C0090,CLEAN,0,0.31386213288348425,0,1,0.8975814388028022,0.14104916276331209,PROCEED
GCN_GRU,low,W000741,C0090,CLEAN,0,0.6010163368488569,1,0,0.970352970009512,0.16378923631450232,VERIFY
GCN_GRU,low,W000746,C0090,CLEAN,0,0.6179578668951698,1,0,0.9594715574990533,0.18941769050199522,PROCEED
GCN_GRU,low,W000751,C0090,CLEAN,0,0.09534321317151642,0,1,0.4540576621430583,0.10473694043423318,PROCEED
GCN_GRU,low,W000756,C0090,CLEAN,0,0.06603982170973989,0,1,0.35096814514440094,0.09951609922064533,PROCEED
GCN_GRU,low,W000761,C0090,CLEAN,0,0.04521726967815902,0,1,0.26572185971783974,0.08765517131648819,PROCEED
GCN_GRU,low,W000765,C0090,CLEAN,0,0.07598786552177093,0,1,0.38788194736547066,0.07248699670354893,PROCEED
GCN_GRU,low,W000766,C0090,LEAK,0,0.028822055695898206,0,1,0.18844968515123714,0.10483168572227027,PROCEED
GCN_GRU,low,W000771,C0090,LEAK,0,0.1204615997890732,0,1,0.5306862657357907,0.12124388739422248,PROCEED
GCN_GRU,low,W000776,C0090,LEAK,0,0.2923447571148887,0,1,0.871730893474242,0.1908688632717424,PROCEED
GCN_GRU,low,W000781,C0090,LEAK,0,0.31386212004746356,0,1,0.8975814243190529,0.1410491638420882,PROCEED
GCN_GRU,low,W000786,C0090,LEAK,0,0.6010163082629816,1,0,0.9703529869058923,0.1637892347507433,VERIFY
GCN_GRU,low,W000791,C0090,LEAK,1,0.9966450658914378,1,1,0.03240789893029984,0.11977633735847876,PROCEED
GCN_GRU,low,W000796,C0090,LEAK,1,0.9997935525322105,1,1,0.0028251270216579586,0.19442285123026293,PROCEED
GCN_GRU,low,W000801,C0090,LEAK,1,0.999830798950483,1,1,0.0023640003893114652,0.1726589627330138,PROCEED
GCN_GRU,low,W000806,C0090,LEAK,1,0.9983843087365797,1,1,0.017312393108324324,0.16691657775299457,PROCEED
GCN_GRU,low,W000810,C0090,LEAK,0,0.07399790376291686,0,1,0.3806689710061645,0.13382129591600095,PROCEED
MLP,low,W000811,C0092,CLEAN,0,2.065030638836779e-08,0,1,5.569791675933511e-07,0.09739390776281594,PROCEED
MLP,low,W000816,C0092,CLEAN,0,0.17366347083246764,0,1,0.666017023921693,0.05179621010354883,PROCEED
MLP,low,W000821,C0092,CLEAN,0,0.033634709658969864,0,1,0.21230435334343542,0.03754942420417261,PROCEED
MLP,low,W000826,C0092,CLEAN,0,0.07422393229473687,0,1,0.38149241146580076,0.04194447870132412,PROCEED
MLP,low,W000831,C0092,CLEAN,0,0.18320067608642598,0,1,0.6870290947541139,0.04647973302458159,PROCEED
MLP,low,W000836,C0092,CLEAN,0,0.2754272877268188,0,1,0.8491451009270256,0.0441316069511023,PROCEED
MLP,low,W000841,C0092,CLEAN,0,0.40590256728221646,0,1,0.9742988272079972,0.030689247453723402,VERIFY
MLP,low,W000846,C0092,CLEAN,0,0.04683704848607883,0,1,0.2728059059191349,0.05599907399160532,PROCEED
MLP,low,W000851,C0092,CLEAN,0,0.007799749755359125,0,1,0.06582528976702832,0.056215782897711786,PROCEED
MLP,low,W000855,C0092,CLEAN,0,7.258617515672959e-05,0,1,0.001102771879573318,0.02013095160253849,PROCEED
MLP,low,W000856,C0092,LEAK,0,2.065030638836779e-08,0,1,5.569791675933511e-07,0.0973939072007145,PROCEED
MLP,low,W000861,C0092,LEAK,0,0.17366328265482345,0,1,0.6660166004399354,0.051796208561333705,PROCEED
MLP,low,W000866,C0092,LEAK,0,0.03363470190955248,0,1,0.2123043158010256,0.037549425965658925,PROCEED
MLP,low,W000871,C0092,LEAK,0,0.07422385038042488,0,1,0.38149211323972715,0.041944477776206274,PROCEED
MLP,low,W000876,C0092,LEAK,1,1.0,1,1,4.1304950338020633e-11,0.10444368378553212,REQUEST_SENSOR
MLP,low,W000881,C0092,LEAK,1,0.9999999980312706,1,1,5.977610373706542e-08,0.07303990554827339,PROCEED
MLP,low,W000886,C0092,LEAK,1,0.9999907851548343,1,1,0.00016743647382172792,0.07060956132863719,PROCEED
MLP,low,W000891,C0092,LEAK,1,0.5691499444240318,1,1,0.9861585649418464,0.06465232031872913,VERIFY
MLP,low,W000896,C0092,LEAK,0,2.193107852248561e-05,0,1,0.0003710594384110503,0.10449230674336044,REQUEST_SENSOR
MLP,low,W000900,C0092,LEAK,0,5.303364182782304e-05,0,1,0.0008297319796590616,0.06038871264553929,PROCEED
GCN_GRU,low,W000811,C0092,CLEAN,0,0.25726294947486333,0,1,0.8225879745798105,0.20508625187159996,PROCEED
GCN_GRU,low,W000816,C0092,CLEAN,0,0.21329312982404525,0,1,0.747730462526182,0.18872184788116142,PROCEED
GCN_GRU,low,W000821,C0092,CLEAN,0,0.1995963098834009,0,1,0.7211199795648167,0.14447496237179402,PROCEED
GCN_GRU,low,W000826,C0092,CLEAN,0,0.2330194754572192,0,1,0.7832379050495855,0.17044092160448754,PROCEED
GCN_GRU,low,W000831,C0092,CLEAN,0,0.2884813042154028,0,1,0.8667513578570372,0.10848878221889868,PROCEED
GCN_GRU,low,W000836,C0092,CLEAN,0,0.3077507340267296,0,1,0.8905599830895948,0.115863649358246,PROCEED
GCN_GRU,low,W000841,C0092,CLEAN,0,0.16138923143923975,0,1,0.6376227029337197,0.0853116721263826,PROCEED
GCN_GRU,low,W000846,C0092,CLEAN,0,0.059311466248681874,0,1,0.3247056121969058,0.08312049421561306,PROCEED
GCN_GRU,low,W000851,C0092,CLEAN,0,0.03612635031119116,0,1,0.22424060804568685,0.08363232324407888,PROCEED
GCN_GRU,low,W000855,C0092,CLEAN,0,0.08779126286321046,0,1,0.4290540513556428,0.09148686584286334,PROCEED
GCN_GRU,low,W000856,C0092,LEAK,0,0.2572633139287756,0,1,0.8225885320508741,0.2050862689201866,PROCEED
GCN_GRU,low,W000861,C0092,LEAK,0,0.21329326984661806,0,1,0.7477307261870181,0.1887218735842438,PROCEED
GCN_GRU,low,W000866,C0092,LEAK,0,0.1995963098834009,0,1,0.7211199795648167,0.14447496288848038,PROCEED
GCN_GRU,low,W000871,C0092,LEAK,0,0.2330194754572192,0,1,0.7832379050495855,0.17044092348497586,PROCEED
GCN_GRU,low,W000876,C0092,LEAK,1,0.9999996080631992,1,1,8.906987351557558e-06,0.2145648864522844,PROCEED
GCN_GRU,low,W000881,C0092,LEAK,1,0.9999907959839225,1,1,0.00016725532003298064,0.19225403828904072,PROCEED
GCN_GRU,low,W000886,C0092,LEAK,1,0.9999832428348204,1,1,0.0002900253957715857,0.164477166703911,PROCEED
GCN_GRU,low,W000891,C0092,LEAK,1,0.9999545004526604,1,1,0.0007219163156980161,0.16270501293148815,PROCEED
GCN_GRU,low,W000896,C0092,LEAK,0,0.03135657425205521,0,1,0.20115004373911674,0.21789927775878615,PROCEED
GCN_GRU,low,W000900,C0092,LEAK,0,0.21450799624827466,0,1,0.7500117062995177,0.1634736895445392,PROCEED
MLP,low,W000901,C0093,CLEAN,0,2.104141723367431e-08,0,1,5.669586287822598e-07,0.09033415778188868,PROCEED
MLP,low,W000906,C0093,CLEAN,0,0.2541720379374751,0,1,0.8178239303301301,0.06016963924991553,PROCEED
MLP,low,W000911,C0093,CLEAN,0,0.07921668882985011,0,1,0.39941311314239636,0.040620385744087925,PROCEED
MLP,low,W000916,C0093,CLEAN,0,0.11464333940134282,0,1,0.5137647262421774,0.0408722991211035,PROCEED
MLP,low,W000921,C0093,CLEAN,0,0.2391596244376391,0,1,0.7936399690200868,0.04738920448224512,PROCEED
MLP,low,W000926,C0093,CLEAN,0,0.22334178300967564,0,1,0.7662227253192005,0.05216649702604657,PROCEED
MLP,low,W000931,C0093,CLEAN,0,0.408418373709942,0,1,0.9756625084005669,0.0458377263257991,VERIFY
MLP,low,W000936,C0093,CLEAN,0,0.0613023575146393,0,1,0.33259324390842254,0.06226569569757776,PROCEED
MLP,low,W000941,C0093,CLEAN,0,0.013849762901409513,0,1,0.10535034074440316,0.05284222245433194,PROCEED
MLP,low,W000945,C0093,CLEAN,0,7.640308132062545e-05,0,1,0.001155111413144491,0.01932698631292002,PROCEED
MLP,low,W000946,C0093,LEAK,0,2.104141723367431e-08,0,1,5.669586287822598e-07,0.0903341555199561,PROCEED
MLP,low,W000951,C0093,LEAK,0,0.2541718797491298,0,1,0.8178236846575928,0.060169636224486935,PROCEED
MLP,low,W000956,C0093,LEAK,0,0.07921663665810737,0,1,0.3994129285073346,0.04062038903059522,PROCEED
MLP,low,W000961,C0093,LEAK,1,0.9999999986026191,1,1,4.31194325246471e-08,0.06536653766129136,PROCEED
MLP,low,W000966,C0093,LEAK,1,0.999999999999968,1,1,4.1304950338020633e-11,0.09856362932331769,REQUEST_SENSOR
MLP,low,W000971,C0093,LEAK,1,0.9999999999999287,1,1,4.1304950338020633e-11,0.08449933683525435,PROCEED
MLP,low,W000976,C0093,LEAK,1,0.9999999593044507,1,1,1.0578095350414382e-06,0.04191622178364646,PROCEED
MLP,low,W000981,C0093,LEAK,1,0.9999882052710564,1,1,0.00021011348039577058,0.04968195904241782,PROCEED
MLP,low,W000986,C0093,LEAK,0,0.00028647746482329047,0,1,0.003784876980702267,0.03580831382020183,PROCEED
MLP,low,W000990,C0093,LEAK,0,4.6499622670454155e-05,0,1,0.0007363253827421941,0.023156188145729645,PROCEED
GCN_GRU,low,W000901,C0093,CLEAN,0,0.08299050125745615,0,1,0.412629734910811,0.08469174991014514,PROCEED
GCN_GRU,low,W000906,C0093,CLEAN,0,0.16050737395935138,0,1,0.6355219737223156,0.10592246170362848,PROCEED
GCN_GRU,low,W000911,C0093,CLEAN,0,0.2442092842413353,0,1,0.8019703786433231,0.18991022155576376,PROCEED
GCN_GRU,low,W000916,C0093,CLEAN,0,0.22241741347172087,0,1,0.764557127398196,0.1636981891513814,PROCEED
GCN_GRU,low,W000921,C0093,CLEAN,0,0.21744864323786345,0,1,0.7554813607139371,0.09609998353792198,PROCEED
GCN_GRU,low,W000926,C0093,CLEAN,0,0.2809453623017003,0,1,0.8567357373466319,0.1681010717811453,PROCEED
GCN_GRU,low,W000931,C0093,CLEAN,0,0.18747077860636177,0,1,0.6961504388893137,0.1078223564106187,PROCEED
GCN_GRU,low,W000936,C0093,CLEAN,0,0.07690999004743937,0,1,0.39119664593086234,0.09741726075071766,PROCEED
GCN_GRU,low,W000941,C0093,CLEAN,0,0.07434681537232707,0,1,0.3819396342999768,0.0836050605590759,PROCEED
GCN_GRU,low,W000945,C0093,CLEAN,0,0.15256581093573637,0,1,0.6162241744690461,0.10527741271595115,PROCEED
GCN_GRU,low,W000946,C0093,LEAK,0,0.0829905375462388,0,1,0.41262986068476354,0.08469173723713791,PROCEED
GCN_GRU,low,W000951,C0093,LEAK,0,0.1605073900221788,0,1,0.6355220120623245,0.1059224586961754,PROCEED
GCN_GRU,low,W000956,C0093,LEAK,0,0.2442092842413353,0,1,0.8019703786433231,0.18991021661272484,PROCEED
GCN_GRU,low,W000961,C0093,LEAK,1,0.999972933640651,1,1,0.0004497296235861389,0.4023602917116943,REQUEST_SENSOR
GCN_GRU,low,W000966,C0093,LEAK,1,0.9999991217582115,1,1,1.8936274337372223e-05,0.4688515470855594,REQUEST_SENSOR
GCN_GRU,low,W000971,C0093,LEAK,1,0.9999972347376193,1,1,5.5047650258799094e-05,0.46148722815902055,REQUEST_SENSOR
GCN_GRU,low,W000976,C0093,LEAK,1,0.9998369108158786,1,1,0.0022872652461964627,0.31290248250001906,REQUEST_SENSOR
GCN_GRU,low,W000981,C0093,LEAK,1,0.9999349354831545,1,1,0.0009987675045829804,0.2739502212202448,PROCEED
GCN_GRU,low,W000986,C0093,LEAK,0,0.06395307331874196,0,1,0.342941257237187,0.11027763428569498,PROCEED
GCN_GRU,low,W000990,C0093,LEAK,0,0.06794836199881936,0,1,0.35822027183975924,0.12421922331541466,PROCEED
MLP,low,W000991,C0097,CLEAN,0,5.7923389285316825e-08,0,1,1.4761181313105299e-06,0.05847903901073173,PROCEED
MLP,low,W000996,C0097,CLEAN,0,0.2806151107722214,0,1,0.8562875888796362,0.019564805442951937,PROCEED
MLP,low,W001001,C0097,CLEAN,0,0.11816564902023476,0,1,0.5240649930474577,0.04040264872094526,PROCEED
MLP,low,W001006,C0097,CLEAN,0,0.39497047897720994,0,1,0.9679323751988379,0.04241914864208174,PROCEED
MLP,low,W001011,C0097,CLEAN,0,0.3559550795792115,0,1,0.9392742921829512,0.0600597156856949,PROCEED
MLP,low,W001016,C0097,CLEAN,0,0.06366157949089328,0,1,0.3418117149424781,0.08588286606974405,PROCEED
MLP,low,W001021,C0097,CLEAN,0,0.05624133150342724,0,1,0.3123400721944124,0.018800378239614255,PROCEED
MLP,low,W001026,C0097,CLEAN,0,0.06788316170514538,0,1,0.3579739032675793,0.03621866051559281,PROCEED
MLP,low,W001031,C0097,CLEAN,0,0.018409211114646124,0,1,0.13241306938488998,0.030369622292572583,PROCEED
MLP,low,W001035,C0097,CLEAN,0,0.0010640028366625577,0,1,0.012042607056792642,0.049329306421272305,PROCEED
MLP,low,W001036,C0097,LEAK,0,5.792349976551315e-08,0,1,1.4761207873768006e-06,0.05847905421157311,PROCEED
MLP,low,W001041,C0097,LEAK,1,1.0,1,1,4.1304950338020633e-11,0.023491909797296207,PROCEED
MLP,low,W001046,C0097,LEAK,1,1.0,1,1,4.1304950338020633e-11,0.0926646391709085,PROCEED
MLP,low,W001051,C0097,LEAK,1,1.0,1,1,4.1304950338020633e-11,0.09259854812433882,PROCEED
MLP,low,W001056,C0097,LEAK,1,1.0,1,1,4.1304950338020633e-11,0.08742912477823872,PROCEED
MLP,low,W001061,C0097,LEAK,0,0.01289391838626372,0,1,0.09941880582910007,0.10690870694329992,REQUEST_SENSOR
MLP,low,W001066,C0097,LEAK,0,0.004608075908909523,0,1,0.04239884054848999,0.06859759865174693,PROCEED
MLP,low,W001071,C0097,LEAK,0,0.021505903536613857,0,1,0.14981427113139972,0.037559927186847544,PROCEED
MLP,low,W001076,C0097,LEAK,0,0.09123334442642592,0,1,0.4405732170738314,0.04682739907749178,PROCEED
MLP,low,W001080,C0097,LEAK,0,0.0013730144980811795,0,1,0.015034703161752982,0.06577689967822184,PROCEED
GCN_GRU,low,W000991,C0097,CLEAN,0,0.108232784225038,0,1,0.4945623818367319,0.08825110862434854,PROCEED
GCN_GRU,low,W000996,C0097,CLEAN,0,0.3279472248806722,0,1,0.9128153000562915,0.12956587854560794,PROCEED
GCN_GRU,low,W001001,C0097,CLEAN,0,0.17956955844438705,0,1,0.6791344940978014,0.11672164491194796,PROCEED
GCN_GRU,low,W001006,C0097,CLEAN,0,0.24276488036688232,0,1,0.7996080252279061,0.1552453489733109,PROCEED
GCN_GRU,low,W001011,C0097,CLEAN,0,0.340568068704216,0,1,0.9253612706184786,0.15550403785982875,PROCEED
GCN_GRU,low,W001016,C0097,CLEAN,0,0.3683485988319532,0,1,0.9493956584897942,0.19765315400118738,PROCEED
GCN_GRU,low,W001021,C0097,CLEAN,0,0.1352342695226453,0,1,0.5716204028020819,0.09480422629689664,PROCEED
GCN_GRU,low,W001026,C0097,CLEAN,0,0.12161703425801762,0,1,0.5339911875941069,0.12082081403736891,PROCEED
GCN_GRU,low,W001031,C0097,CLEAN,0,0.1365463536818218,0,1,0.5751220632489562,0.12594914486704528,PROCEED
GCN_GRU,low,W001035,C0097,CLEAN,0,0.17095286562382336,0,1,0.6598798969742762,0.165564944465601,PROCEED
GCN_GRU,low,W001036,C0097,LEAK,0,0.1082328762722379,0,1,0.4945626618929987,0.08825113203268907,PROCEED
GCN_GRU,low,W001041,C0097,LEAK,1,0.40564247824698724,1,1,0.9741556887275674,0.12784217091243982,VERIFY
GCN_GRU,low,W001046,C0097,LEAK,1,0.7918039548259056,1,1,0.7380203667806249,0.14324458010778582,PROCEED
GCN_GRU,low,W001051,C0097,LEAK,1,0.4883407799586985,1,1,0.9996077319859777,0.1887217929078556,VERIFY
GCN_GRU,low,W001056,C0097,LEAK,1,0.19631654220740527,0,0,0.7144997251724298,0.31744452196846284,REQUEST_SENSOR
GCN_GRU,low,W001061,C0097,LEAK,0,0.4993970620574455,1,0,0.9999989510618787,0.35860213231868876,ESCALATE
GCN_GRU,low,W001066,C0097,LEAK,0,0.37097879029322783,0,1,0.9514206702394511,0.2798624929676331,REQUEST_SENSOR
GCN_GRU,low,W001071,C0097,LEAK,0,0.26858133233503956,0,1,0.8394215634604963,0.201072301121951,PROCEED
GCN_GRU,low,W001076,C0097,LEAK,0,0.26641759334122284,0,1,0.8362770075709327,0.16047644616909956,PROCEED
GCN_GRU,low,W001080,C0097,LEAK,0,0.323880326358381,0,1,0.9085513603732681,0.24306206753502302,PROCEED
MLP,low,W001081,C0099,CLEAN,0,2.179460245438711e-08,0,1,5.861472835375071e-07,0.09644328648555126,PROCEED
MLP,low,W001086,C0099,CLEAN,0,0.9823337862657104,1,0,0.12812844028474074,0.029232902141206087,PROCEED
MLP,low,W001091,C0099,CLEAN,0,0.9976910015271245,1,0,0.02355073436668442,0.03314082702391219,PROCEED
MLP,low,W001096,C0099,CLEAN,0,0.9989548232604116,1,0,0.011856462153378886,0.03367340078109826,PROCEED
MLP,low,W001101,C0099,CLEAN,0,0.9991362000215167,1,0,0.010036566979981974,0.05386211420793722,PROCEED
MLP,low,W001106,C0099,CLEAN,0,0.9999534362124963,1,0,0.0007372488019180592,0.05474960315743427,PROCEED
MLP,low,W001111,C0099,CLEAN,0,0.9963576194800775,1,0,0.03475183255633812,0.0629385777131613,PROCEED
MLP,low,W001116,C0099,CLEAN,0,0.9798035969782181,1,0,0.14254187339016802,0.0708601021414626,PROCEED
MLP,low,W001121,C0099,CLEAN,0,0.5130560626083915,1,0,0.9995080982736414,0.06407263546577532,VERIFY
MLP,low,W001125,C0099,CLEAN,0,4.7875701002695485e-05,0,1,0.0007561012987039917,0.03385249431972965,PROCEED
MLP,low,W001126,C0099,LEAK,0,2.1794560884522466e-08,0,1,5.86146225592521e-07,0.09644328963349455,PROCEED
MLP,low,W001131,C0099,LEAK,0,0.9823337779906198,1,0,0.1281284882566674,0.02923290338023364,PROCEED
MLP,low,W001136,C0099,LEAK,1,0.9993696009544168,1,1,0.007611240911184614,0.03190205373734253,PROCEED
MLP,low,W001141,C0099,LEAK,1,0.9997608922110999,1,1,0.003221397332229168,0.03327018444670237,PROCEED
MLP,low,W001146,C0099,LEAK,1,0.9997967624361801,1,1,0.0027857963366597354,0.05032689864006655,PROCEED
MLP,low,W001151,C0099,LEAK,0,0.9999447909227565,1,0,0.0008605654296502209,0.052332633213255486,PROCEED
MLP,low,W001156,C0099,LEAK,0,0.9953072101767982,1,0,0.04305467148010436,0.06031823922558852,PROCEED
MLP,low,W001161,C0099,LEAK,0,0.9721538277795931,1,0,0.18347275790767628,0.06688612068645938,PROCEED
MLP,low,W001166,C0099,LEAK,0,0.44333253588762267,0,1,0.9907144927126712,0.07721755508695152,VERIFY
MLP,low,W001170,C0099,LEAK,0,3.9796266691975114e-05,0,1,0.0006391150579828493,0.03393552130213366,PROCEED
GCN_GRU,low,W001081,C0099,CLEAN,0,0.2811004648812656,0,1,0.8569459413648084,0.1479996451814578,PROCEED
GCN_GRU,low,W001086,C0099,CLEAN,0,0.10792490376413813,0,1,0.49362493739825647,0.1222125695771751,PROCEED
GCN_GRU,low,W001091,C0099,CLEAN,0,0.23320021406124786,0,1,0.7835484157874163,0.11234447858282728,PROCEED
GCN_GRU,low,W001096,C0099,CLEAN,0,0.2577838702613561,0,1,0.8233837551409351,0.09856463897420913,PROCEED
GCN_GRU,low,W001101,C0099,CLEAN,0,0.310063334126265,0,1,0.8932465532156949,0.21077483197599203,PROCEED
GCN_GRU,low,W001106,C0099,CLEAN,0,0.39779040525255654,1,0,0.9696433809813064,0.16531235935167116,VERIFY
GCN_GRU,low,W001111,C0099,CLEAN,0,0.40994845173203104,1,0,0.9764733932999795,0.13851556806801757,VERIFY
GCN_GRU,low,W001116,C0099,CLEAN,0,0.3493838582293487,0,1,0.9335165844842718,0.07930956690343406,PROCEED
GCN_GRU,low,W001121,C0099,CLEAN,0,0.34549508054368433,0,1,0.9299803032178914,0.12404607610685366,PROCEED
GCN_GRU,low,W001125,C0099,CLEAN,0,0.9998616508320296,1,0,0.001973134955128695,0.28344826720125055,REQUEST_SENSOR
GCN_GRU,low,W001126,C0099,LEAK,0,0.2811005853321318,0,1,0.8569461045400667,0.147999617807753,PROCEED
GCN_GRU,low,W001131,C0099,LEAK,0,0.10792490376413813,0,1,0.49362493739825647,0.12221255739487535,PROCEED
GCN_GRU,low,W001136,C0099,LEAK,1,0.2541560160475385,0,0,0.8177990467564334,0.1581276532674479,PROCEED
GCN_GRU,low,W001141,C0099,LEAK,1,0.281675035169921,0,0,0.8577231362890128,0.09698922928482145,PROCEED
GCN_GRU,low,W001146,C0099,LEAK,1,0.3686535551845474,0,0,0.9496326435676664,0.1709046093395007,PROCEED
GCN_GRU,low,W001151,C0099,LEAK,0,0.3984977028960697,1,0,0.970065020779286,0.16477389323055924,VERIFY
GCN_GRU,low,W001156,C0099,LEAK,0,0.47250418968052305,1,0,0.9978174877955178,0.1443826572915723,VERIFY
GCN_GRU,low,W001161,C0099,LEAK,0,0.36212600799194594,0,1,0.9444337963079965,0.07893407559543439,PROCEED
GCN_GRU,low,W001166,C0099,LEAK,0,0.358593426888375,0,1,0.9415094303196454,0.1262916103258983,PROCEED
GCN_GRU,low,W001170,C0099,LEAK,0,0.9998653477847861,1,0,0.001925671067914885,0.2835556093294592,REQUEST_SENSOR
MLP,low,W001171,C0102,CLEAN,0,1.1589584400546961e-08,0,1,3.2225176635528613e-07,0.09787002235918016,PROCEED
MLP,low,W001176,C0102,CLEAN,0,0.47585876926884646,1,0,0.9983177435169798,0.04662442994674658,VERIFY
MLP,low,W001181,C0102,CLEAN,0,0.0600039342483898,0,1,0.3274605364525943,0.04655532534498015,PROCEED
MLP,low,W001186,C0102,CLEAN,0,0.14565945696491134,0,1,0.5988706431687466,0.032526201865991505,PROCEED
MLP,low,W001191,C0102,CLEAN,0,0.24298531806222587,0,1,0.7999696128777504,0.0803197340166942,PROCEED
MLP,low,W001196,C0102,CLEAN,0,0.16614200898435835,0,1,0.6488027733855237,0.051361564467230114,PROCEED
MLP,low,W001201,C0102,CLEAN,0,0.34503407964706767,0,1,0.9295547026878213,0.0274822435537435,PROCEED
MLP,low,W001206,C0102,CLEAN,0,0.027206978719216734,0,1,0.18018551729589477,0.06263613584023908,PROCEED
MLP,low,W001211,C0102,CLEAN,0,0.007276177649624855,0,1,0.06213882728587286,0.06019274783326168,PROCEED
MLP,low,W001215,C0102,CLEAN,0,6.667041380658791e-05,0,1,0.0010210734376919293,0.02410585488943214,PROCEED
MLP,low,W001216,C0102,LEAK,0,1.1589606505945746e-08,0,1,3.222523490936958e-07,0.09787001777969632,PROCEED
MLP,low,W001221,C0102,LEAK,0,0.47585872838618154,1,0,0.9983177378170262,0.04662442800463787,VERIFY
MLP,low,W001226,C0102,LEAK,0,0.06000389390550263,0,1,0.32746037631044544,0.046555331513753934,PROCEED
MLP,low,W001231,C0102,LEAK,1,0.9997804250519762,1,1,0.002985239013229328,0.03071452769745709,PROCEED
MLP,low,W001236,C0102,LEAK,1,0.9999939234964194,1,1,0.00011406215681972044,0.030924314492998223,PROCEED
MLP,low,W001241,C0102,LEAK,1,0.9999981136722687,1,1,3.859177900971637e-05,0.04226135113751867,PROCEED
MLP,low,W001246,C0102,LEAK,1,0.9999871939395928,1,1,0.00022660963626613202,0.038580021181629835,PROCEED
MLP,low,W001251,C0102,LEAK,1,0.9984871804885201,1,1,0.016353802257638026,0.03249268359794896,PROCEED
MLP,low,W001256,C0102,LEAK,0,5.6690712142390306e-05,0,1,0.0008814942137713736,0.05004740175757824,PROCEED
MLP,low,W001260,C0102,LEAK,0,0.0008917756566228949,0,1,0.010320593808267275,0.021332578476477425,PROCEED
GCN_GRU,low,W001171,C0102,CLEAN,0,0.10737777286761799,0,1,0.49195550819487155,0.2588330814561456,PROCEED
GCN_GRU,low,W001176,C0102,CLEAN,0,0.11446846871861527,0,1,0.513248796602896,0.14539348283724235,PROCEED
GCN_GRU,low,W001181,C0102,CLEAN,0,0.2588258770482377,0,1,0.8249694313493093,0.1978204113324848,PROCEED
GCN_GRU,low,W001186,C0102,CLEAN,0,0.2446698059231296,0,1,0.8027201400326004,0.1115425305379113,PROCEED
GCN_GRU,low,W001191,C0102,CLEAN,0,0.2823911105679862,0,1,0.8586884441386747,0.16608054019286372,PROCEED
GCN_GRU,low,W001196,C0102,CLEAN,0,0.5712625617534993,1,0,0.9852969551015434,0.1661443870149606,VERIFY
GCN_GRU,low,W001201,C0102,CLEAN,0,0.1737239012916086,0,1,0.6661530003945382,0.0851007148799553,PROCEED
GCN_GRU,low,W001206,C0102,CLEAN,0,0.07185195044461212,0,1,0.3727970692453575,0.0847959814922711,PROCEED
GCN_GRU,low,W001211,C0102,CLEAN,0,0.04184873817143233,0,1,0.2507053065409247,0.061405985856481035,PROCEED
GCN_GRU,low,W001215,C0102,CLEAN,0,0.18790433735167336,0,1,0.697066852889491,0.1766289280557803,PROCEED
GCN_GRU,low,W001216,C0102,LEAK,0,0.10737777286761799,0,1,0.49195550819487155,0.2588330875095818,PROCEED
GCN_GRU,low,W001221,C0102,LEAK,0,0.11446844455121369,0,1,0.5132487252705481,0.14539346696544475,PROCEED
GCN_GRU,low,W001226,C0102,LEAK,0,0.2588258770482377,0,1,0.8249694313493093,0.1978203974769958,PROCEED
GCN_GRU,low,W001231,C0102,LEAK,1,0.6979291472860214,1,1,0.8838075824645691,0.13963137259920494,PROCEED
GCN_GRU,low,W001236,C0102,LEAK,1,0.9986238135075155,1,1,0.015064852295227466,0.12292642092895636,PROCEED
GCN_GRU,low,W001241,C0102,LEAK,1,0.999432025049237,1,1,0.006943022541959309,0.1339789615049684,PROCEED
GCN_GRU,low,W001246,C0102,LEAK,1,0.25522300031433676,0,0,0.8194519152540658,0.10445349696574266,PROCEED
GCN_GRU,low,W001251,C0102,LEAK,1,0.1434912083838371,0,0,0.5933094486909821,0.09680309106028523,PROCEED
GCN_GRU,low,W001256,C0102,LEAK,0,0.08973327828116436,0,1,0.4355789075969481,0.10613723492201806,PROCEED
GCN_GRU,low,W001260,C0102,LEAK,0,0.17319834361847858,0,1,0.6649691970517279,0.12740867606989914,PROCEED
MLP,low,W001261,C0113,CLEAN,0,4.641108793409766e-09,0,1,1.3517497796318294e-07,0.07008553110524574,PROCEED
MLP,low,W001266,C0113,CLEAN,0,0.2946516748843623,0,1,0.8746545531190187,0.04140626283720068,PROCEED
MLP,low,W001271,C0113,CLEAN,0,0.6033515573018775,1,0,0.968956265495664,0.0498951957624325,PROCEED
MLP,low,W001276,C0113,CLEAN,0,0.7186044567515534,1,0,0.857345374566953,0.03728396265206061,PROCEED
MLP,low,W001281,C0113,CLEAN,0,0.8536622689463769,1,0,0.6005990790100544,0.05531212085835319,PROCEED
MLP,low,W001286,C0113,CLEAN,0,0.8393471077630538,1,0,0.6358691947741438,0.07164787486559465,PROCEED
MLP,low,W001291,C0113,CLEAN,0,0.2820993332066429,0,1,0.85829555368859,0.0643949568185905,PROCEED
MLP,low,W001296,C0113,CLEAN,0,0.026608102737548787,0,1,0.17708542128252117,0.03238617230697494,PROCEED
MLP,low,W001301,C0113,CLEAN,0,0.03915656150303709,0,1,0.23841160072732218,0.056179363816960454,PROCEED
MLP,low,W001305,C0113,CLEAN,0,0.0005630122161706694,0,1,0.006889487587009587,0.0462117882705754,PROCEED
MLP,low,W001306,C0113,LEAK,0,4.641099941205737e-09,0,1,1.3517473286596424e-07,0.07008553263880149,PROCEED
MLP,low,W001311,C0113,LEAK,0,0.29465148906804994,0,1,0.8746543191156935,0.04140626565032235,PROCEED
MLP,low,W001316,C0113,LEAK,0,0.6033512720120116,1,0,0.9689564381351529,0.04989521406472203,PROCEED
MLP,low,W001321,C0113,LEAK,0,0.7186057102389626,1,0,0.8573436790962795,0.03728397676249531,PROCEED
MLP,low,W001326,C0113,LEAK,1,0.996364659273697,1,1,0.034694831077248946,0.05142316062363693,PROCEED
MLP,low,W001331,C0113,LEAK,1,0.9959726991324673,1,1,0.03783954063371589,0.0833396041301534,PROCEED
MLP,low,W001336,C0113,LEAK,1,0.6960474744639967,1,1,0.886068907037162,0.042560577170764384,PROCEED
MLP,low,W001341,C0113,LEAK,1,0.24024943662369871,0,0,0.7954548377614092,0.044580482180095214,PROCEED
MLP,low,W001346,C0113,LEAK,1,0.8202333242204672,1,1,0.6795663532143792,0.044521302588891074,PROCEED
MLP,low,W001350,C0113,LEAK,0,0.00020799114365322366,0,1,0.002844015838275096,0.0437590064953256,PROCEED
GCN_GRU,low,W001261,C0113,CLEAN,0,0.041337536989963994,0,1,0.24839149247990402,0.2067061171354642,PROCEED
GCN_GRU,low,W001266,C0113,CLEAN,0,0.12381891439103158,0,1,0.5402394917146743,0.133652038663313,PROCEED
GCN_GRU,low,W001271,C0113,CLEAN,0,0.24526454848026508,0,1,0.8036859729351191,0.19669458718844757,PROCEED
GCN_GRU,low,W001276,C0113,CLEAN,0,0.21336054843954216,0,1,0.7478573914782974,0.11225187723734029,PROCEED
GCN_GRU,low,W001281,C0113,CLEAN,0,0.35229356809063483,0,1,0.9360997432621458,0.18195957498248672,PROCEED
GCN_GRU,low,W001286,C0113,CLEAN,0,0.338528055172718,0,1,0.9234031853012084,0.2757045080501276,PROCEED
GCN_GRU,low,W001291,C0113,CLEAN,0,0.12195277539390784,0,1,0.5349481302271039,0.1041705730220432,PROCEED
GCN_GRU,low,W001296,C0113,CLEAN,0,0.10798554091647966,0,1,0.49380967958635225,0.11327815666343326,PROCEED
GCN_GRU,low,W001301,C0113,CLEAN,0,0.12525865823444876,0,1,0.5442901476835164,0.13746134728827875,PROCEED
GCN_GRU,low,W001305,C0113,CLEAN,0,0.12283428390755965,0,1,0.5374534214349562,0.14334327235930472,PROCEED
GCN_GRU,low,W001306,C0113,LEAK,0,0.04133752754173595,0,1,0.2483914496274772,0.20670613132725996,PROCEED
GCN_GRU,low,W001311,C0113,LEAK,0,0.1238188755927794,0,1,0.540239382187301,0.1336520349089335,PROCEED
GCN_GRU,low,W001316,C0113,LEAK,0,0.24526448227983008,0,1,0.8036858655823367,0.19669458156766056,PROCEED
GCN_GRU,low,W001321,C0113,LEAK,0,0.21336054843954216,0,1,0.7478573914782974,0.11225189123834894,PROCEED
GCN_GRU,low,W001326,C0113,LEAK,1,0.39234321059331406,1,1,0.9662950681304073,0.15219043803140514,VERIFY
GCN_GRU,low,W001331,C0113,LEAK,1,0.3669468754170582,0,0,0.948298943173714,0.28821294404999104,REQUEST_SENSOR
GCN_GRU,low,W001336,C0113,LEAK,1,0.1541662981320596,0,0,0.6201690000431314,0.11359871996333984,PROCEED
GCN_GRU,low,W001341,C0113,LEAK,1,0.11490078340086074,0,0,0.5145234852235898,0.12950913166604683,PROCEED
GCN_GRU,low,W001346,C0113,LEAK,1,0.15076460265928907,0,0,0.611750420201033,0.14939091661020149,PROCEED
GCN_GRU,low,W001350,C0113,LEAK,0,0.13873550580423732,0,1,0.5809176114044854,0.1450685919377035,PROCEED
MLP,low,W001351,C0120,CLEAN,0,6.468312847149391e-07,0,1,1.4232100543042726e-05,0.10554664967609634,REQUEST_SENSOR
MLP,low,W001356,C0120,CLEAN,0,0.9803554725377654,1,0,0.13943998964232995,0.039650838482972205,PROCEED
MLP,low,W001361,C0120,CLEAN,0,0.9966381487073099,1,0,0.0324647108724554,0.039877560595199146,PROCEED
MLP,low,W001366,C0120,CLEAN,0,0.9995358508934997,1,0,0.005809050815614218,0.03250232076448888,PROCEED
MLP,low,W001371,C0120,CLEAN,0,0.9991439709042116,1,0,0.009957441654185148,0.06478989922498117,PROCEED
MLP,low,W001376,C0120,CLEAN,0,0.998693367654628,1,0,0.014401287664900262,0.08127537967909754,PROCEED
MLP,low,W001381,C0120,CLEAN,0,0.15986377110747035,0,1,0.6339835522589937,0.03628789108368009,PROCEED
MLP,low,W001386,C0120,CLEAN,0,0.0037673264191451974,0,1,0.035760281064113705,0.044007407362950224,PROCEED
MLP,low,W001391,C0120,CLEAN,0,0.0005801506004223035,0,1,0.007074101963663801,0.0308530792233591,PROCEED
MLP,low,W001395,C0120,CLEAN,0,6.903797530480111e-05,0,1,0.001053857482630786,0.04196640178959503,PROCEED
MLP,low,W001396,C0120,LEAK,0,6.468325184480842e-07,0,1,1.4232125908648682e-05,0.10554665177530126,REQUEST_SENSOR
MLP,low,W001401,C0120,LEAK,1,0.9845804220747422,1,1,0.11488522241340522,0.038485034117993006,PROCEED
MLP,low,W001406,C0120,LEAK,1,0.99846066095601,1,1,0.01660185984346928,0.04289074128099543,PROCEED
MLP,low,W001411,C0120,LEAK,1,0.9996922780473522,1,1,0.004033791081112626,0.037672713943831856,PROCEED
MLP,low,W001416,C0120,LEAK,1,0.9992637454997592,1,1,0.008724374076828472,0.052857848523772615,PROCEED
MLP,low,W001421,C0120,LEAK,0,0.996803544844674,1,0,0.031100544150727136,0.08006709202449416,PROCEED
MLP,low,W001426,C0120,LEAK,0,0.10721538119042039,0,1,0.491459145522624,0.03641034634118867,PROCEED
MLP,low,W001431,C0120,LEAK,0,0.001916886867346964,0,1,0.020066605270813335,0.04516214531537342,PROCEED
MLP,low,W001436,C0120,LEAK,0,0.00039405200422575987,0,1,0.005024847559887946,0.034852141136959836,PROCEED
MLP,low,W001440,C0120,LEAK,0,6.99305617002532e-05,0,1,0.0010661866569076398,0.03876290921220288,PROCEED
GCN_GRU,low,W001351,C0120,CLEAN,0,0.1445230748485041,0,1,0.5959628534742425,0.11316153352544159,PROCEED
GCN_GRU,low,W001356,C0120,CLEAN,0,0.9999982051717053,1,0,3.684857240433075e-05,0.43819691718938775,REQUEST_SENSOR
GCN_GRU,low,W001361,C0120,CLEAN,0,0.6677398100475342,1,0,0.9172189503766097,0.3277281167709112,REQUEST_SENSOR
GCN_GRU,low,W001366,C0120,CLEAN,0,0.999052223386024,1,0,0.01088538166050863,0.43919053622290094,REQUEST_SENSOR
GCN_GRU,low,W001371,C0120,CLEAN,0,0.9956860043902775,1,0,0.04010436236528854,0.3337148401912029,REQUEST_SENSOR
GCN_GRU,low,W001376,C0120,CLEAN,0,0.33663229337850636,0,1,0.9215595245822928,0.17555675981781574,PROCEED
GCN_GRU,low,W001381,C0120,CLEAN,0,0.07939489919418298,0,1,0.4000434831543623,0.08228806100582055,PROCEED
GCN_GRU,low,W001386,C0120,CLEAN,0,0.07177755830658498,0,1,0.3725224089601148,0.10383211323763397,PROCEED
GCN_GRU,low,W001391,C0120,CLEAN,0,0.06867318779374264,0,1,0.36095262624016466,0.09829682193496078,PROCEED
GCN_GRU,low,W001395,C0120,CLEAN,0,0.12847238024991398,0,1,0.553233748450017,0.07800045305225074,PROCEED
GCN_GRU,low,W001396,C0120,LEAK,0,0.1445230748485041,0,1,0.5959628534742425,0.11316153676135192,PROCEED
GCN_GRU,low,W001401,C0120,LEAK,1,0.9999980828300883,1,1,3.9177911667834847e-05,0.4406338905937812,REQUEST_SENSOR
GCN_GRU,low,W001406,C0120,LEAK,1,0.4439971649584266,1,1,0.9909314835024324,0.3157161743920127,ESCALATE
GCN_GRU,low,W001411,C0120,LEAK,1,0.9970856138449631,1,1,0.028745123829562114,0.3774874145088448,REQUEST_SENSOR
GCN_GRU,low,W001416,C0120,LEAK,1,0.3986183776652511,1,1,0.9701366576293334,0.17762702966668287,VERIFY
GCN_GRU,low,W001421,C0120,LEAK,0,0.2955507572355262,0,1,0.8757839864021552,0.16525683951892972,PROCEED
GCN_GRU,low,W001426,C0120,LEAK,0,0.08323858128155892,0,1,0.4134889772509212,0.08833045099176885,PROCEED
GCN_GRU,low,W001431,C0120,LEAK,0,0.07624512672941712,0,1,0.38880845574403816,0.11054738879523487,PROCEED
GCN_GRU,low,W001436,C0120,LEAK,0,0.06803716990104337,0,1,0.35855568934795606,0.11068492202877273,PROCEED
GCN_GRU,low,W001440,C0120,LEAK,0,0.11939298639619103,0,1,0.5276135027875846,0.07342638235593293,PROCEED
MLP,low,W001441,C0133,CLEAN,0,7.0533578252752616e-09,0,1,2.0117402144893574e-07,0.08954200663603124,PROCEED
MLP,low,W001446,C0133,CLEAN,0,0.17331326056925145,0,1,0.6652282816121391,0.07519219849977338,PROCEED
MLP,low,W001451,C0133,CLEAN,0,0.0529232462946294,0,1,0.2986872513163383,0.05158139319356881,PROCEED
MLP,low,W001456,C0133,CLEAN,0,0.05282220373283454,0,1,0.29826661487642686,0.033640672908014854,PROCEED
MLP,low,W001461,C0133,CLEAN,0,0.20122769319378112,0,1,0.7243766964369489,0.0707121005652099,PROCEED
MLP,low,W001466,C0133,CLEAN,0,0.10762333456796255,0,1,0.4927053326866879,0.053929409256208,PROCEED
MLP,low,W001471,C0133,CLEAN,0,0.2905926399688531,0,1,0.8694855686030144,0.039846092397235924,PROCEED
MLP,low,W001476,C0133,CLEAN,0,0.05840758108783565,0,1,0.3210909063574218,0.045439862711304985,PROCEED
MLP,low,W001481,C0133,CLEAN,0,0.00817629720919103,0,1,0.06844474542157249,0.025769849670265944,PROCEED
MLP,low,W001485,C0133,CLEAN,0,5.367431007542485e-05,0,1,0.000838825609633816,0.015584055119374138,PROCEED
MLP,low,W001486,C0133,LEAK,0,7.053330918901961e-09,0,1,2.0117329290626313e-07,0.08954200793056938,PROCEED
MLP,low,W001491,C0133,LEAK,0,0.1733124578199675,0,1,0.66522647224516,0.07519219048107181,PROCEED
MLP,low,W001496,C0133,LEAK,0,0.05292350919757213,0,1,0.29868834538801314,0.051581440039304025,PROCEED
MLP,low,W001501,C0133,LEAK,1,1.0,1,1,4.1304950338020633e-11,0.0576277221382375,PROCEED
MLP,low,W001506,C0133,LEAK,1,1.0,1,1,4.1304950338020633e-11,0.0379859702246272,PROCEED
MLP,low,W001511,C0133,LEAK,0,0.006087032083247118,0,1,0.05355578123029879,0.052891512332312415,PROCEED
MLP,low,W001516,C0133,LEAK,0,0.005903723865046172,0,1,0.052204192135415516,0.04673775189648649,PROCEED
MLP,low,W001521,C0133,LEAK,0,0.024138407180601222,0,1,0.16408484797933398,0.07687724859996128,PROCEED
MLP,low,W001526,C0133,LEAK,0,0.0044456416133293415,0,1,0.04113497085733128,0.07301865260522356,PROCEED
MLP,low,W001530,C0133,LEAK,0,0.0010477543342741025,0,1,0.011881977117041772,0.029465559405638837,PROCEED
GCN_GRU,low,W001441,C0133,CLEAN,0,0.051282126130353475,0,1,0.2918185716692402,0.272550991066018,PROCEED
GCN_GRU,low,W001446,C0133,CLEAN,0,0.11295225611548647,0,1,0.5087571304449114,0.0829087748775056,PROCEED
GCN_GRU,low,W001451,C0133,CLEAN,0,0.259486295390605,0,1,0.8259701954156442,0.20516872647243506,PROCEED
GCN_GRU,low,W001456,C0133,CLEAN,0,0.22650460847635695,0,1,0.7718681085176265,0.14645726669255318,PROCEED
GCN_GRU,low,W001461,C0133,CLEAN,0,0.28627871714463765,0,1,0.8638655807125921,0.13438506293254227,PROCEED
GCN_GRU,low,W001466,C0133,CLEAN,0,0.301482055194098,0,1,0.8830950144355469,0.11331976512230152,PROCEED
GCN_GRU,low,W001471,C0133,CLEAN,0,0.12974353256342291,0,1,0.5567344023654827,0.14549593791572357,PROCEED
GCN_GRU,low,W001476,C0133,CLEAN,0,0.08779137742429748,0,1,0.42905443825291334,0.18089347526288513,PROCEED
GCN_GRU,low,W001481,C0133,CLEAN,0,0.15095075206866285,0,1,0.612214456864569,0.2102166318508933,PROCEED
GCN_GRU,low,W001485,C0133,CLEAN,0,0.12157269902778016,0,1,0.5338647078644395,0.25854372305374645,PROCEED
GCN_GRU,low,W001486,C0133,LEAK,0,0.05128210293114843,0,1,0.29181847401331196,0.2725509795922483,PROCEED
GCN_GRU,low,W001491,C0133,LEAK,0,0.11295239944429539,0,1,0.5087575566041204,0.08290873128206219,PROCEED
GCN_GRU,low,W001496,C0133,LEAK,0,0.25948634120349057,0,1,0.825970264724489,0.20516873040650113,PROCEED
GCN_GRU,low,W001501,C0133,LEAK,1,0.9999738541032293,1,1,0.00043574051112844263,0.15837908557934152,PROCEED
GCN_GRU,low,W001506,C0133,LEAK,1,0.5548185319739771,1,1,0.9913117416638837,0.18780633699348737,VERIFY
GCN_GRU,low,W001511,C0133,LEAK,0,0.27271943734121856,0,1,0.8453398490340726,0.2870639394097319,REQUEST_SENSOR
GCN_GRU,low,W001516,C0133,LEAK,0,0.09083831654892909,0,1,0.43926183585571144,0.20366264890533475,PROCEED
GCN_GRU,low,W001521,C0133,LEAK,0,0.182627338286785,0,1,0.6857910733005406,0.19933031243689278,PROCEED
GCN_GRU,low,W001526,C0133,LEAK,0,0.23339866779352392,0,1,0.7838890577333874,0.219364265850294,PROCEED
GCN_GRU,low,W001530,C0133,LEAK,0,0.5727804917975963,1,0,0.9846616535012773,0.3670570568586845,ESCALATE
MLP,low,W001531,C0146,CLEAN,0,8.549357074311576e-09,0,1,2.414700243489061e-07,0.09600996663798766,PROCEED
MLP,low,W001536,C0146,CLEAN,0,0.20872708050357128,0,1,0.739042545202924,0.06162994722651143,PROCEED
MLP,low,W001541,C0146,CLEAN,0,0.04293833329414038,0,1,0.25560582197531023,0.042108051982262085,PROCEED
MLP,low,W001546,C0146,CLEAN,0,0.06073635508685181,0,1,0.3303610652101796,0.03351148073007329,PROCEED
MLP,low,W001551,C0146,CLEAN,0,0.1859865357973046,0,1,0.6929996926746599,0.06009972629637152,PROCEED
MLP,low,W001556,C0146,CLEAN,0,0.18116408490730185,0,1,0.682617017825506,0.06481479117416418,PROCEED
MLP,low,W001561,C0146,CLEAN,0,0.4247542844976883,0,1,0.983600928082625,0.04541459129759422,VERIFY
MLP,low,W001566,C0146,CLEAN,0,0.05745055640802898,0,1,0.3172403245870799,0.05091560769222185,PROCEED
MLP,low,W001571,C0146,CLEAN,0,0.005372930036446021,0,1,0.04824293468421829,0.037939100753080574,PROCEED
MLP,low,W001575,C0146,CLEAN,0,4.083931641645642e-06,0,1,7.900080680370475e-05,0.022153234543567275,PROCEED
MLP,low,W001576,C0146,LEAK,0,8.54934076772274e-09,0,1,2.414695872874912e-07,0.09600996683209295,PROCEED
MLP,low,W001581,C0146,LEAK,0,0.20872706081495537,0,1,0.7390425073504243,0.06162994722651143,PROCEED
MLP,low,W001586,C0146,LEAK,0,0.04293839208052263,0,1,0.25560608523676426,0.04210804539851576,PROCEED
MLP,low,W001591,C0146,LEAK,1,0.5984897125099286,1,1,0.9718272031533658,0.037038961230501606,VERIFY
MLP,low,W001596,C0146,LEAK,1,0.9756223994402784,1,1,0.16535974218871075,0.05898198691984677,PROCEED
MLP,low,W001601,C0146,LEAK,1,0.9897529070579071,1,1,0.08242679028841812,0.06327343496890118,PROCEED
MLP,low,W001606,C0146,LEAK,0,0.2733022345616414,0,1,0.8461633274507623,0.03972117876400809,PROCEED
MLP,low,W001611,C0146,LEAK,0,0.02959058586781044,0,1,0.1923344927872587,0.037402952784821,PROCEED
MLP,low,W001616,C0146,LEAK,0,0.0030795816500096183,0,1,0.030129152402261206,0.027982632342189853,PROCEED
MLP,low,W001620,C0146,LEAK,0,7.2324705061465445e-06,0,1,0.00013394368927997704,0.020225041943375988,PROCEED
GCN_GRU,low,W001531,C0146,CLEAN,0,0.9999448046623239,1,0,0.0008603710857368891,0.4269503805398503,REQUEST_SENSOR
GCN_GRU,low,W001536,C0146,CLEAN,0,0.9864413078070521,1,0,0.10355462234577179,0.3986700293775237,REQUEST_SENSOR
GCN_GRU,low,W001541,C0146,CLEAN,0,0.22363395542397865,0,1,0.7667477042286575,0.17806060779975164,PROCEED
GCN_GRU,low,W001546,C0146,CLEAN,0,0.21652748495472965,0,1,0.7537759102014951,0.10767255034026928,PROCEED
GCN_GRU,low,W001551,C0146,CLEAN,0,0.28750235270720204,0,1,0.8654729778746528,0.1527021826816971,PROCEED
GCN_GRU,low,W001556,C0146,CLEAN,0,0.2797365273737815,0,1,0.8550915622104698,0.14982714397545543,PROCEED
GCN_GRU,low,W001561,C0146,CLEAN,0,0.13441976460473562,0,1,0.5694359974261745,0.08932662207199576,PROCEED
GCN_GRU,low,W001566,C0146,CLEAN,0,0.051242226579887515,0,1,0.29165059285145173,0.07784950731221808,PROCEED
GCN_GRU,low,W001571,C0146,CLEAN,0,0.05071429396234475,0,1,0.2894235125254107,0.07039239237060742,PROCEED
GCN_GRU,low,W001575,C0146,CLEAN,0,0.06658410901634224,0,1,0.35304492969904805,0.06739937506996063,PROCEED
GCN_GRU,low,W001576,C0146,LEAK,0,0.9999448047675947,1,0,0.0008603695966798708,0.4269503830081599,REQUEST_SENSOR
GCN_GRU,low,W001581,C0146,LEAK,0,0.9864413014294233,1,0,0.10355466179104171,0.39867001304471195,REQUEST_SENSOR
GCN_GRU,low,W001586,C0146,LEAK,0,0.22363395542397865,0,1,0.7667477042286575,0.17806060828600345,PROCEED
GCN_GRU,low,W001591,C0146,LEAK,1,0.22913298408625962,0,0,0.776496835563296,0.12633212411830458,PROCEED
GCN_GRU,low,W001596,C0146,LEAK,1,0.3590908294108327,0,0,0.941925920593006,0.1511328442100784,PROCEED
GCN_GRU,low,W001601,C0146,LEAK,1,0.3139481534533132,0,0,0.8976784768345969,0.16279337731393057,PROCEED
GCN_GRU,low,W001606,C0146,LEAK,0,0.10019648402664216,0,1,0.46961812397187125,0.0872794894297616,PROCEED
GCN_GRU,low,W001611,C0146,LEAK,0,0.056014343310308794,0,1,0.3114158207444518,0.08149220337228108,PROCEED
GCN_GRU,low,W001616,C0146,LEAK,0,0.06048253782148585,0,1,0.32935744342599177,0.11944563373220224,PROCEED
GCN_GRU,low,W001620,C0146,LEAK,0,0.06427175844254987,0,1,0.3441738232771452,0.0742007560153592,PROCEED
MLP,low,W001621,C0159,CLEAN,0,1.5261966825226534e-08,0,1,4.1830271697428206e-07,0.08044551472867434,PROCEED
MLP,low,W001626,C0159,CLEAN,0,0.3893713409047291,0,1,0.964392654139351,0.05156066509039225,PROCEED
MLP,low,W001631,C0159,CLEAN,0,0.24789426659247718,0,1,0.8079235250223009,0.02721026363072734,PROCEED
MLP,low,W001636,C0159,CLEAN,0,0.38038624480873146,0,1,0.958314358175694,0.03272771530298251,PROCEED
MLP,low,W001641,C0159,CLEAN,0,0.33042811119749477,0,1,0.9153631740555312,0.04046438356529706,PROCEED
MLP,low,W001646,C0159,CLEAN,0,0.5834461064584863,1,0,0.9798139758056468,0.05035862541761358,VERIFY
MLP,low,W001651,C0159,CLEAN,0,0.5147566172831208,1,0,0.9993715926918245,0.04596285287187629,VERIFY
MLP,low,W001656,C0159,CLEAN,0,0.08759914336193607,0,1,0.428404889867387,0.06979655085171135,PROCEED
MLP,low,W001661,C0159,CLEAN,0,0.06761226805397419,0,1,0.3569492542100693,0.07874925949112058,PROCEED
MLP,low,W001665,C0159,CLEAN,0,0.0016885630857972522,0,1,0.017985669795170717,0.04586001302718419,PROCEED
MLP,low,W001666,C0159,LEAK,0,1.526199593514541e-08,0,1,4.183034727955218e-07,0.08044550779866048,PROCEED
MLP,low,W001671,C0159,LEAK,1,0.999474981706831,1,1,0.006477497689539945,0.02503232722144782,PROCEED
MLP,low,W001676,C0159,LEAK,1,0.9999999998694429,1,1,4.4751449192350076e-09,0.05625427288681033,PROCEED
MLP,low,W001681,C0159,LEAK,1,0.9999999999899569,1,1,3.8141301040947405e-10,0.04978522606814691,PROCEED
MLP,low,W001686,C0159,LEAK,1,0.9999999999707387,1,1,1.0661314415503666e-09,0.043481310528715636,PROCEED
MLP,low,W001691,C0159,LEAK,0,0.9969819286173018,1,0,0.029615347946921926,0.03738970588520607,PROCEED
MLP,low,W001696,C0159,LEAK,0,0.023427754222108115,0,1,0.1602762826112311,0.05219970651269455,PROCEED
MLP,low,W001701,C0159,LEAK,0,0.009075804016890225,0,1,0.07460208494911724,0.04065085418701452,PROCEED
MLP,low,W001706,C0159,LEAK,0,0.002806867943287236,0,1,0.027837089000972405,0.029151357571042112,PROCEED
MLP,low,W001710,C0159,LEAK,0,7.070519366788317e-06,0,1,0.0001311754027066797,0.023085880157280816,PROCEED
GCN_GRU,low,W001621,C0159,CLEAN,0,0.04645035277321202,0,1,0.2711225168294586,0.09248976149553742,PROCEED
GCN_GRU,low,W001626,C0159,CLEAN,0,0.12070046597914875,0,1,0.5313709871083621,0.10704375551694315,PROCEED
GCN_GRU,low,W001631,C0159,CLEAN,0,0.25547183932846484,0,1,0.819836149083264,0.18147140780247992,PROCEED
GCN_GRU,low,W001636,C0159,CLEAN,0,0.3038093674183533,0,1,0.8858977145724679,0.13539797349649613,PROCEED
GCN_GRU,low,W001641,C0159,CLEAN,0,0.36205265464854763,0,1,0.9443738659854007,0.18737095861199277,PROCEED
GCN_GRU,low,W001646,C0159,CLEAN,0,0.7015686734703105,1,0,0.8793649036205458,0.1269166934216079,PROCEED
GCN_GRU,low,W001651,C0159,CLEAN,0,0.16933254284296165,0,1,0.6561756394706741,0.0748019192471192,PROCEED
GCN_GRU,low,W001656,C0159,CLEAN,0,0.09665128254957517,0,1,0.45828962400996465,0.08894620797099931,PROCEED
GCN_GRU,low,W001661,C0159,CLEAN,0,0.05810814132362094,0,1,0.31988871288968185,0.0710265381485157,PROCEED
GCN_GRU,low,W001665,C0159,CLEAN,0,0.08674536430682894,0,1,0.42551193856322955,0.0769836080321316,PROCEED
GCN_GRU,low,W001666,C0159,LEAK,0,0.04645037389363014,0,1,0.27112260890489825,0.09248975490733,PROCEED
GCN_GRU,low,W001671,C0159,LEAK,1,0.13315272868225772,0,0,0.5660215908861678,0.0979764097352264,PROCEED
GCN_GRU,low,W001676,C0159,LEAK,1,0.9657519064547097,1,1,0.21526761842017095,0.14907319304376426,PROCEED
GCN_GRU,low,W001681,C0159,LEAK,1,0.959654699633191,1,1,0.243873144675111,0.13067114448036743,PROCEED
GCN_GRU,low,W001686,C0159,LEAK,1,0.9928844960421526,1,1,0.060996721400503,0.16134933353545855,PROCEED
GCN_GRU,low,W001691,C0159,LEAK,0,0.7470492686196851,1,0,0.8159215135573278,0.12533230844296722,PROCEED
GCN_GRU,low,W001696,C0159,LEAK,0,0.09645505905618244,0,1,0.45765659830823563,0.1154735570289202,PROCEED
GCN_GRU,low,W001701,C0159,LEAK,0,0.06713347059362168,0,1,0.35513410250447786,0.07806892064380355,PROCEED
GCN_GRU,low,W001706,C0159,LEAK,0,0.06751046512622015,0,1,0.3565637531440632,0.16766970902097378,PROCEED
GCN_GRU,low,W001710,C0159,LEAK,0,0.0534966077580602,0,1,0.30106858442742457,0.10867470166088442,PROCEED
MLP,low,W001711,C0165,CLEAN,0,4.401488726698786e-08,0,1,1.1391109250158323e-06,0.0565363120095265,PROCEED
MLP,low,W001716,C0165,CLEAN,0,0.3447897516970349,0,1,0.929328586709012,0.02399256128371295,PROCEED
MLP,low,W001721,C0165,CLEAN,0,0.14290809148933542,0,1,0.59180446359587,0.04722615665740552,PROCEED
MLP,low,W001726,C0165,CLEAN,0,0.38568928551189635,0,1,0.9619612731806072,0.041969342296555454,PROCEED
MLP,low,W001731,C0165,CLEAN,0,0.3359091648515408,0,1,0.9208501558158404,0.05680919859578812,PROCEED
MLP,low,W001736,C0165,CLEAN,0,0.1149529728986478,0,1,0.5146771874916524,0.0817619612615487,PROCEED
MLP,low,W001741,C0165,CLEAN,0,0.07304596257246855,0,1,0.3771891307260386,0.02170911408019636,PROCEED
MLP,low,W001746,C0165,CLEAN,0,0.07669651442581832,0,1,0.39043082363645876,0.03574863598619421,PROCEED
MLP,low,W001751,C0165,CLEAN,0,0.03768863379878991,0,1,0.23159239595426867,0.05988243691494613,PROCEED
MLP,low,W001755,C0165,CLEAN,0,0.0012157740674598324,0,1,0.013526370152888054,0.03482394234875033,PROCEED
MLP,low,W001756,C0165,LEAK,0,4.4014719363845405e-08,0,1,1.139106821787371e-06,0.056536323100669326,PROCEED
MLP,low,W001761,C0165,LEAK,0,0.34478977862757965,0,1,0.9293286116531854,0.02399256288451347,PROCEED
MLP,low,W001766,C0165,LEAK,1,0.33616932930276133,0,0,0.921105759129644,0.048214391825859716,PROCEED
MLP,low,W001771,C0165,LEAK,1,0.8727616383363617,1,1,0.5498154427868632,0.058851799266056534,PROCEED
MLP,low,W001776,C0165,LEAK,1,0.9560798781709925,1,1,0.2599857418113613,0.04080352666634917,PROCEED
MLP,low,W001781,C0165,LEAK,1,0.6139320968760621,1,1,0.9622150896851237,0.05412047165548045,PROCEED
MLP,low,W001786,C0165,LEAK,0,0.07869100755382474,0,1,0.3975499964002637,0.014127760630494157,PROCEED
MLP,low,W001791,C0165,LEAK,0,0.1012637892624953,0,1,0.47298895717931894,0.03570883672090276,PROCEED
MLP,low,W001796,C0165,LEAK,0,0.042085267269604314,0,1,0.25177270320933864,0.056648192548650715,PROCEED
MLP,low,W001800,C0165,LEAK,0,0.0010647136301197456,0,1,0.012049625619142008,0.0345304572142114,PROCEED
GCN_GRU,low,W001711,C0165,CLEAN,0,0.029992588620546483,0,1,0.19435468876994594,0.20143928326287514,PROCEED
GCN_GRU,low,W001716,C0165,CLEAN,0,0.12411307194514783,0,1,0.5410693227640461,0.14507289832816975,PROCEED
GCN_GRU,low,W001721,C0165,CLEAN,0,0.20239095938484983,0,1,0.7266843169537344,0.1189486261728495,PROCEED
GCN_GRU,low,W001726,C0165,CLEAN,0,0.2681956708637041,0,1,0.8388636058014367,0.15248425607427743,PROCEED
GCN_GRU,low,W001731,C0165,CLEAN,0,0.37864576538651395,1,0,0.9570799508893232,0.09841357440458129,PROCEED
GCN_GRU,low,W001736,C0165,CLEAN,0,0.3650416156767122,0,1,0.9467886893980624,0.20545185679359063,PROCEED
GCN_GRU,low,W001741,C0165,CLEAN,0,0.14224561033633779,0,1,0.5900897842516443,0.09449049657936111,PROCEED
GCN_GRU,low,W001746,C0165,CLEAN,0,0.146166243851049,0,1,0.6001625833447025,0.12450434235909949,PROCEED
GCN_GRU,low,W001751,C0165,CLEAN,0,0.16656221498921384,0,1,0.6497798356903608,0.13206364658376885,PROCEED
GCN_GRU,low,W001755,C0165,CLEAN,0,0.1918308233476951,0,1,0.7052857280281827,0.13139301844960385,PROCEED
GCN_GRU,low,W001756,C0165,LEAK,0,0.029992588620546483,0,1,0.19435468876994594,0.2014392827311482,PROCEED
GCN_GRU,low,W001761,C0165,LEAK,0,0.12411307194514783,0,1,0.5410693227640461,0.1450728955619996,PROCEED
GCN_GRU,low,W001766,C0165,LEAK,1,0.2016360578853277,0,0,0.7251881676009887,0.12030824070424015,PROCEED
GCN_GRU,low,W001771,C0165,LEAK,1,0.297741411235283,0,0,0.8785124695468988,0.1628240150685856,PROCEED
GCN_GRU,low,W001776,C0165,LEAK,1,0.42335034475605665,1,1,0.9829808137708038,0.08794587530075312,VERIFY
GCN_GRU,low,W001781,C0165,LEAK,1,0.391101712546901,1,1,0.9655068432190057,0.1763590389490287,VERIFY
GCN_GRU,low,W001786,C0165,LEAK,0,0.1341680961602251,0,1,0.5687593909960679,0.0799708354494285,PROCEED
GCN_GRU,low,W001791,C0165,LEAK,0,0.16122951918245781,0,1,0.6372428579166167,0.12965562928839336,PROCEED
GCN_GRU,low,W001796,C0165,LEAK,0,0.17255265373749706,0,1,0.6635109891725436,0.140159668272545,PROCEED
GCN_GRU,low,W001800,C0165,LEAK,0,0.20204442666223169,0,1,0.7259981523396671,0.13031624935178696,PROCEED
MLP,low,W001801,C0173,CLEAN,0,4.903561122145043e-08,0,1,1.2614062786899522e-06,0.0974372414358399,PROCEED
MLP,low,W001806,C0173,CLEAN,0,0.26571125437022525,0,1,0.8352430133622261,0.051502439043168535,PROCEED
MLP,low,W001811,C0173,CLEAN,0,0.07005071591043471,0,1,0.36611288423791377,0.03087130479707655,PROCEED
MLP,low,W001816,C0173,CLEAN,0,0.11864749862653137,0,1,0.5254606055093062,0.05065249951629083,PROCEED
MLP,low,W001821,C0173,CLEAN,0,0.23040109885798377,0,1,0.778709853920623,0.07406468302704647,PROCEED
MLP,low,W001826,C0173,CLEAN,0,0.1659187127539952,0,1,0.6482828174204434,0.06241104063809156,PROCEED
MLP,low,W001831,C0173,CLEAN,0,0.26530786366799236,0,1,0.8346508438658772,0.06319336144168539,PROCEED
MLP,low,W001836,C0173,CLEAN,0,0.043871751818090186,0,1,0.25977073670584483,0.08594064095524258,PROCEED
MLP,low,W001841,C0173,CLEAN,0,0.02135777707525862,0,1,0.14899767252883367,0.07542312194936365,PROCEED
MLP,low,W001845,C0173,CLEAN,0,0.002730495463616782,0,1,0.027188485718926805,0.061520490615468035,PROCEED
MLP,low,W001846,C0173,LEAK,0,4.903570474954106e-08,0,1,1.2614085496327682e-06,0.09743724064889964,PROCEED
MLP,low,W001851,C0173,LEAK,0,0.2657108822299198,0,1,0.835242467622365,0.051502436421383115,PROCEED
MLP,low,W001856,C0173,LEAK,0,0.07005066931610601,0,1,0.36611271040934373,0.030871302746846532,PROCEED
MLP,low,W001861,C0173,LEAK,0,0.1186474487635502,0,1,0.5254604612538165,0.05065249843743341,PROCEED
MLP,low,W001866,C0173,LEAK,1,1.0,1,1,4.1304950338020633e-11,0.11903873368572539,REQUEST_SENSOR
MLP,low,W001871,C0173,LEAK,1,0.9999999999993716,1,1,4.1304950338020633e-11,0.1098389786526203,REQUEST_SENSOR
MLP,low,W001876,C0173,LEAK,0,0.6369837002818841,1,0,0.9451584941331909,0.09299596028765456,PROCEED
MLP,low,W001881,C0173,LEAK,0,0.0005047476148319491,0,1,0.006256084758453346,0.07759247428575164,PROCEED
MLP,low,W001886,C0173,LEAK,0,0.005148217654416496,0,1,0.04654342047579778,0.09521946481559171,PROCEED
MLP,low,W001890,C0173,LEAK,0,0.000836831946553671,0,1,0.009761532250740489,0.03304574871046004,PROCEED
GCN_GRU,low,W001801,C0173,CLEAN,0,0.039355814599097726,0,1,0.23933078740544625,0.12833536060798587,PROCEED
GCN_GRU,low,W001806,C0173,CLEAN,0,0.11678764488591346,0,1,0.5200560089081069,0.12428577958434198,PROCEED
GCN_GRU,low,W001811,C0173,CLEAN,0,0.23317346260564975,0,1,0.7835024731388172,0.14039495982919262,PROCEED
GCN_GRU,low,W001816,C0173,CLEAN,0,0.24352385196581855,0,1,0.8008513766769114,0.16213349465923346,PROCEED
GCN_GRU,low,W001821,C0173,CLEAN,0,0.2763459795252563,0,1,0.8504240490692899,0.2055004081578763,PROCEED
GCN_GRU,low,W001826,C0173,CLEAN,0,0.27366002917590165,0,1,0.8466676600883775,0.21879837174646938,PROCEED
GCN_GRU,low,W001831,C0173,CLEAN,0,0.1020920530408682,0,1,0.47559238097660705,0.08452447320959922,PROCEED
GCN_GRU,low,W001836,C0173,CLEAN,0,0.079523530957046,0,1,0.40049809293270683,0.07438686262104985,PROCEED
GCN_GRU,low,W001841,C0173,CLEAN,0,0.0622821016322968,0,1,0.3364381763758609,0.08149774756426693,PROCEED
GCN_GRU,low,W001845,C0173,CLEAN,0,0.14253827258713606,0,1,0.5908479115329005,0.09696066623748656,PROCEED
GCN_GRU,low,W001846,C0173,LEAK,0,0.039355814599097726,0,1,0.23933078740544625,0.12833536507000637,PROCEED
GCN_GRU,low,W001851,C0173,LEAK,0,0.11678764488591346,0,1,0.5200560089081069,0.12428577868078591,PROCEED
GCN_GRU,low,W001856,C0173,LEAK,0,0.23317346260564975,0,1,0.7835024731388172,0.14039495971337748,PROCEED
GCN_GRU,low,W001861,C0173,LEAK,0,0.24352385196581855,0,1,0.8008513766769114,0.16213349133633842,PROCEED
GCN_GRU,low,W001866,C0173,LEAK,1,0.9999994417788002,1,1,1.2401081780394926e-05,0.25022342416638865,PROCEED
GCN_GRU,low,W001871,C0173,LEAK,1,0.9999954642104448,1,1,8.705498543714695e-05,0.2432238326945052,PROCEED
GCN_GRU,low,W001876,C0173,LEAK,0,0.03725656269402202,0,1,0.2295690382207162,0.12339623231529569,PROCEED
GCN_GRU,low,W001881,C0173,LEAK,0,0.12333676192284047,0,1,0.5388768291197814,0.13143712064875135,PROCEED
GCN_GRU,low,W001886,C0173,LEAK,0,0.13844866557805724,0,1,0.5801615430335959,0.15845357852929062,PROCEED
GCN_GRU,low,W001890,C0173,LEAK,0,0.16000702259610092,0,1,0.6343263546548826,0.15141105143278955,PROCEED
MLP,low,W001891,C0200,CLEAN,0,3.3040851372680944e-08,0,1,8.687718148424337e-07,0.07079332073130598,PROCEED
MLP,low,W001896,C0200,CLEAN,0,0.11350481729475621,0,1,0.5103978648038737,0.030432647238374872,PROCEED
MLP,low,W001901,C0200,CLEAN,0,0.2310779910945002,0,1,0.7798857560806975,0.045058063563309415,PROCEED
MLP,low,W001906,C0200,CLEAN,0,0.36965751895291354,0,1,0.9504087636234229,0.035390790260650076,PROCEED
MLP,low,W001911,C0200,CLEAN,0,0.6131643823641059,1,0,0.9627270697288057,0.06421604001586066,PROCEED
MLP,low,W001916,C0200,CLEAN,0,0.4978325763505207,1,0,0.9999864451876294,0.0833999839385925,VERIFY
MLP,low,W001921,C0200,CLEAN,0,0.2762686275598388,0,1,0.8503165991819265,0.06177961897835234,PROCEED
MLP,low,W001926,C0200,CLEAN,0,0.05143217707994057,0,1,0.2924498702934384,0.03453145414978992,PROCEED
MLP,low,W001931,C0200,CLEAN,0,0.00877999689461674,0,1,0.0725921964630023,0.05341159015478027,PROCEED
MLP,low,W001935,C0200,CLEAN,0,0.001618973588578655,0,1,0.017342819714674433,0.05657374506669622,PROCEED
MLP,low,W001936,C0200,LEAK,0,3.304078835232043e-08,0,1,8.687702486542605e-07,0.07079332121106921,PROCEED
MLP,low,W001941,C0200,LEAK,0,0.11350481729475621,0,1,0.5103978648038737,0.030432645354567932,PROCEED
MLP,low,W001946,C0200,LEAK,0,0.2310779063696303,0,1,0.7798856091289895,0.045058066862837295,PROCEED
MLP,low,W001951,C0200,LEAK,1,1.0,1,1,4.1304950338020633e-11,0.1862253132439971,REQUEST_SENSOR
MLP,low,W001956,C0200,LEAK,1,1.0,1,1,4.1304950338020633e-11,0.20062019152916083,REQUEST_SENSOR
MLP,low,W001961,C0200,LEAK,1,1.0,1,1,4.1304950338020633e-11,0.18387792360462757,REQUEST_SENSOR
MLP,low,W001966,C0200,LEAK,0,0.9759156843212593,1,0,0.16379605713937495,0.028666483900717576,PROCEED
MLP,low,W001971,C0200,LEAK,0,0.012154467639299305,0,1,0.09475940435344056,0.03420242849353651,PROCEED
MLP,low,W001976,C0200,LEAK,0,0.017163174478166388,0,1,0.12520162922910608,0.06666860159754957,PROCEED
MLP,low,W001980,C0200,LEAK,0,0.01112354953875275,0,1,0.08815279682901583,0.02480542178261546,PROCEED
GCN_GRU,low,W001891,C0200,CLEAN,0,0.10542699077451707,0,1,0.4859663831912367,0.10148430439642336,PROCEED
GCN_GRU,low,W001896,C0200,CLEAN,0,0.2454341715162797,0,1,0.8039609270306166,0.1222963437888597,PROCEED
GCN_GRU,low,W001901,C0200,CLEAN,0,0.21620433334048317,0,1,0.7531759123111743,0.12915692877625518,PROCEED
GCN_GRU,low,W001906,C0200,CLEAN,0,0.24493224198718896,0,1,0.8031466635313244,0.09873860073134061,PROCEED
GCN_GRU,low,W001911,C0200,CLEAN,0,0.35716603722302265,0,1,0.9403056136187444,0.13878399036805705,PROCEED
GCN_GRU,low,W001916,C0200,CLEAN,0,0.35312063644878156,0,1,0.9368242123678291,0.16801533878375446,PROCEED
GCN_GRU,low,W001921,C0200,CLEAN,0,0.10101072051240183,0,1,0.47219133846336414,0.09828489047573721,PROCEED
GCN_GRU,low,W001926,C0200,CLEAN,0,0.16920658643328038,0,1,0.6558865622239958,0.22526417963755502,PROCEED
GCN_GRU,low,W001931,C0200,CLEAN,0,0.10664822272075593,0,1,0.4897224603284264,0.13959156250887672,PROCEED
GCN_GRU,low,W001935,C0200,CLEAN,0,0.10029200587163638,0,1,0.46992054747667406,0.11967742515160379,PROCEED
GCN_GRU,low,W001936,C0200,LEAK,0,0.10542699077451707,0,1,0.4859663831912367,0.10148430675069728,PROCEED
GCN_GRU,low,W001941,C0200,LEAK,0,0.24543412736205825,0,1,0.8039608554870543,0.12229634369132973,PROCEED
GCN_GRU,low,W001946,C0200,LEAK,0,0.21620433334048317,0,1,0.7531759123111743,0.1291569327755575,PROCEED
GCN_GRU,low,W001951,C0200,LEAK,1,0.9999999841579796,1,1,4.333483827990496e-07,0.4884551431966401,REQUEST_SENSOR
GCN_GRU,low,W001956,C0200,LEAK,1,0.9999999952852288,1,1,1.3721332788959886e-07,0.48273291905345117,REQUEST_SENSOR
GCN_GRU,low,W001961,C0200,LEAK,1,0.9999999941198694,1,1,1.6925485353495211e-07,0.46249020979547595,REQUEST_SENSOR
GCN_GRU,low,W001966,C0200,LEAK,0,0.007160557740620405,0,1,0.06131750098236816,0.33390131140899015,REQUEST_SENSOR
GCN_GRU,low,W001971,C0200,LEAK,0,0.10790789584014028,0,1,0.49357310975024976,0.1201457520347246,PROCEED
GCN_GRU,low,W001976,C0200,LEAK,0,0.14399313341448328,0,1,0.5946016861061348,0.20408945555735578,PROCEED
GCN_GRU,low,W001980,C0200,LEAK,0,0.1922480868725968,0,1,0.7061506662299862,0.10561515362614934,PROCEED
MLP,low,W001981,C0205,CLEAN,0,7.809831184750566e-08,0,1,1.956583603429413e-06,0.08710367747237377,PROCEED
MLP,low,W001986,C0205,CLEAN,0,0.17675113647256194,0,1,0.6729179148461764,0.058791312460419354,PROCEED
MLP,low,W001991,C0205,CLEAN,0,0.0793014397807968,0,1,0.399712974509047,0.0364786224313613,PROCEED
MLP,low,W001996,C0205,CLEAN,0,0.17097939286616243,0,1,0.6599403186182534,0.06066980883067155,PROCEED
MLP,low,W002001,C0205,CLEAN,0,0.3610039167837978,0,1,0.9435133613361624,0.10243859779007669,REQUEST_SENSOR
MLP,low,W002006,C0205,CLEAN,0,0.17297140187281376,0,1,0.6644571575324084,0.11357776525619437,REQUEST_SENSOR
MLP,low,W002011,C0205,CLEAN,0,0.27305098663781946,0,1,0.8458086229369217,0.059584552421636766,PROCEED
MLP,low,W002016,C0205,CLEAN,0,0.0343791749666792,0,1,0.21589873636856058,0.08430354952736932,PROCEED
MLP,low,W002021,C0205,CLEAN,0,0.007572043725125473,0,1,0.06422850300239774,0.08129473961438796,PROCEED
MLP,low,W002025,C0205,CLEAN,0,0.0012745059380819118,0,1,0.014093004234715366,0.07128944505830723,PROCEED
MLP,low,W002026,C0205,LEAK,0,7.809816288695104e-08,0,1,1.9565800865655656e-06,0.08710367448831544,PROCEED
MLP,low,W002031,C0205,LEAK,0,0.17675059874211244,0,1,0.6729167212933309,0.05879131404339875,PROCEED
MLP,low,W002036,C0205,LEAK,0,0.07930164867211983,0,1,0.3997137134219663,0.036478615786395024,PROCEED
MLP,low,W002041,C0205,LEAK,0,0.17097929148194704,0,1,0.6599400877069813,0.060669810276234665,PROCEED
MLP,low,W002046,C0205,LEAK,1,0.9999962640198131,1,1,7.274989826336028e-05,0.029295495443816166,PROCEED
MLP,low,W002051,C0205,LEAK,1,0.9999975802127107,1,1,4.863622819464147e-05,0.03246738736396797,PROCEED
MLP,low,W002056,C0205,LEAK,0,0.08942916551409585,0,1,0.4345615704852341,0.0716494186718255,PROCEED
MLP,low,W002061,C0205,LEAK,0,0.019948598421610994,0,1,0.14115184027272665,0.077801983520043,PROCEED
MLP,low,W002066,C0205,LEAK,0,0.0036077522149263914,0,1,0.03447125522629148,0.06808898876417946,PROCEED
MLP,low,W002070,C0205,LEAK,0,0.0001444620774074221,0,1,0.0020513055036668797,0.04352238172960079,PROCEED
GCN_GRU,low,W001981,C0205,CLEAN,0,0.025963434188177963,0,1,0.1737259369525047,0.10990378568277102,PROCEED
GCN_GRU,low,W001986,C0205,CLEAN,0,0.14392490963974966,0,1,0.5944262130790233,0.1318419366750697,PROCEED
GCN_GRU,low,W001991,C0205,CLEAN,0,0.25810261032213416,0,1,0.8238696667086154,0.15585182094097605,PROCEED
GCN_GRU,low,W001996,C0205,CLEAN,0,0.2653872694462584,0,1,0.8347675051323646,0.18048059905620617,PROCEED
GCN_GRU,low,W002001,C0205,CLEAN,0,0.3416030634921387,0,1,0.9263444720217108,0.20726094722857374,PROCEED
GCN_GRU,low,W002006,C0205,CLEAN,0,0.29516235729358653,0,1,0.8752967635844142,0.156502640215948,PROCEED
GCN_GRU,low,W002011,C0205,CLEAN,0,0.09439767413398202,0,1,0.4509807839252037,0.07602767750494978,PROCEED
GCN_GRU,low,W002016,C0205,CLEAN,0,0.0729905778389865,0,1,0.3769860785769013,0.09546640244650306,PROCEED
GCN_GRU,low,W002021,C0205,CLEAN,0,0.05495759500593123,0,1,0.30709435523031886,0.09433175315596937,PROCEED
GCN_GRU,low,W002025,C0205,CLEAN,0,0.08265128911651491,0,1,0.4114529612550722,0.06885842873799419,PROCEED
GCN_GRU,low,W002026,C0205,LEAK,0,0.025963446247074976,0,1,0.17372600001357177,0.10990377122077527,PROCEED
GCN_GRU,low,W002031,C0205,LEAK,0,0.14392502714250754,0,1,0.5944265153455092,0.13184195037946073,PROCEED
GCN_GRU,low,W002036,C0205,LEAK,0,0.258102678802746,0,1,0.8238697710233971,0.15585179705706492,PROCEED
GCN_GRU,low,W002041,C0205,LEAK,0,0.2653872462055895,0,1,0.8347674709944989,0.18048059617088982,PROCEED
GCN_GRU,low,W002046,C0205,LEAK,1,0.9723906800111809,1,1,0.1822572411419895,0.12225970157245772,PROCEED
GCN_GRU,low,W002051,C0205,LEAK,1,0.9936456578459224,1,1,0.05551244250271187,0.12148067627244984,PROCEED
GCN_GRU,low,W002056,C0205,LEAK,0,0.20305487361699212,0,1,0.7279959277324087,0.07549293865582146,PROCEED
GCN_GRU,low,W002061,C0205,LEAK,0,0.06433710217080116,0,1,0.34442624931707766,0.0880798386987729,PROCEED
GCN_GRU,low,W002066,C0205,LEAK,0,0.039512141755781084,0,1,0.2400508888422786,0.07084707518184025,PROCEED
GCN_GRU,low,W002070,C0205,LEAK,0,0.04639023887094178,0,1,0.270860388595109,0.06415660303793383,PROCEED
MLP,low,W002071,C0213,CLEAN,0,1.5320619230215822e-08,0,1,4.198254926779887e-07,0.051961450870644604,PROCEED
MLP,low,W002076,C0213,CLEAN,0,0.551129204011054,1,0,0.9924438250568539,0.02071500470468466,VERIFY
MLP,low,W002081,C0213,CLEAN,0,0.20223209048019916,0,1,0.726369876156907,0.04130470771653027,PROCEED
MLP,low,W002086,C0213,CLEAN,0,0.48244666390113977,1,0,0.999110772026891,0.05106157438646182,VERIFY
MLP,low,W002091,C0213,CLEAN,0,0.2736555152527546,0,1,0.8466613032359183,0.053324807856727344,PROCEED
MLP,low,W002096,C0213,CLEAN,0,0.36423334609899977,0,1,0.9461411706390868,0.03999697839675738,PROCEED
MLP,low,W002101,C0213,CLEAN,0,0.22814621580888533,0,1,0.7747657175748089,0.03386203758274374,PROCEED
MLP,low,W002106,C0213,CLEAN,0,0.09189198247292985,0,1,0.44275367701887247,0.046688025817182885,PROCEED
MLP,low,W002111,C0213,CLEAN,0,0.17568549317115634,0,1,0.6705469647725394,0.050045149666307534,PROCEED
MLP,low,W002115,C0213,CLEAN,0,0.00043344220436036216,0,1,0.0054675505269383565,0.03896127991508308,PROCEED
MLP,low,W002116,C0213,LEAK,0,1.5320590008481996e-08,0,1,4.1982473411618775e-07,0.051961457046179466,PROCEED
MLP,low,W002121,C0213,LEAK,1,0.951242735893792,1,1,0.28109426515640595,0.027067315734079236,PROCEED
MLP,low,W002126,C0213,LEAK,1,0.7732652133277296,1,1,0.7722757321925249,0.044748149098833206,PROCEED
MLP,low,W002131,C0213,LEAK,1,0.9998656011303956,1,1,0.001922413134992535,0.03568558567562348,PROCEED
MLP,low,W002136,C0213,LEAK,1,0.9999470750821272,1,1,0.0008281876498087829,0.023942327060545138,PROCEED
MLP,low,W002141,C0213,LEAK,1,0.9970766975521171,1,1,0.028820164869756325,0.025711155540107614,PROCEED
MLP,low,W002146,C0213,LEAK,0,0.21543906463170276,0,1,0.7517514851413942,0.035793657646525846,PROCEED
MLP,low,W002151,C0213,LEAK,0,0.1191495632289959,0,1,0.5269113605070661,0.03044867002719435,PROCEED
MLP,low,W002156,C0213,LEAK,0,0.010062979626651525,0,1,0.08121036189172524,0.054234366352510874,PROCEED
MLP,low,W002160,C0213,LEAK,0,0.010463683246817335,0,1,0.08385162599172585,0.02982872115641009,PROCEED
GCN_GRU,low,W002071,C0213,CLEAN,0,0.05754799095957318,0,1,0.3176334611413267,0.1915837978196978,PROCEED
GCN_GRU,low,W002076,C0213,CLEAN,0,0.17309408260764675,0,1,0.664734021596641,0.19175452607961066,PROCEED
GCN_GRU,low,W002081,C0213,CLEAN,0,0.2123952268845454,0,1,0.7460362520175413,0.12607748069030345,PROCEED
GCN_GRU,low,W002086,C0213,CLEAN,0,0.2913477017446219,0,1,0.8704558044095294,0.1645534470441456,PROCEED
GCN_GRU,low,W002091,C0213,CLEAN,0,0.42238802445725276,1,0,0.9825490330889933,0.10684208920193425,VERIFY
GCN_GRU,low,W002096,C0213,CLEAN,0,0.4357720728557541,1,0,0.9880641592792062,0.13797303080385587,VERIFY
GCN_GRU,low,W002101,C0213,CLEAN,0,0.9885142103569535,1,0,0.09048946176122392,0.42248012460802875,REQUEST_SENSOR
GCN_GRU,low,W002106,C0213,CLEAN,0,0.5080216014052857,1,0,0.9998143284673914,0.40590947042000347,ESCALATE
GCN_GRU,low,W002111,C0213,CLEAN,0,0.9992031178045859,1,0,0.009351783890381053,0.33283009366114624,REQUEST_SENSOR
GCN_GRU,low,W002115,C0213,CLEAN,0,0.9998076379147557,1,0,0.0026519891507820453,0.3571256172600299,REQUEST_SENSOR
GCN_GRU,low,W002116,C0213,LEAK,0,0.057547887512280994,0,1,0.31763304387808095,0.19158378149504096,PROCEED
GCN_GRU,low,W002121,C0213,LEAK,1,0.18217379245125723,0,0,0.6848094711464581,0.1953809668551174,PROCEED
GCN_GRU,low,W002126,C0213,LEAK,1,0.3608273494056756,0,0,0.9433678089411431,0.13439225496928653,PROCEED
GCN_GRU,low,W002131,C0213,LEAK,1,0.4046323183043282,1,1,0.9735959132273764,0.12465462124882773,VERIFY
GCN_GRU,low,W002136,C0213,LEAK,1,0.5700693091675946,1,1,0.9857868401826521,0.15330603126052322,VERIFY
GCN_GRU,low,W002141,C0213,LEAK,1,0.46969915675312657,1,1,0.9973491808286523,0.23307308137226496,VERIFY
GCN_GRU,low,W002146,C0213,LEAK,0,0.9992397203416504,1,0,0.008973830684030475,0.3319134400631927,REQUEST_SENSOR
GCN_GRU,low,W002151,C0213,LEAK,0,0.807235070388506,1,0,0.7072197780832126,0.4144559092453746,REQUEST_SENSOR
GCN_GRU,low,W002156,C0213,LEAK,0,0.9953385579578181,1,0,0.04281224641512291,0.3257438756172286,REQUEST_SENSOR
GCN_GRU,low,W002160,C0213,LEAK,0,0.9997624825073611,1,0,0.003202258886866206,0.3138665166742133,REQUEST_SENSOR
MLP,low,W002161,C0215,CLEAN,0,1.843108845426272e-08,0,1,5.001456202607616e-07,0.08897755750572522,PROCEED
MLP,low,W002166,C0215,CLEAN,0,0.10278412752252616,0,1,0.4777594474317943,0.05945890470796096,PROCEED
MLP,low,W002171,C0215,CLEAN,0,0.024811626730125273,0,1,0.16766425029957907,0.04598375862824873,PROCEED
MLP,low,W002176,C0215,CLEAN,0,0.07612999492433273,0,1,0.38839398438469513,0.03109905422664721,PROCEED
MLP,low,W002181,C0215,CLEAN,0,0.1715723077543697,0,1,0.6612889455728198,0.06077790639289814,PROCEED
MLP,low,W002186,C0215,CLEAN,0,0.09680607891455818,0,1,0.4587885549734806,0.08501169766221181,PROCEED
MLP,low,W002191,C0215,CLEAN,0,0.4114665480955285,0,1,0.9772641287601924,0.042418861758306226,VERIFY
MLP,low,W002196,C0215,CLEAN,0,0.05989328860809402,0,1,0.3270211690781898,0.03942204206063665,PROCEED
MLP,low,W002201,C0215,CLEAN,0,0.005686413774813677,0,1,0.050591173614469,0.03183051418488754,PROCEED
MLP,low,W002205,C0215,CLEAN,0,2.036452404421216e-05,0,1,0.00034673173672748444,0.019672050136170797,PROCEED
MLP,low,W002206,C0215,LEAK,0,1.8431123608806963e-08,0,1,5.001465235534067e-07,0.08897755894206479,PROCEED
MLP,low,W002211,C0215,LEAK,0,0.1027842594437265,0,1,0.477759859795913,0.05945890077686078,PROCEED
MLP,low,W002216,C0215,LEAK,1,0.9999999999497589,1,1,1.791349755957149e-09,0.07213793156206288,PROCEED
MLP,low,W002221,C0215,LEAK,1,0.9999999999999998,1,1,4.1304950338020633e-11,0.03962279040329236,PROCEED
MLP,low,W002226,C0215,LEAK,1,0.9999999999999947,1,1,4.1304950338020633e-11,0.04871170505685396,PROCEED
MLP,low,W002231,C0215,LEAK,0,0.34262349952483456,0,1,0.9273071161336244,0.09361832775148482,PROCEED
MLP,low,W002236,C0215,LEAK,0,0.027306420174550716,0,1,0.1806983743862751,0.046918132730944154,PROCEED
MLP,low,W002241,C0215,LEAK,0,0.019226520118884656,0,1,0.13707537543931111,0.03550308863690364,PROCEED
MLP,low,W002246,C0215,LEAK,0,0.0003441774213943934,0,1,0.004456067368084803,0.03575397114770011,PROCEED
MLP,low,W002250,C0215,LEAK,0,0.00010992781026470416,0,1,0.0016042613671854674,0.031118298215035062,PROCEED
GCN_GRU,low,W002161,C0215,CLEAN,0,0.06382694934510286,0,1,0.3424527770715174,0.17823478380562896,PROCEED
GCN_GRU,low,W002166,C0215,CLEAN,0,0.15393274275707045,0,1,0.6195951126440973,0.12097022440884284,PROCEED
GCN_GRU,low,W002171,C0215,CLEAN,0,0.20694561615373627,0,1,0.7356036872482912,0.130925750940222,PROCEED
GCN_GRU,low,W002176,C0215,CLEAN,0,0.2320458186813761,0,1,0.7815606127551319,0.10613557135557539,PROCEED
GCN_GRU,low,W002181,C0215,CLEAN,0,0.3089491979557346,0,1,0.8919567619717346,0.18484622550146496,PROCEED
GCN_GRU,low,W002186,C0215,CLEAN,0,0.31754784081008114,0,1,0.9016948651486105,0.1729009101055894,PROCEED
GCN_GRU,low,W002191,C0215,CLEAN,0,0.1341153294876177,0,1,0.5686174289646582,0.13332441128327638,PROCEED
GCN_GRU,low,W002196,C0215,CLEAN,0,0.0632202561397167,0,1,0.34009766475882125,0.11689117160557996,PROCEED
GCN_GRU,low,W002201,C0215,CLEAN,0,0.0769428677304154,0,1,0.3913145089527076,0.13922853871381072,PROCEED
GCN_GRU,low,W002205,C0215,CLEAN,0,0.0735915717039337,0,1,0.37918596304538094,0.10414946896085217,PROCEED
GCN_GRU,low,W002206,C0215,LEAK,0,0.06382694934510286,0,1,0.3424527770715174,0.1782347942182364,PROCEED
GCN_GRU,low,W002211,C0215,LEAK,0,0.15393272723155677,0,1,0.6195950744750518,0.120970228075292,PROCEED
GCN_GRU,low,W002216,C0215,LEAK,1,0.4503572025844345,1,1,0.9928774946412181,0.16279103419657937,VERIFY
GCN_GRU,low,W002221,C0215,LEAK,1,0.9498593482871198,1,1,0.28699413523501577,0.16532099284660567,PROCEED
GCN_GRU,low,W002226,C0215,LEAK,1,0.5763450451696794,1,1,0.9831163478894743,0.2995295998289691,ESCALATE
GCN_GRU,low,W002231,C0215,LEAK,0,0.29744372281729126,0,1,0.8781436426263649,0.12255364846367613,PROCEED
GCN_GRU,low,W002236,C0215,LEAK,0,0.1921259011552377,0,1,0.7058975572103302,0.1435647429169346,PROCEED
GCN_GRU,low,W002241,C0215,LEAK,0,0.09583816879452327,0,1,0.4556623257946699,0.10230465264799293,PROCEED
GCN_GRU,low,W002246,C0215,LEAK,0,0.08532654513722557,0,1,0.42067498251790963,0.12631009193093293,PROCEED
GCN_GRU,low,W002250,C0215,LEAK,0,0.08445277907822503,0,1,0.4176777104594082,0.12582908505826573,PROCEED
MLP,low,W002251,C0218,CLEAN,0,1.0451222599699558e-08,0,1,2.9215815938260026e-07,0.07972252552717235,PROCEED
MLP,low,W002256,C0218,CLEAN,0,0.23781217506924457,0,1,0.7913830337592996,0.03779493748602625,PROCEED
MLP,low,W002261,C0218,CLEAN,0,0.12197138793727962,0,1,0.5350011359692783,0.055794158970482954,PROCEED
MLP,low,W002266,C0218,CLEAN,0,0.20041215213908337,0,1,0.7227516337167675,0.04390326690029684,PROCEED
MLP,low,W002271,C0218,CLEAN,0,0.31704083300721825,0,1,0.9011343973948499,0.0649075698778504,PROCEED
MLP,low,W002276,C0218,CLEAN,0,0.1650377876224299,0,1,0.6462264653587041,0.1286544825927458,REQUEST_SENSOR
MLP,low,W002281,C0218,CLEAN,0,0.12232513287168524,0,1,0.5360076621659181,0.060480774756492967,PROCEED
MLP,low,W002286,C0218,CLEAN,0,0.01241497749102023,0,1,0.09640821941809498,0.03789267350459676,PROCEED
MLP,low,W002291,C0218,CLEAN,0,0.01582928529000941,0,1,0.11733419679407413,0.05613362314015928,PROCEED
MLP,low,W002295,C0218,CLEAN,0,0.00038555366194529915,0,1,0.0049286086444711675,0.042535445306921965,PROCEED
MLP,low,W002296,C0218,LEAK,0,1.0451202665593641e-08,0,1,2.9215763098264856e-07,0.0797225244207081,PROCEED
MLP,low,W002301,C0218,LEAK,1,0.6675580332338366,1,1,0.9174018872262976,0.028321045990074047,PROCEED
MLP,low,W002306,C0218,LEAK,1,0.999631830381214,1,1,0.004730895374733813,0.055864798990936285,PROCEED
MLP,low,W002311,C0218,LEAK,1,0.9999976019269203,1,1,4.8230972047876135e-05,0.07410418895724018,PROCEED
MLP,low,W002316,C0218,LEAK,1,0.9999935214735458,1,1,0.00012100976035857235,0.038210327303602465,PROCEED
MLP,low,W002321,C0218,LEAK,1,0.9995843562893648,1,1,0.005268184350109405,0.027787249370819597,PROCEED
MLP,low,W002326,C0218,LEAK,0,0.3209907470611984,0,1,0.9054556061598669,0.07039168745172131,PROCEED
MLP,low,W002331,C0218,LEAK,0,0.016475923548684348,0,1,0.12116791597801688,0.06543967783769111,PROCEED
MLP,low,W002336,C0218,LEAK,0,0.3811649719552526,0,1,0.958860651927292,0.04125063029804253,PROCEED
MLP,low,W002340,C0218,LEAK,0,0.0002231057817169127,0,1,0.0030281073655624617,0.024672220482387416,PROCEED
GCN_GRU,low,W002251,C0218,CLEAN,0,0.09585566901933787,0,1,0.45571898737673583,0.24333364465882076,PROCEED
GCN_GRU,low,W002256,C0218,CLEAN,0,0.12250138795909259,0,1,0.5365085407011481,0.10609901902633775,PROCEED
GCN_GRU,low,W002261,C0218,CLEAN,0,0.2398210413266669,0,1,0.7947425506946595,0.20304125848850016,PROCEED
GCN_GRU,low,W002266,C0218,CLEAN,0,0.23524924266044112,0,1,0.7870502709180807,0.12570961958649243,PROCEED
GCN_GRU,low,W002271,C0218,CLEAN,0,0.3468955965572127,0,1,0.9312649602443426,0.20063970857290248,PROCEED
GCN_GRU,low,W002276,C0218,CLEAN,0,0.3325973048574931,0,1,0.9175580464145524,0.25432483350873386,PROCEED
GCN_GRU,low,W002281,C0218,CLEAN,0,0.21406454792629404,0,1,0.7491804781284344,0.21591163792551304,PROCEED
GCN_GRU,low,W002286,C0218,CLEAN,0,0.13541070681225212,0,1,0.5720925067604322,0.170459925603093,PROCEED
GCN_GRU,low,W002291,C0218,CLEAN,0,0.17999918498919204,0,1,0.6800752627853822,0.24885829449286836,PROCEED
GCN_GRU,low,W002295,C0218,CLEAN,0,0.5098812155745811,1,0,0.9997182567267948,0.3768914081990196,ESCALATE
GCN_GRU,low,W002296,C0218,LEAK,0,0.09585564835623109,0,1,0.4557189204774975,0.24333363979473177,PROCEED
GCN_GRU,low,W002301,C0218,LEAK,1,0.1261863505359373,0,0,0.5468856930300355,0.10404111441732967,PROCEED
GCN_GRU,low,W002306,C0218,LEAK,1,0.22208155828041104,0,0,0.7639501942500622,0.13569505939703055,PROCEED
GCN_GRU,low,W002311,C0218,LEAK,1,0.38267919780368864,1,1,0.9599122983647522,0.1267068388573846,PROCEED
GCN_GRU,low,W002316,C0218,LEAK,1,0.6491894153413224,1,1,0.9347898936121924,0.12694794888638114,PROCEED
GCN_GRU,low,W002321,C0218,LEAK,1,0.42628944925758666,1,1,0.9842656836852566,0.2472204069605186,VERIFY
GCN_GRU,low,W002326,C0218,LEAK,0,0.2872525460088518,0,1,0.8651456833071907,0.28090005290780745,REQUEST_SENSOR
GCN_GRU,low,W002331,C0218,LEAK,0,0.2478730638809679,0,1,0.8078895732767264,0.18533434909889238,PROCEED
GCN_GRU,low,W002336,C0218,LEAK,0,0.20006272038785056,0,1,0.7220535179290112,0.21974023373527635,PROCEED
GCN_GRU,low,W002340,C0218,LEAK,0,0.39550028072619603,1,0,0.9682574942443444,0.34485429588990124,ESCALATE
MLP,low,W002341,C0230,CLEAN,0,6.3145385593372734e-09,0,1,1.8110962045300048e-07,0.10079320537978612,REQUEST_SENSOR
MLP,low,W002346,C0230,CLEAN,0,0.18595953786737246,0,1,0.6929421875397711,0.03213386495607676,PROCEED
MLP,low,W002351,C0230,CLEAN,0,0.16589119702374017,0,1,0.6482187097638077,0.05889099385909077,PROCEED
MLP,low,W002356,C0230,CLEAN,0,0.17523122498269667,0,1,0.6695328273692488,0.047543097009114875,PROCEED
MLP,low,W002361,C0230,CLEAN,0,0.1484201268420625,0,1,0.6058725091132532,0.06473360339674983,PROCEED
MLP,low,W002366,C0230,CLEAN,0,0.0993900487632623,0,1,0.46705910661404637,0.12747310235389747,REQUEST_SENSOR
MLP,low,W002371,C0230,CLEAN,0,0.07959424078725862,0,1,0.40074785635135285,0.055865675076942345,PROCEED
MLP,low,W002376,C0230,CLEAN,0,0.005153148408586397,0,1,0.046580862505260695,0.04128824840709969,PROCEED
MLP,low,W002381,C0230,CLEAN,0,0.00801260027472686,0,1,0.0673091551186162,0.05882387998757648,PROCEED
MLP,low,W002385,C0230,CLEAN,0,5.75658950758101e-05,0,1,0.0008938302379468004,0.03771228687795711,PROCEED
MLP,low,W002386,C0230,LEAK,0,6.3145385593372734e-09,0,1,1.8110962045300048e-07,0.10079320205016516,REQUEST_SENSOR
MLP,low,W002391,C0230,LEAK,0,0.18595953786737246,0,1,0.6929421875397711,0.032133865114506416,PROCEED
MLP,low,W002396,C0230,LEAK,0,0.16589119702374017,0,1,0.6482187097638077,0.058890994140645817,PROCEED
MLP,low,W002401,C0230,LEAK,1,0.999995846538698,1,1,8.024465014988166e-05,0.061794612754035264,PROCEED
MLP,low,W002406,C0230,LEAK,1,0.9997388243729921,1,1,0.0034854406472199758,0.028154619100162252,PROCEED
MLP,low,W002411,C0230,LEAK,1,0.9989522636326225,1,1,0.011881799298957678,0.02537206647805508,PROCEED
MLP,low,W002416,C0230,LEAK,1,0.9969050028228013,1,1,0.03025764057695309,0.04216630584230976,PROCEED
MLP,low,W002421,C0230,LEAK,1,0.9410904295902598,1,1,0.3231010264764618,0.03973082585387783,PROCEED
MLP,low,W002426,C0230,LEAK,0,0.05573476534468236,0,1,0.3102755014163463,0.05218557624832014,PROCEED
MLP,low,W002430,C0230,LEAK,0,1.3861687056391802e-05,0,1,0.00024370540662006286,0.049746534330823974,PROCEED
GCN_GRU,low,W002341,C0230,CLEAN,0,0.2470147553707438,0,1,0.8065122471328542,0.1754013304448878,PROCEED
GCN_GRU,low,W002346,C0230,CLEAN,0,0.16915899923787733,0,1,0.6557773044856104,0.19853278189099688,PROCEED
GCN_GRU,low,W002351,C0230,CLEAN,0,0.2816471531531293,0,1,0.8576854759274317,0.15415618437396716,PROCEED
GCN_GRU,low,W002356,C0230,CLEAN,0,0.26284206834654006,0,1,0.8310048798558828,0.13922422198022388,PROCEED
GCN_GRU,low,W002361,C0230,CLEAN,0,0.3609581318632554,0,1,0.9434756375022955,0.1813327265568323,PROCEED
GCN_GRU,low,W002366,C0230,CLEAN,0,0.35568511631260485,0,1,0.9390431184065859,0.30642055865583984,REQUEST_SENSOR
GCN_GRU,low,W002371,C0230,CLEAN,0,0.9995497987983638,1,0,0.005654307715206598,0.28073649296249026,REQUEST_SENSOR
GCN_GRU,low,W002376,C0230,CLEAN,0,0.9975512330456308,1,0,0.024768435340056464,0.38782098972607026,REQUEST_SENSOR
GCN_GRU,low,W002381,C0230,CLEAN,0,0.9995322895885878,1,0,0.00584846353156526,0.41508465597497257,REQUEST_SENSOR
GCN_GRU,low,W002385,C0230,CLEAN,0,0.9999209202706498,1,0,0.0011916501116037402,0.40393732809081456,REQUEST_SENSOR
GCN_GRU,low,W002386,C0230,LEAK,0,0.2470148440617344,0,1,0.8065123897500981,0.17540132003150694,PROCEED
GCN_GRU,low,W002391,C0230,LEAK,0,0.16915899923787733,0,1,0.6557773044856104,0.19853278209894398,PROCEED
GCN_GRU,low,W002396,C0230,LEAK,0,0.2816471531531293,0,1,0.8576854759274317,0.1541561818280276,PROCEED
GCN_GRU,low,W002401,C0230,LEAK,1,0.545444165510703,1,1,0.9940329414458462,0.15193159276618218,VERIFY
GCN_GRU,low,W002406,C0230,LEAK,1,0.906916233963722,1,1,0.44668011601653484,0.0964036595491507,PROCEED
GCN_GRU,low,W002411,C0230,LEAK,1,0.5295374397508732,1,1,0.9974811453057464,0.2408220607155992,VERIFY
GCN_GRU,low,W002416,C0230,LEAK,1,0.9996880730813101,1,1,0.004082803431397164,0.39334990525042285,REQUEST_SENSOR
GCN_GRU,low,W002421,C0230,LEAK,1,0.9995306471554142,1,1,0.005866627020303638,0.30373572230573037,REQUEST_SENSOR
GCN_GRU,low,W002426,C0230,LEAK,0,0.9996139014268995,1,0,0.004934787503742558,0.3781059687629912,REQUEST_SENSOR
GCN_GRU,low,W002430,C0230,LEAK,0,0.9999142283416231,1,0,0.0012824383339105222,0.3934675796557454,REQUEST_SENSOR
MLP,low,W002431,C0233,CLEAN,0,3.669775731495566e-08,0,1,9.593684736967356e-07,0.07818626765877237,PROCEED
MLP,low,W002436,C0233,CLEAN,0,0.13640961455408265,0,1,0.5747581232029312,0.09035265381310362,PROCEED
MLP,low,W002441,C0233,CLEAN,0,0.0567438659511936,0,1,0.314381319280819,0.048658961463999555,PROCEED
MLP,low,W002446,C0233,CLEAN,0,0.0856323356402119,0,1,0.421720592472235,0.0263504513997459,PROCEED
MLP,low,W002451,C0233,CLEAN,0,0.16940282856831484,0,1,0.6563368785348295,0.037760931551460895,PROCEED
MLP,low,W002456,C0233,CLEAN,0,0.08209820023901739,0,1,0.4095295206841479,0.07428376686759261,PROCEED
MLP,low,W002461,C0233,CLEAN,0,0.29017455425763733,0,1,0.86894662288357,0.046854314816364956,PROCEED
MLP,low,W002466,C0233,CLEAN,0,0.05800912626001814,0,1,0.3194906668977223,0.038363375743685445,PROCEED
MLP,low,W002471,C0233,CLEAN,0,0.0021945272057691924,0,1,0.022544345053766957,0.035677657882273575,PROCEED
MLP,low,W002475,C0233,CLEAN,0,0.0010039972859238152,0,1,0.011447576534838128,0.025284526893150673,PROCEED
MLP,low,W002476,C0233,LEAK,0,3.6697687319607744e-08,0,1,9.593667449042544e-07,0.0781862552925697,PROCEED
MLP,low,W002481,C0233,LEAK,0,0.13640880005653347,0,1,0.5747559546790887,0.0903526571922299,PROCEED
MLP,low,W002486,C0233,LEAK,0,0.05674437639798894,0,1,0.31438338919685904,0.04865899351887076,PROCEED
MLP,low,W002491,C0233,LEAK,1,1.0,1,1,4.1304950338020633e-11,0.08674047623036837,PROCEED
MLP,low,W002496,C0233,LEAK,1,1.0,1,1,4.1304950338020633e-11,0.06372270752744065,PROCEED
MLP,low,W002501,C0233,LEAK,1,1.0,1,1,4.1304950338020633e-11,0.13556672636706807,REQUEST_SENSOR
MLP,low,W002506,C0233,LEAK,1,1.0,1,1,4.1304950338020633e-11,0.10678488739749017,REQUEST_SENSOR
MLP,low,W002511,C0233,LEAK,1,1.0,1,1,4.1304950338020633e-11,0.10108867580102376,REQUEST_SENSOR
MLP,low,W002516,C0233,LEAK,0,2.0094590132515193e-07,0,1,4.7602847019527455e-06,0.12035846278817752,REQUEST_SENSOR
MLP,low,W002520,C0233,LEAK,0,0.9999624005746912,1,0,0.0006069148001553319,0.16187862133932523,REQUEST_SENSOR
GCN_GRU,low,W002431,C0233,CLEAN,0,0.9289121467442264,1,0,0.3699702551761644,0.35379800752030877,REQUEST_SENSOR
GCN_GRU,low,W002436,C0233,CLEAN,0,0.13253663255932815,0,1,0.5643540951698534,0.09781653792661452,PROCEED
GCN_GRU,low,W002441,C0233,CLEAN,0,0.23909835106098634,0,1,0.7935376508831452,0.20452425344879746,PROCEED
GCN_GRU,low,W002446,C0233,CLEAN,0,0.22327607498807764,0,1,0.7661045625874504,0.09332962042963452,PROCEED
GCN_GRU,low,W002451,C0233,CLEAN,0,0.3201411990673811,0,1,0.9045349403765716,0.1438313172667665,PROCEED
GCN_GRU,low,W002456,C0233,CLEAN,0,0.29558555527171465,0,1,0.8758275872725916,0.15363373835290461,PROCEED
GCN_GRU,low,W002461,C0233,CLEAN,0,0.11545995588654351,0,1,0.5161682854586723,0.12357609037349733,PROCEED
GCN_GRU,low,W002466,C0233,CLEAN,0,0.07237970032461367,0,1,0.37474212316616895,0.08200260549839214,PROCEED
GCN_GRU,low,W002471,C0233,CLEAN,0,0.08690893866513864,0,1,0.42606721953279303,0.1053184546833706,PROCEED
GCN_GRU,low,W002475,C0233,CLEAN,0,0.08183515602826606,0,1,0.4086126964756995,0.08109660205219518,PROCEED
GCN_GRU,low,W002476,C0233,LEAK,0,0.9289106668108496,1,0,0.3699757425486424,0.3537976376076172,REQUEST_SENSOR
GCN_GRU,low,W002481,C0233,LEAK,0,0.1325369203766116,0,1,0.564354875272656,0.09781655102526039,PROCEED
GCN_GRU,low,W002486,C0233,LEAK,0,0.23909822093429867,0,1,0.7935374335577411,0.20452422158035918,PROCEED
GCN_GRU,low,W002491,C0233,LEAK,1,0.9999997318652338,1,1,6.240362947795365e-06,0.11226839115650736,PROCEED
GCN_GRU,low,W002496,C0233,LEAK,1,0.9999949369806519,1,1,9.637083658321664e-05,0.09337868743857115,PROCEED
GCN_GRU,low,W002501,C0233,LEAK,1,0.9999913252268077,1,1,0.00015837907572955232,0.2970228263504818,REQUEST_SENSOR
GCN_GRU,low,W002506,C0233,LEAK,1,0.9999991166738249,1,1,1.9038545294678348e-05,0.2764118298665995,PROCEED
GCN_GRU,low,W002511,C0233,LEAK,1,0.9999988592055196,1,1,2.4166845675383354e-05,0.27748852032680726,REQUEST_SENSOR
GCN_GRU,low,W002516,C0233,LEAK,0,0.08798307435780384,0,1,0.42970150877896296,0.42161790970014124,REQUEST_SENSOR
GCN_GRU,low,W002520,C0233,LEAK,0,0.10389123998786749,0,1,0.48121054408072805,0.40802351634459477,REQUEST_SENSOR
MLP,low,W002521,C0237,CLEAN,0,1.755438123678338e-07,0,1,4.1927516865619e-06,0.07085156317786667,PROCEED
MLP,low,W002526,C0237,CLEAN,0,0.2964188104308833,0,1,0.8768691258350295,0.041524068470301184,PROCEED
MLP,low,W002531,C0237,CLEAN,0,0.10052491264008703,0,1,0.47065732232461344,0.0596470122591016,PROCEED
MLP,low,W002536,C0237,CLEAN,0,0.2732322659300717,0,1,0.8460645938502852,0.05550389454692284,PROCEED
MLP,low,W002541,C0237,CLEAN,0,0.32136290185123606,0,1,0.9058574098107479,0.0834103477597157,PROCEED
MLP,low,W002546,C0237,CLEAN,0,0.11566994083116175,0,1,0.516784812282989,0.08841671425811759,PROCEED
MLP,low,W002551,C0237,CLEAN,0,0.18913015200196567,0,1,0.699648254701318,0.05289568118379441,PROCEED
MLP,low,W002556,C0237,CLEAN,0,0.07190801795962455,0,1,0.3730039947867105,0.03645552905395648,PROCEED
MLP,low,W002561,C0237,CLEAN,0,0.018381038785646533,0,1,0.13225142368379003,0.03936838564446796,PROCEED
MLP,low,W002565,C0237,CLEAN,0,0.0021101807391080644,0,1,0.021797300821786665,0.05019282619479127,PROCEED
MLP,low,W002566,C0237,LEAK,0,1.755438123678338e-07,0,1,4.1927516865619e-06,0.0708515626448696,PROCEED
MLP,low,W002571,C0237,LEAK,1,0.3804679956685549,0,0,0.9583718824869447,0.04258749184855494,PROCEED
MLP,low,W002576,C0237,LEAK,1,0.18514418945031097,0,0,0.6912022328431175,0.04007564351442802,PROCEED
MLP,low,W002581,C0237,LEAK,1,0.42254755239295033,0,0,0.9826209897712873,0.04143166363223263,VERIFY
MLP,low,W002586,C0237,LEAK,1,0.6005899163426961,1,1,0.9706044693861512,0.04924018247928384,PROCEED
MLP,low,W002591,C0237,LEAK,0,0.19556265090104935,0,1,0.7129641271765933,0.06841594366556092,PROCEED
MLP,low,W002596,C0237,LEAK,0,0.1803327322975254,0,1,0.680804399083792,0.034964812976155904,PROCEED
MLP,low,W002601,C0237,LEAK,0,0.0942105943755787,0,1,0.4503702240684241,0.03921302596765838,PROCEED
MLP,low,W002606,C0237,LEAK,0,0.022840497685874192,0,1,0.1571050358246567,0.04104860032952498,PROCEED
MLP,low,W002610,C0237,LEAK,0,0.0018201440989759222,0,1,0.019189984730032698,0.05395106721512744,PROCEED
GCN_GRU,low,W002521,C0237,CLEAN,0,0.15599708723991276,0,1,0.6246467286033113,0.20522275571542153,PROCEED
GCN_GRU,low,W002526,C0237,CLEAN,0,0.35076226092625046,0,1,0.9347469772927017,0.15167046647167484,PROCEED
GCN_GRU,low,W002531,C0237,CLEAN,0,0.24468201110937576,0,1,0.8027399883963074,0.13327428323516918,PROCEED
GCN_GRU,low,W002536,C0237,CLEAN,0,0.24199723977293927,0,1,0.7983458736573642,0.13649062804639125,PROCEED
GCN_GRU,low,W002541,C0237,CLEAN,0,0.31182287059365116,0,1,0.8952664553928898,0.17603015166609104,PROCEED
GCN_GRU,low,W002546,C0237,CLEAN,0,0.3282259550411743,0,1,0.9131035624342351,0.19918671496419155,PROCEED
GCN_GRU,low,W002551,C0237,CLEAN,0,0.3102239414466378,0,1,0.8934317911922542,0.20389421006237501,PROCEED
GCN_GRU,low,W002556,C0237,CLEAN,0,0.17776767031713006,0,1,0.6751691076787654,0.14637089962546918,PROCEED
GCN_GRU,low,W002561,C0237,CLEAN,0,0.18648033989847526,0,1,0.694050262515751,0.16400252376023688,PROCEED
GCN_GRU,low,W002565,C0237,CLEAN,0,0.33639370669610624,0,1,0.921325851358486,0.19593448822858017,PROCEED
GCN_GRU,low,W002566,C0237,LEAK,0,0.15599715002125508,0,1,0.6246468815216188,0.20522275977027113,PROCEED
GCN_GRU,low,W002571,C0237,LEAK,1,0.351680798370086,0,0,0.9355601997813402,0.1607122904670083,PROCEED
GCN_GRU,low,W002576,C0237,LEAK,1,0.23652887265974454,0,0,0.7892201078036168,0.1241799270478065,PROCEED
GCN_GRU,low,W002581,C0237,LEAK,1,0.2640045985345667,0,0,0.8327294394194155,0.14621837358299794,PROCEED
GCN_GRU,low,W002586,C0237,LEAK,1,0.37595397877759357,0,0,0.9551342524250278,0.20263638222359595,PROCEED
GCN_GRU,low,W002591,C0237,LEAK,0,0.360880179570247,0,1,0.9434113796552531,0.21412502818431306,PROCEED
GCN_GRU,low,W002596,C0237,LEAK,0,0.23612007909775237,0,1,0.7885283510608503,0.1952869517298051,PROCEED
GCN_GRU,low,W002601,C0237,LEAK,0,0.1968457469287368,0,1,0.7155745546629197,0.16552450679948594,PROCEED
GCN_GRU,low,W002606,C0237,LEAK,0,0.1941146456192251,0,1,0.7100000586704384,0.16551483333167644,PROCEED
GCN_GRU,low,W002610,C0237,LEAK,0,0.3456826684961438,0,1,0.930153098080902,0.198541136327749,PROCEED
MLP,low,W002611,C0240,CLEAN,0,1.8336939877059247e-08,0,1,4.97726286672788e-07,0.05824904374747282,PROCEED
MLP,low,W002616,C0240,CLEAN,0,0.40613926875083894,0,1,0.9744287427214647,0.024591956646526344,VERIFY
MLP,low,W002621,C0240,CLEAN,0,0.7298742444658237,1,0,0.8416450296120974,0.036065585747216675,PROCEED
MLP,low,W002626,C0240,CLEAN,0,0.6419954077906083,1,0,0.9410143750613702,0.0501091788367584,PROCEED
MLP,low,W002631,C0240,CLEAN,0,0.6910396161586592,1,0,0.8919697530842364,0.031102821988770825,PROCEED
MLP,low,W002636,C0240,CLEAN,0,0.46947345631504617,1,0,0.9973095190130931,0.044161140602580945,VERIFY
MLP,low,W002641,C0240,CLEAN,0,0.05626731753287429,0,1,0.3124457927751025,0.02551765124011793,PROCEED
MLP,low,W002646,C0240,CLEAN,0,0.05563583504005649,0,1,0.30987147999699954,0.03158091817549285,PROCEED
MLP,low,W002651,C0240,CLEAN,0,0.019746633166650034,0,1,0.1400155888649197,0.04841021244592239,PROCEED
MLP,low,W002655,C0240,CLEAN,0,0.0005254343181355028,0,1,0.006482029871891315,0.0304525122155964,PROCEED
MLP,low,W002656,C0240,LEAK,0,1.833686992731954e-08,0,1,4.97724488925498e-07,0.058249068702519946,PROCEED
MLP,low,W002661,C0240,LEAK,1,0.9999489558532144,1,1,0.0008014213399545235,0.02702790060555874,PROCEED
MLP,low,W002666,C0240,LEAK,1,0.999994427929436,1,1,0.00010529010204081871,0.05566808678947616,PROCEED
MLP,low,W002671,C0240,LEAK,1,0.9999999999905897,1,1,3.58263278763566e-10,0.020258450547717976,PROCEED
MLP,low,W002676,C0240,LEAK,1,0.9999993269668672,1,1,1.4770057829617405e-05,0.0333898548383124,PROCEED
MLP,low,W002681,C0240,LEAK,0,0.24638158252285344,0,1,0.8054925340497615,0.0492951723051537,PROCEED
MLP,low,W002686,C0240,LEAK,0,0.1353018141700874,0,1,0.5718011814573607,0.048621838946524165,PROCEED
MLP,low,W002691,C0240,LEAK,0,0.06694702480232556,0,1,0.35442584790834164,0.03434884067833345,PROCEED
MLP,low,W002696,C0240,LEAK,0,0.020708920892578347,0,1,0.145402641754673,0.05854786151556405,PROCEED
MLP,low,W002700,C0240,LEAK,0,0.000554696105846571,0,1,0.0067996366107419244,0.03141750858490501,PROCEED
GCN_GRU,low,W002611,C0240,CLEAN,0,0.03838557715247573,0,1,0.23484051580519974,0.1298598683246212,PROCEED
GCN_GRU,low,W002616,C0240,CLEAN,0,0.4609728921618763,1,0,0.9956007452476947,0.3418997625483928,ESCALATE
GCN_GRU,low,W002621,C0240,CLEAN,0,0.19739721767364074,0,1,0.7166918879644778,0.11751464565196197,PROCEED
GCN_GRU,low,W002626,C0240,CLEAN,0,0.22617937768625132,0,1,0.7712914119441602,0.16540538300666202,PROCEED
GCN_GRU,low,W002631,C0240,CLEAN,0,0.2997516121111338,0,1,0.8809870597974526,0.12312367375544,PROCEED
GCN_GRU,low,W002636,C0240,CLEAN,0,0.3038857708449722,0,1,0.8859890973102581,0.16584627195997098,PROCEED
GCN_GRU,low,W002641,C0240,CLEAN,0,0.6349268843231353,1,0,0.9468138422447192,0.26642301932673895,PROCEED
GCN_GRU,low,W002646,C0240,CLEAN,0,0.9949673951304263,1,0,0.045663529675443744,0.3770103567497025,REQUEST_SENSOR
GCN_GRU,low,W002651,C0240,CLEAN,0,0.9995090036394227,1,0,0.006105216104798554,0.3867815296773499,REQUEST_SENSOR
GCN_GRU,low,W002655,C0240,CLEAN,0,0.9995604278526408,1,0,0.005535967366187252,0.28703508102707775,REQUEST_SENSOR
GCN_GRU,low,W002656,C0240,LEAK,0,0.03838548914720956,0,1,0.23484010686021592,0.1298599218127573,PROCEED
GCN_GRU,low,W002661,C0240,LEAK,1,0.3055928552561512,0,0,0.8880204934674901,0.19785599180992314,PROCEED
GCN_GRU,low,W002666,C0240,LEAK,1,0.8565829390158938,1,1,0.5931183010717542,0.2284334000055055,PROCEED
GCN_GRU,low,W002671,C0240,LEAK,1,0.6121819930619803,1,1,0.963376985654371,0.11423075777653251,VERIFY
GCN_GRU,low,W002676,C0240,LEAK,1,0.3854935546565702,1,1,0.9618297174968617,0.1445063544930721,PROCEED
GCN_GRU,low,W002681,C0240,LEAK,0,0.24170573967958395,0,1,0.7978653768161634,0.10482100173822048,PROCEED
GCN_GRU,low,W002686,C0240,LEAK,0,0.9865555765004165,1,0,0.10284717077655159,0.29269729470582795,REQUEST_SENSOR
GCN_GRU,low,W002691,C0240,LEAK,0,0.997339237901807,1,0,0.026593568868668437,0.3908655123252878,REQUEST_SENSOR
GCN_GRU,low,W002696,C0240,LEAK,0,0.9995457771763275,1,0,0.00569898819850315,0.39870254342117295,REQUEST_SENSOR
GCN_GRU,low,W002700,C0240,LEAK,0,0.9996110183004275,1,0,0.004967461430453896,0.30094800134897964,REQUEST_SENSOR
MLP,medium,W000001,C0002,CLEAN,0,5.589126290367693e-08,0,1,1.42721117546443e-06,0.08057113060310743,PROCEED
MLP,medium,W000006,C0002,CLEAN,0,0.4015193539718862,0,1,0.9718324241982513,0.02056325107670643,VERIFY
MLP,medium,W000011,C0002,CLEAN,0,0.09626435608081499,0,1,0.4570407713137559,0.0477930008007381,PROCEED
MLP,medium,W000016,C0002,CLEAN,0,0.27347295945480526,0,1,0.8464040902201719,0.044194830119317595,PROCEED
MLP,medium,W000021,C0002,CLEAN,0,0.09124174585216026,0,1,0.4406010779129156,0.05547217956055277,PROCEED
MLP,medium,W000026,C0002,CLEAN,0,0.026451201396296795,0,1,0.17626993260585042,0.06489369883888302,PROCEED
MLP,medium,W000031,C0002,CLEAN,0,0.08807031340248835,0,1,0.4299957642155423,0.0382278975262806,PROCEED
MLP,medium,W000036,C0002,CLEAN,0,0.04677478969651739,0,1,0.272535204253313,0.03855807535474272,PROCEED
MLP,medium,W000041,C0002,CLEAN,0,0.007608468552149524,0,1,0.06448459302685847,0.03087914371969163,PROCEED
MLP,medium,W000045,C0002,CLEAN,0,0.00023968595091074647,0,1,0.0032283514435140783,0.037258402075064395,PROCEED
MLP,medium,W000046,C0002,LEAK,0,5.589094309223812e-08,0,1,1.427203470246257e-06,0.08057114052019722,PROCEED
MLP,medium,W000051,C0002,LEAK,0,0.4015200414803646,0,1,0.9718328200883205,0.020563262494989493,VERIFY
MLP,medium,W000056,C0002,LEAK,0,0.0962647086924586,0,1,0.45704191054001814,0.04779299935196331,PROCEED
MLP,medium,W000061,C0002,LEAK,0,0.27347443977963415,0,1,0.846406176905193,0.04419486999326788,PROCEED
MLP,medium,W000066,C0002,LEAK,1,1.0,1,1,4.1304950338020633e-11,0.08861397952379864,PROCEED
MLP,medium,W000071,C0002,LEAK,1,1.0,1,1,4.1304950338020633e-11,0.1127229503428012,REQUEST_SENSOR
MLP,medium,W000076,C0002,LEAK,1,1.0,1,1,4.1304950338020633e-11,0.15923937562401774,REQUEST_SENSOR
MLP,medium,W000081,C0002,LEAK,1,1.0,1,1,4.1304950338020633e-11,0.1540146436800553,REQUEST_SENSOR
MLP,medium,W000086,C0002,LEAK,0,0.0022309844824065185,0,1,0.022865780128943726,0.14206962403952125,REQUEST_SENSOR
MLP,medium,W000090,C0002,LEAK,0,0.9999999999999991,1,0,4.1304950338020633e-11,0.15738587082655348,REQUEST_SENSOR
GCN_GRU,medium,W000001,C0002,CLEAN,0,0.6505176339924237,1,0,0.9336049145446975,0.31661435566013163,REQUEST_SENSOR
GCN_GRU,medium,W000006,C0002,CLEAN,0,0.1878601738454408,0,1,0.6969735857430202,0.20618949174317347,PROCEED
GCN_GRU,medium,W000011,C0002,CLEAN,0,0.18624072793494928,0,1,0.6935407771827324,0.13224560452767511,PROCEED
GCN_GRU,medium,W000016,C0002,CLEAN,0,0.28750729766048116,0,1,0.8654794522726822,0.18925615087419947,PROCEED
GCN_GRU,medium,W000021,C0002,CLEAN,0,0.39286564902035204,1,0,0.9666239744653637,0.14293841763072046,VERIFY
GCN_GRU,medium,W000026,C0002,CLEAN,0,0.37873586974131657,1,0,0.9571443116135243,0.23576892272019667,PROCEED
GCN_GRU,medium,W000031,C0002,CLEAN,0,0.32502805603072715,0,1,0.9097657035623619,0.2241714137828419,PROCEED
GCN_GRU,medium,W000036,C0002,CLEAN,0,0.18020397873813698,0,1,0.6805230718413956,0.15237757415537517,PROCEED
GCN_GRU,medium,W000041,C0002,CLEAN,0,0.17815250017898593,0,1,0.6760186792551099,0.13494622416803986,PROCEED
GCN_GRU,medium,W000045,C0002,CLEAN,0,0.2614573032751384,0,1,0.8289375103256821,0.20760485541786972,PROCEED
GCN_GRU,medium,W000046,C0002,LEAK,0,0.6505202086371277,1,0,0.933602606693246,0.3166144146381912,REQUEST_SENSOR
GCN_GRU,medium,W000051,C0002,LEAK,0,0.18786088316325172,0,1,0.6969750838687218,0.20618954878208423,PROCEED
GCN_GRU,medium,W000056,C0002,LEAK,0,0.1862407821352896,0,1,0.6935408924903368,0.13224564145061904,PROCEED
GCN_GRU,medium,W000061,C0002,LEAK,0,0.2875074319685618,0,1,0.8654796281190542,0.1892561373241149,PROCEED
GCN_GRU,medium,W000066,C0002,LEAK,1,0.9999999972831093,1,1,8.122984673180861e-08,0.28020932600475756,REQUEST_SENSOR
GCN_GRU,medium,W000071,C0002,LEAK,1,0.9999999946765672,1,1,1.5399461940056762e-07,0.3290832913087031,REQUEST_SENSOR
GCN_GRU,medium,W000076,C0002,LEAK,1,0.9999999919943318,1,1,2.268728408527534e-07,0.28893013352954894,REQUEST_SENSOR
GCN_GRU,medium,W000081,C0002,LEAK,1,0.9999999900928572,1,1,2.7771285376143073e-07,0.27489156808581217,PROCEED
GCN_GRU,medium,W000086,C0002,LEAK,0,0.9997905115734808,1,0,0.002862321182427153,0.37727435335070025,REQUEST_SENSOR
GCN_GRU,medium,W000090,C0002,LEAK,0,0.9999993634780174,1,0,1.4020021034803281e-05,0.3437993744818572,REQUEST_SENSOR
MLP,medium,W000091,C0018,CLEAN,0,1.115462171130023e-10,0,1,3.848827975921312e-09,0.10450308338777964,REQUEST_SENSOR
MLP,medium,W000096,C0018,CLEAN,0,0.3551782816416542,0,1,0.9386078685717111,0.042586281049178776,PROCEED
MLP,medium,W000101,C0018,CLEAN,0,0.9999997760199104,1,0,5.27088336745272e-06,0.023911086278623872,PROCEED
MLP,medium,W000106,C0018,CLEAN,0,0.6473145220477787,1,0,0.9364435748805149,0.050121510122896895,PROCEED
MLP,medium,W000111,C0018,CLEAN,0,0.10585205102468657,0,1,0.48727629465173117,0.07390225997344829,PROCEED
MLP,medium,W000116,C0018,CLEAN,0,0.013999590947717133,0,1,0.10627118227663307,0.0859192403675838,PROCEED
MLP,medium,W000121,C0018,CLEAN,0,0.012783301961099868,0,1,0.0987258238481809,0.04847863436371469,PROCEED
MLP,medium,W000126,C0018,CLEAN,0,0.00552787518130628,0,1,0.04940681835483384,0.06953222718914527,PROCEED
MLP,medium,W000131,C0018,CLEAN,0,0.0003442617586126754,0,1,0.004457037573870716,0.046412314412685195,PROCEED
MLP,medium,W000135,C0018,CLEAN,0,1.9059184677971813e-06,0,1,3.8964169907937825e-05,0.07028506695301726,PROCEED
MLP,medium,W000136,C0018,LEAK,0,1.115462171130023e-10,0,1,3.848827975921312e-09,0.10450308577147109,REQUEST_SENSOR
MLP,medium,W000141,C0018,LEAK,0,0.3551783089437613,0,1,0.9386078920612667,0.042586284125552376,PROCEED
MLP,medium,W000146,C0018,LEAK,0,0.9999997760199104,1,0,5.27088336745272e-06,0.02391109039040199,PROCEED
MLP,medium,W000151,C0018,LEAK,1,0.7377737087352227,1,1,0.8300873281532973,0.042909507494078805,PROCEED
MLP,medium,W000156,C0018,LEAK,1,0.08185110120041338,0,0,0.40866831016617816,0.07915924746462577,PROCEED
MLP,medium,W000161,C0018,LEAK,1,0.15087927828872938,0,0,0.6120363318671455,0.06131190262214803,PROCEED
MLP,medium,W000166,C0018,LEAK,1,0.07396611830437404,0,0,0.38055308777821556,0.051365275755331355,PROCEED
MLP,medium,W000171,C0018,LEAK,0,0.8885061614271937,1,0,0.5044054483936912,0.05165082220740587,PROCEED
MLP,medium,W000176,C0018,LEAK,0,0.006967915185469683,0,1,0.0599429833199879,0.04507190134722329,PROCEED
MLP,medium,W000180,C0018,LEAK,0,8.132524281607272e-07,0,1,1.7625203403841386e-05,0.08084234168361923,PROCEED
GCN_GRU,medium,W000091,C0018,CLEAN,0,0.718762899549497,1,0,0.8571309755276922,0.2771777867160635,REQUEST_SENSOR
GCN_GRU,medium,W000096,C0018,CLEAN,0,0.4140529650717152,1,0,0.9785797090209268,0.35392277312497766,ESCALATE
GCN_GRU,medium,W000101,C0018,CLEAN,0,0.37513854672300867,0,1,0.9545360480179174,0.1773033368433527,PROCEED
GCN_GRU,medium,W000106,C0018,CLEAN,0,0.2668888076567152,0,1,0.8369647595326727,0.1346122362988598,PROCEED
GCN_GRU,medium,W000111,C0018,CLEAN,0,0.37198367059237414,0,1,0.952183039556678,0.21769603216779115,PROCEED
GCN_GRU,medium,W000116,C0018,CLEAN,0,0.3405890182592952,0,1,0.9253812400126558,0.24131929343569633,PROCEED
GCN_GRU,medium,W000121,C0018,CLEAN,0,0.99997045572947,1,0,0.00048716835290999263,0.4203329456906052,REQUEST_SENSOR
GCN_GRU,medium,W000126,C0018,CLEAN,0,0.9998170679096158,1,0,0.00253524985445383,0.4439986416030678,REQUEST_SENSOR
GCN_GRU,medium,W000131,C0018,CLEAN,0,0.9999799079927842,1,0,0.00034248231380863887,0.4449082163760425,REQUEST_SENSOR
GCN_GRU,medium,W000135,C0018,CLEAN,0,0.9999990610653892,1,0,2.015438760254427e-05,0.390376355967773,REQUEST_SENSOR
GCN_GRU,medium,W000136,C0018,LEAK,0,0.7187625380898731,1,0,0.8571314648456075,0.2771777815019472,REQUEST_SENSOR
GCN_GRU,medium,W000141,C0018,LEAK,0,0.41405329767172,1,0,0.9785798756382118,0.35392278897923074,ESCALATE
GCN_GRU,medium,W000146,C0018,LEAK,0,0.37513850480730365,0,1,0.9545360171632239,0.1773033338981273,PROCEED
GCN_GRU,medium,W000151,C0018,LEAK,1,0.2843991324488315,0,0,0.8613759113228647,0.13695332234122537,PROCEED
GCN_GRU,medium,W000156,C0018,LEAK,1,0.3974992317994133,1,1,0.9694689290436102,0.14180453618042557,VERIFY
GCN_GRU,medium,W000161,C0018,LEAK,1,0.3465357223180708,0,0,0.9309360502658458,0.1098945010761897,PROCEED
GCN_GRU,medium,W000166,C0018,LEAK,1,0.999905374561124,1,1,0.0014014064561333533,0.42175000842075394,REQUEST_SENSOR
GCN_GRU,medium,W000171,C0018,LEAK,0,0.9999998756179785,1,0,3.032609515371062e-06,0.4726441852094492,REQUEST_SENSOR
GCN_GRU,medium,W000176,C0018,LEAK,0,0.9999434160126267,1,0,0.0008799885615171289,0.404581935821974,REQUEST_SENSOR
GCN_GRU,medium,W000180,C0018,LEAK,0,0.9999988896387256,1,0,2.3565456763704834e-05,0.3874520171841248,REQUEST_SENSOR
MLP,medium,W000181,C0039,CLEAN,0,5.135938471736806e-08,0,1,1.3177529945276501e-06,0.103901334953696,REQUEST_SENSOR
MLP,medium,W000186,C0039,CLEAN,0,0.8291946810751695,1,0,0.6595436960840888,0.03180876858445714,PROCEED
MLP,medium,W000191,C0039,CLEAN,0,0.8972939215448622,1,0,0.4775154310583645,0.031174976565520766,PROCEED
MLP,medium,W000196,C0039,CLEAN,0,0.9765685144364903,1,0,0.16029636214800036,0.07171766634009827,PROCEED
MLP,medium,W000201,C0039,CLEAN,0,0.987521798678587,1,0,0.09680716418726755,0.07085675323045229,PROCEED
MLP,medium,W000206,C0039,CLEAN,0,0.9957110386126774,1,0,0.039907725192734875,0.0678378537787562,PROCEED
MLP,medium,W000211,C0039,CLEAN,0,0.9861097354741338,1,0,0.10559949609506837,0.059490369931614606,PROCEED
MLP,medium,W000216,C0039,CLEAN,0,0.9799544508258279,1,0,0.14169621163804455,0.06973077103573624,PROCEED
MLP,medium,W000221,C0039,CLEAN,0,0.9237930165094247,1,0,0.3886711712186137,0.06245442929248031,PROCEED
MLP,medium,W000225,C0039,CLEAN,0,0.000416876403976357,0,1,0.005282027036678738,0.05469747792498385,PROCEED
MLP,medium,W000226,C0039,LEAK,0,5.135928675721429e-08,0,1,1.3177506223376484e-06,0.10390133691776447,REQUEST_SENSOR
MLP,medium,W000231,C0039,LEAK,1,0.9999999948090113,1,1,1.5035199816283072e-07,0.0246917229778935,PROCEED
MLP,medium,W000236,C0039,LEAK,1,0.9999999999999989,1,1,4.1304950338020633e-11,0.06768209612107304,PROCEED
MLP,medium,W000241,C0039,LEAK,1,1.0,1,1,4.1304950338020633e-11,0.049385019891137014,PROCEED
MLP,medium,W000246,C0039,LEAK,1,0.9999999999999918,1,1,4.1304950338020633e-11,0.03674250949912097,PROCEED
MLP,medium,W000251,C0039,LEAK,1,0.9999999999999796,1,1,4.1304950338020633e-11,0.025732465672393068,PROCEED
MLP,medium,W000256,C0039,LEAK,0,0.008332074002325343,0,1,0.06952096399856418,0.08935536652964611,PROCEED
MLP,medium,W000261,C0039,LEAK,0,0.0300698444974792,0,1,0.1947420036839357,0.07621138372645736,PROCEED
MLP,medium,W000266,C0039,LEAK,0,0.010382673443424457,0,1,0.0833194767921082,0.06073537601443414,PROCEED
MLP,medium,W000270,C0039,LEAK,0,7.108029438248502e-07,0,1,1.5542944255659795e-05,0.040397655557289164,PROCEED
GCN_GRU,medium,W000181,C0039,CLEAN,0,0.3395998102809526,0,1,0.9244352359978856,0.18370532884495383,PROCEED
GCN_GRU,medium,W000186,C0039,CLEAN,0,0.5496130673821367,1,0,0.9928860372087149,0.24289912698454158,VERIFY
GCN_GRU,medium,W000191,C0039,CLEAN,0,0.46406130254795563,1,0,0.9962700435004088,0.22201996390922807,VERIFY
GCN_GRU,medium,W000196,C0039,CLEAN,0,0.5552477269218778,1,0,0.9911748817037457,0.2979967562229229,ESCALATE
GCN_GRU,medium,W000201,C0039,CLEAN,0,0.33323907151884746,0,1,0.9182015433964266,0.2253002672820658,PROCEED
GCN_GRU,medium,W000206,C0039,CLEAN,0,0.29706645505491747,0,1,0.8776753402766454,0.23121395172234138,PROCEED
GCN_GRU,medium,W000211,C0039,CLEAN,0,0.22518503580269617,0,1,0.7695228414790184,0.060597940860155915,PROCEED
GCN_GRU,medium,W000216,C0039,CLEAN,0,0.1995653832634946,0,1,0.721058009347624,0.058009065722328404,PROCEED
GCN_GRU,medium,W000221,C0039,CLEAN,0,0.17007414973839927,0,1,0.6578743738447503,0.057823853240931034,PROCEED
GCN_GRU,medium,W000225,C0039,CLEAN,0,0.29702992581181764,0,1,0.8776299443345522,0.09213212385745637,PROCEED
GCN_GRU,medium,W000226,C0039,LEAK,0,0.3395995830311141,0,1,0.9244350179503901,0.1837053474986136,PROCEED
GCN_GRU,medium,W000231,C0039,LEAK,1,0.9873564144686254,1,1,0.0978485374890304,0.16827215308351368,PROCEED
GCN_GRU,medium,W000236,C0039,LEAK,1,0.9998223050261072,1,1,0.0024701158614753235,0.19351252020803184,PROCEED
GCN_GRU,medium,W000241,C0039,LEAK,1,0.9997993041546347,1,1,0.0027546010304613537,0.15912660696228542,PROCEED
GCN_GRU,medium,W000246,C0039,LEAK,1,0.999775539974139,1,1,0.0030445279710730583,0.13844550622663823,PROCEED
GCN_GRU,medium,W000251,C0039,LEAK,1,0.9975210105595655,1,1,0.02503020146077621,0.12973780022729775,PROCEED
GCN_GRU,medium,W000256,C0039,LEAK,0,0.798122863307102,1,0,0.7256665192942288,0.15398850490957888,PROCEED
GCN_GRU,medium,W000261,C0039,LEAK,0,0.2520849362268833,0,1,0.8145659774750146,0.12384042141257401,PROCEED
GCN_GRU,medium,W000266,C0039,LEAK,0,0.1670774447447486,0,1,0.6509753430056854,0.11218652516099586,PROCEED
GCN_GRU,medium,W000270,C0039,LEAK,0,0.18840679411412836,0,1,0.6981266737561007,0.08466149525434516,PROCEED
MLP,medium,W000271,C0048,CLEAN,0,1.648054283242927e-08,0,1,4.498752451735644e-07,0.08167479350048319,PROCEED
MLP,medium,W000276,C0048,CLEAN,0,0.06508034110427019,0,1,0.3472902399397303,0.07913939835286429,PROCEED
MLP,medium,W000281,C0048,CLEAN,0,0.015463269721542392,0,1,0.11514713724802192,0.060122913095493224,PROCEED
MLP,medium,W000286,C0048,CLEAN,0,0.03886077315270172,0,1,0.23704427167695524,0.05009377408252827,PROCEED
MLP,medium,W000291,C0048,CLEAN,0,0.09261816767656476,0,1,0.4451490646053903,0.060023500009969394,PROCEED
MLP,medium,W000296,C0048,CLEAN,0,0.052046587450877625,0,1,0.2950279099978726,0.054364035893853656,PROCEED
MLP,medium,W000301,C0048,CLEAN,0,0.34856561719192575,0,1,0.9327805020813741,0.04204286030418708,PROCEED
MLP,medium,W000306,C0048,CLEAN,0,0.0050973898196411335,0,1,0.04615705538654975,0.061152984901182705,PROCEED
MLP,medium,W000311,C0048,CLEAN,0,0.01320149188143293,0,1,0.10133841684516376,0.031711442252048756,PROCEED
MLP,medium,W000315,C0048,CLEAN,0,5.583783221286396e-05,0,1,0.0008694538058770586,0.0219067007915029,PROCEED
MLP,medium,W000316,C0048,LEAK,0,1.648054283242927e-08,0,1,4.498752451735644e-07,0.08167478881612605,PROCEED
MLP,medium,W000321,C0048,LEAK,0,0.06508032659771941,0,1,0.3472901841685872,0.0791394028503816,PROCEED
MLP,medium,W000326,C0048,LEAK,0,0.015463233424365497,0,1,0.11514691973612094,0.060122981014953294,PROCEED
MLP,medium,W000331,C0048,LEAK,0,0.03886077315270172,0,1,0.23704427167695524,0.05009377868100312,PROCEED
MLP,medium,W000336,C0048,LEAK,0,0.09261830793361309,0,1,0.44514952637948424,0.060023527200942395,PROCEED
MLP,medium,W000341,C0048,LEAK,1,0.9999999999999565,1,1,4.1304950338020633e-11,0.040702275875338104,PROCEED
MLP,medium,W000346,C0048,LEAK,1,1.0,1,1,4.1304950338020633e-11,0.0448136352245653,PROCEED
MLP,medium,W000351,C0048,LEAK,1,0.9999999999999996,1,1,4.1304950338020633e-11,0.0468262427380534,PROCEED
MLP,medium,W000356,C0048,LEAK,0,0.07961656558605018,0,1,0.4008266922316175,0.0671575868599765,PROCEED
MLP,medium,W000360,C0048,LEAK,0,0.002479355001936755,0,1,0.025033364424888765,0.043885603859052304,PROCEED
GCN_GRU,medium,W000271,C0048,CLEAN,0,0.9997626970949737,1,0,0.003199675254593476,0.40833318179069966,REQUEST_SENSOR
GCN_GRU,medium,W000276,C0048,CLEAN,0,0.2930568358006208,0,1,0.8726372943461044,0.12187973893737247,PROCEED
GCN_GRU,medium,W000281,C0048,CLEAN,0,0.22806536386484386,0,1,0.7746235232545666,0.11769028536489015,PROCEED
GCN_GRU,medium,W000286,C0048,CLEAN,0,0.2632759776970846,0,1,0.8316497397402675,0.11530520270072725,PROCEED
GCN_GRU,medium,W000291,C0048,CLEAN,0,0.48005937262664927,1,0,0.9988523819933365,0.2159345640554433,VERIFY
GCN_GRU,medium,W000296,C0048,CLEAN,0,0.6367590260456397,1,0,0.9453405973896486,0.18312406175699747,PROCEED
GCN_GRU,medium,W000301,C0048,CLEAN,0,0.12292609896117686,0,1,0.5377137650010921,0.11404902169773082,PROCEED
GCN_GRU,medium,W000306,C0048,CLEAN,0,0.05716775225933423,0,1,0.31609781034439777,0.10033155818885026,PROCEED
GCN_GRU,medium,W000311,C0048,CLEAN,0,0.05596036027938143,0,1,0.3111958057006836,0.07734655174679589,PROCEED
GCN_GRU,medium,W000315,C0048,CLEAN,0,0.057514741649218055,0,1,0.3174993326258117,0.07616709617858552,PROCEED
GCN_GRU,medium,W000316,C0048,LEAK,0,0.9997626961899481,1,0,0.003199686151678747,0.40833315670330206,REQUEST_SENSOR
GCN_GRU,medium,W000321,C0048,LEAK,0,0.29305688519487955,0,1,0.872637357097241,0.12187973371134718,PROCEED
GCN_GRU,medium,W000326,C0048,LEAK,0,0.22806534287786392,0,1,0.7746234863378096,0.1176903130448606,PROCEED
GCN_GRU,medium,W000331,C0048,LEAK,0,0.2632762320396135,0,1,0.83165011732382,0.11530537936192631,PROCEED
GCN_GRU,medium,W000336,C0048,LEAK,0,0.4800580280762847,1,0,0.9988522271845914,0.21593443073888768,VERIFY
GCN_GRU,medium,W000341,C0048,LEAK,1,0.9992124180925385,1,1,0.009255984840297002,0.14020347896088778,PROCEED
GCN_GRU,medium,W000346,C0048,LEAK,1,0.9892906784101643,1,1,0.08545965024365414,0.1626567937454112,PROCEED
GCN_GRU,medium,W000351,C0048,LEAK,1,0.9958622453642507,1,1,0.03871549023273657,0.17538872844557635,PROCEED
GCN_GRU,medium,W000356,C0048,LEAK,0,0.1141000465158672,0,1,0.5121603972156655,0.2159801678306863,PROCEED
GCN_GRU,medium,W000360,C0048,LEAK,0,0.16088997318623788,0,1,0.6364344082835296,0.1473398188660021,PROCEED
MLP,medium,W000361,C0056,CLEAN,0,6.764642840482542e-10,0,1,2.1581891029315383e-08,0.09823590352621088,REQUEST_SENSOR
MLP,medium,W000366,C0056,CLEAN,0,0.999961744812225,1,0,0.0006165455682718599,0.07970823362705419,PROCEED
MLP,medium,W000371,C0056,CLEAN,0,0.9920741068860386,1,0,0.06670569020551968,0.08977531090864203,PROCEED
MLP,medium,W000376,C0056,CLEAN,0,0.9999999445946464,1,0,1.4155012035830387e-06,0.11342623436881473,REQUEST_SENSOR
MLP,medium,W000381,C0056,CLEAN,0,0.9999997963827097,1,0,4.819688756219556e-06,0.11493292989725351,REQUEST_SENSOR
MLP,medium,W000386,C0056,CLEAN,0,0.9999990751310514,1,0,1.987260553462554e-05,0.12359595540063337,REQUEST_SENSOR
MLP,medium,W000391,C0056,CLEAN,0,0.9999987798856459,1,0,2.5728851973234022e-05,0.052710160540170525,PROCEED
MLP,medium,W000396,C0056,CLEAN,0,0.9999957012317644,1,0,8.283871335245098e-05,0.04702915147828593,PROCEED
MLP,medium,W000401,C0056,CLEAN,0,0.9999965627596786,1,0,6.734588538686923e-05,0.04900004937486587,PROCEED
MLP,medium,W000405,C0056,CLEAN,0,0.9999968491743104,1,0,6.212965527631813e-05,0.049329725156224524,PROCEED
MLP,medium,W000406,C0056,LEAK,0,6.764642840482542e-10,0,1,2.1581891029315383e-08,0.0982359036016204,REQUEST_SENSOR
MLP,medium,W000411,C0056,LEAK,0,0.999961744812225,1,0,0.0006165455682718599,0.0797082320102032,PROCEED
MLP,medium,W000416,C0056,LEAK,0,0.9920740918884026,1,0,0.06670579470498605,0.08977530771174688,PROCEED
MLP,medium,W000421,C0056,LEAK,0,0.9999999445946464,1,0,1.4155012035830387e-06,0.11342623436881473,REQUEST_SENSOR
MLP,medium,W000426,C0056,LEAK,0,0.9999997963823214,1,0,4.819697388455254e-06,0.11493293156849242,REQUEST_SENSOR
MLP,medium,W000431,C0056,LEAK,1,0.9999999997715345,1,1,7.646739208252058e-09,0.060294478504910376,PROCEED
MLP,medium,W000436,C0056,LEAK,1,0.9999999997156481,1,1,9.427487003772468e-09,0.049256806398008474,PROCEED
MLP,medium,W000441,C0056,LEAK,0,0.8481419219482466,1,0,0.6144706789695759,0.058148100677526286,PROCEED
MLP,medium,W000446,C0056,LEAK,0,0.9980567159622011,1,0,0.020304558435090714,0.06062285992999179,PROCEED
MLP,medium,W000450,C0056,LEAK,0,0.9999714384307485,1,0,0.00047235807749258546,0.05926908241165517,PROCEED
GCN_GRU,medium,W000361,C0056,CLEAN,0,0.05285532722524675,0,1,0.29840453915759374,0.23717832045538045,PROCEED
GCN_GRU,medium,W000366,C0056,CLEAN,0,0.2637676850724399,0,1,0.8323788043241779,0.22354957896734928,PROCEED
GCN_GRU,medium,W000371,C0056,CLEAN,0,0.15781158846378268,0,1,0.6290483798915342,0.23196612378240627,PROCEED
GCN_GRU,medium,W000376,C0056,CLEAN,0,0.14241933624460143,0,1,0.5905399347874194,0.2273916510065254,PROCEED
GCN_GRU,medium,W000381,C0056,CLEAN,0,0.15467557848275215,0,1,0.6214183013609785,0.34516692396572635,REQUEST_SENSOR
GCN_GRU,medium,W000386,C0056,CLEAN,0,0.14521244833413324,0,1,0.5977286231866539,0.3228361824338233,REQUEST_SENSOR
GCN_GRU,medium,W000391,C0056,CLEAN,0,0.1552908958315005,0,1,0.6229239021179596,0.10470262863072335,PROCEED
GCN_GRU,medium,W000396,C0056,CLEAN,0,0.09497111613191615,0,1,0.4528486132055659,0.09473460496914743,PROCEED
GCN_GRU,medium,W000401,C0056,CLEAN,0,0.07200904120576117,0,1,0.3733766646704811,0.08373112783382426,PROCEED
GCN_GRU,medium,W000405,C0056,CLEAN,0,0.9999999737775469,1,0,6.982335744509601e-07,0.3822048608161811,REQUEST_SENSOR
GCN_GRU,medium,W000406,C0056,LEAK,0,0.052855351096502766,0,1,0.2984046385447009,0.23717831962539015,PROCEED
GCN_GRU,medium,W000411,C0056,LEAK,0,0.2637676850724399,0,1,0.8323788043241779,0.2235495816869445,PROCEED
GCN_GRU,medium,W000416,C0056,LEAK,0,0.1578115726200234,0,1,0.6290483416139631,0.2319661112474667,PROCEED
GCN_GRU,medium,W000421,C0056,LEAK,0,0.14241933624460143,0,1,0.5905399347874194,0.22739164976818435,PROCEED
GCN_GRU,medium,W000426,C0056,LEAK,0,0.15467557848275215,0,1,0.6214183013609785,0.34516692755510947,REQUEST_SENSOR
GCN_GRU,medium,W000431,C0056,LEAK,1,0.1917714132243148,0,0,0.705162446126973,0.19255588739741314,PROCEED
GCN_GRU,medium,W000436,C0056,LEAK,1,0.24812039329761526,0,0,0.808285403702735,0.10913425001467822,PROCEED
GCN_GRU,medium,W000441,C0056,LEAK,0,0.16708200689916494,0,1,0.6509859164451329,0.09993196757583854,PROCEED
GCN_GRU,medium,W000446,C0056,LEAK,0,0.055048716857198816,0,1,0.3074682029791837,0.0943722778332818,PROCEED
GCN_GRU,medium,W000450,C0056,LEAK,0,0.9999999936219126,1,0,1.828401466786496e-07,0.4451562064116875,REQUEST_SENSOR
MLP,medium,W000451,C0059,CLEAN,0,1.481315751153333e-08,0,1,4.066395508022068e-07,0.09920828291465977,REQUEST_SENSOR
MLP,medium,W000456,C0059,CLEAN,0,0.0012647935325081582,0,1,0.013999575512580088,0.08289073544603776,PROCEED
MLP,medium,W000461,C0059,CLEAN,0,0.003309690777352351,0,1,0.03203579713664974,0.08419220629994745,PROCEED
MLP,medium,W000466,C0059,CLEAN,0,0.013266869381639922,0,1,0.10174508898339062,0.07526781412940103,PROCEED
MLP,medium,W000471,C0059,CLEAN,0,0.09622686138274601,0,1,0.4569196207648667,0.10229856307048149,REQUEST_SENSOR
MLP,medium,W000476,C0059,CLEAN,0,0.042323905251431954,0,1,0.25284758780424343,0.1045276637705437,REQUEST_SENSOR
MLP,medium,W000481,C0059,CLEAN,0,0.04993715250805352,0,1,0.28612992551912775,0.08532322994136671,PROCEED
MLP,medium,W000486,C0059,CLEAN,0,0.0013096886030091023,0,1,0.014430555477806643,0.10155538116246242,REQUEST_SENSOR
MLP,medium,W000491,C0059,CLEAN,0,0.0003988777798611657,0,1,0.00507937861260588,0.08275921122873027,PROCEED
MLP,medium,W000495,C0059,CLEAN,0,0.9999999999890408,1,0,4.1482624614379555e-10,0.04343122097801286,PROCEED
MLP,medium,W000496,C0059,LEAK,0,1.4813129257704968e-08,0,1,4.066388160393276e-07,0.09920826747011932,REQUEST_SENSOR
MLP,medium,W000501,C0059,LEAK,0,0.0012647790764845214,0,1,0.013999436372416048,0.08289074754511225,PROCEED
MLP,medium,W000506,C0059,LEAK,0,0.0033096656100837967,0,1,0.03203558990154457,0.08419219390633019,PROCEED
MLP,medium,W000511,C0059,LEAK,1,1.0,1,1,4.1304950338020633e-11,0.05972236726252362,PROCEED
MLP,medium,W000516,C0059,LEAK,1,1.0,1,1,4.1304950338020633e-11,0.04627460685414919,PROCEED
MLP,medium,W000521,C0059,LEAK,1,1.0,1,1,4.1304950338020633e-11,0.055180027342130226,PROCEED
MLP,medium,W000526,C0059,LEAK,1,1.0,1,1,4.1304950338020633e-11,0.08188533232236922,PROCEED
MLP,medium,W000531,C0059,LEAK,1,1.0,1,1,4.1304950338020633e-11,0.07701647670967762,PROCEED
MLP,medium,W000536,C0059,LEAK,0,1.0,1,0,4.1304950338020633e-11,0.07983589990306267,PROCEED
MLP,medium,W000540,C0059,LEAK,0,1.0,1,0,4.1304950338020633e-11,0.08144371330668429,PROCEED
GCN_GRU,medium,W000451,C0059,CLEAN,0,0.7816321535189936,1,0,0.7571760204298522,0.3127513457257517,REQUEST_SENSOR
GCN_GRU,medium,W000456,C0059,CLEAN,0,0.9996510549317654,1,0,0.004510867241313678,0.5055015674133437,REQUEST_SENSOR
GCN_GRU,medium,W000461,C0059,CLEAN,0,0.9998961573746075,1,0,0.0015239874904270096,0.4625352479633287,REQUEST_SENSOR
GCN_GRU,medium,W000466,C0059,CLEAN,0,0.9885222581057097,1,0,0.09043773202994171,0.3798759153927188,REQUEST_SENSOR
GCN_GRU,medium,W000471,C0059,CLEAN,0,0.9999611219808358,1,0,0.0006256776768227819,0.4850478573877518,REQUEST_SENSOR
GCN_GRU,medium,W000476,C0059,CLEAN,0,0.9999727676543694,1,0,0.000452247417332715,0.5290804662800026,REQUEST_SENSOR
GCN_GRU,medium,W000481,C0059,CLEAN,0,0.9999919471078648,1,0,0.0001478893572182286,0.43893723880969016,REQUEST_SENSOR
GCN_GRU,medium,W000486,C0059,CLEAN,0,0.99997176026887,1,0,0.00046749713644422597,0.4272951211706082,REQUEST_SENSOR
GCN_GRU,medium,W000491,C0059,CLEAN,0,0.9992745433176188,1,0,0.00861189229750385,0.3478113707885868,REQUEST_SENSOR
GCN_GRU,medium,W000495,C0059,CLEAN,0,0.6727151277044193,1,0,0.9121282553328977,0.22586505023348308,PROCEED
GCN_GRU,medium,W000496,C0059,LEAK,0,0.7816261917780627,1,0,0.7571869882695486,0.3127512510574034,REQUEST_SENSOR
GCN_GRU,medium,W000501,C0059,LEAK,0,0.9996510536011075,1,0,0.00451088252286355,0.5055015729745084,REQUEST_SENSOR
GCN_GRU,medium,W000506,C0059,LEAK,0,0.9998961574736293,1,0,0.0015239861800553651,0.46253501160797417,REQUEST_SENSOR
GCN_GRU,medium,W000511,C0059,LEAK,1,0.9999999319727177,1,1,1.717825359826982e-06,0.13861114205436478,PROCEED
GCN_GRU,medium,W000516,C0059,LEAK,1,0.9999969188090083,1,1,6.085590469400643e-05,0.10296119484741359,PROCEED
GCN_GRU,medium,W000521,C0059,LEAK,1,0.9978874010363226,1,1,0.021818785639698503,0.29518633135252015,REQUEST_SENSOR
GCN_GRU,medium,W000526,C0059,LEAK,1,0.9999985896592138,1,1,2.9445403493483556e-05,0.31460963203360637,REQUEST_SENSOR
GCN_GRU,medium,W000531,C0059,LEAK,1,0.9999984298740988,1,1,3.253831920066885e-05,0.3078208006259413,REQUEST_SENSOR
GCN_GRU,medium,W000536,C0059,LEAK,0,0.051399629680778595,0,1,0.29231299255993015,0.42183165015743196,REQUEST_SENSOR
GCN_GRU,medium,W000540,C0059,LEAK,0,0.03221053710856171,0,1,0.20535924417533508,0.40880165855121486,REQUEST_SENSOR
MLP,medium,W000541,C0070,CLEAN,0,1.889916151052523e-10,0,1,6.377267602278614e-09,0.11359528421359621,REQUEST_SENSOR
MLP,medium,W000546,C0070,CLEAN,0,0.9999998328405739,1,0,4.00429851440376e-06,0.030438632732751013,PROCEED
MLP,medium,W000551,C0070,CLEAN,0,0.9999999993374391,1,0,2.1158168560248424e-08,0.05547298951215991,PROCEED
MLP,medium,W000556,C0070,CLEAN,0,0.9999999999997751,1,0,4.1304950338020633e-11,0.05029142849580063,PROCEED
MLP,medium,W000561,C0070,CLEAN,0,0.9999999999972577,1,0,1.0927999050140205e-10,0.06758007966288868,PROCEED
MLP,medium,W000566,C0070,CLEAN,0,0.9999999999997928,1,0,4.1304950338020633e-11,0.0919689646221861,PROCEED
MLP,medium,W000571,C0070,CLEAN,0,0.9999708393803229,1,0,0.0004813920566716519,0.0409149599548112,PROCEED
MLP,medium,W000576,C0070,CLEAN,0,0.955966569317084,1,0,0.26048908606289545,0.04876884250305363,PROCEED
MLP,medium,W000581,C0070,CLEAN,0,0.0037160481298921,0,1,0.03534714735560817,0.044379208287129074,PROCEED
MLP,medium,W000585,C0070,CLEAN,0,2.9235585348604153e-07,0,1,6.767589539430722e-06,0.061494007564014186,PROCEED
MLP,medium,W000586,C0070,LEAK,0,1.889916151052523e-10,0,1,6.377267602278614e-09,0.11359528279600341,REQUEST_SENSOR
MLP,medium,W000591,C0070,LEAK,1,0.9999999943776667,1,1,1.6219801161850168e-07,0.029892216485089815,PROCEED
MLP,medium,W000596,C0070,LEAK,1,0.9999999996060025,1,1,1.2877331399373983e-08,0.07161296956609965,PROCEED
MLP,medium,W000601,C0070,LEAK,1,0.9999999999742935,1,1,9.414192419607787e-10,0.05982847484658477,PROCEED
MLP,medium,W000606,C0070,LEAK,1,0.9999999921294144,1,1,2.2323796071974832e-07,0.0389214809468668,PROCEED
MLP,medium,W000611,C0070,LEAK,1,0.9999998918364562,1,1,2.658981941873416e-06,0.038481933652106864,PROCEED
MLP,medium,W000616,C0070,LEAK,0,0.011174173611483347,0,1,0.08848037438458706,0.03956599186086672,PROCEED
MLP,medium,W000621,C0070,LEAK,0,0.000323851177544981,0,1,0.004221349188644754,0.04331933167974694,PROCEED
MLP,medium,W000626,C0070,LEAK,0,0.0003606214936547076,0,1,0.0046446829010854075,0.046396455612362705,PROCEED
MLP,medium,W000630,C0070,LEAK,0,1.3650693875351193e-06,0,1,2.856447053718494e-05,0.038536383028654746,PROCEED
GCN_GRU,medium,W000541,C0070,CLEAN,0,0.25903364604347,0,1,0.8252846272042643,0.10337861054015085,PROCEED
GCN_GRU,medium,W000546,C0070,CLEAN,0,0.10504917645873824,0,1,0.4847997501123336,0.1499338029457019,PROCEED
GCN_GRU,medium,W000551,C0070,CLEAN,0,0.9905520924036716,1,0,0.07711049312284798,0.37182015402827456,REQUEST_SENSOR
GCN_GRU,medium,W000556,C0070,CLEAN,0,0.999882740899423,1,0,0.0017003300033657065,0.47644514749137573,REQUEST_SENSOR
GCN_GRU,medium,W000561,C0070,CLEAN,0,0.9999001100774549,1,0,0.0014715707792022324,0.5261701244088649,REQUEST_SENSOR
GCN_GRU,medium,W000566,C0070,CLEAN,0,0.9999462806793926,1,0,0.0008394640717201269,0.5512469967401169,REQUEST_SENSOR
GCN_GRU,medium,W000571,C0070,CLEAN,0,0.9995764757430989,1,0,0.005356589646129918,0.3456728027549284,REQUEST_SENSOR
GCN_GRU,medium,W000576,C0070,CLEAN,0,0.9990012127462127,1,0,0.011395672458396497,0.3095852007285633,REQUEST_SENSOR
GCN_GRU,medium,W000581,C0070,CLEAN,0,0.9999545181088725,1,0,0.0007216616424493862,0.34146509992890434,REQUEST_SENSOR
GCN_GRU,medium,W000585,C0070,CLEAN,0,0.9999909914953619,1,0,0.00016398153485702377,0.3348872185646513,REQUEST_SENSOR
GCN_GRU,medium,W000586,C0070,LEAK,0,0.25903364604347,0,1,0.8252846272042643,0.1033786058201072,PROCEED
GCN_GRU,medium,W000591,C0070,LEAK,1,0.10681606781321466,0,0,0.49023692202662095,0.14504896915829996,PROCEED
GCN_GRU,medium,W000596,C0070,LEAK,1,0.8119927168910381,1,1,0.6972841883425516,0.34069771645425184,REQUEST_SENSOR
GCN_GRU,medium,W000601,C0070,LEAK,1,0.9995048068568639,1,1,0.006151318349912082,0.43509236606743074,REQUEST_SENSOR
GCN_GRU,medium,W000606,C0070,LEAK,1,0.9983857234033294,1,1,0.017299276413415537,0.422813672957313,REQUEST_SENSOR
GCN_GRU,medium,W000611,C0070,LEAK,1,0.3597181327914405,0,0,0.942448969561155,0.28625707082835317,REQUEST_SENSOR
GCN_GRU,medium,W000616,C0070,LEAK,0,0.9997934863823686,1,0,0.0028259367889024328,0.34009309994287396,REQUEST_SENSOR
GCN_GRU,medium,W000621,C0070,LEAK,0,0.999917261366681,1,0,0.0012413868492434513,0.3561610089275483,REQUEST_SENSOR
GCN_GRU,medium,W000626,C0070,LEAK,0,0.9995266355084154,1,0,0.005910956567252338,0.36453823812117775,REQUEST_SENSOR
GCN_GRU,medium,W000630,C0070,LEAK,0,0.9999884958947627,1,0,0.00020535033126010933,0.39695373021017244,REQUEST_SENSOR
MLP,medium,W000631,C0076,CLEAN,0,1.074749891054642e-08,0,1,3.000069616660681e-07,0.059546510514239176,PROCEED
MLP,medium,W000636,C0076,CLEAN,0,0.05226905100867492,0,1,0.2959586291161251,0.08113001858793567,PROCEED
MLP,medium,W000641,C0076,CLEAN,0,0.00615914484143824,0,1,0.054085281574456495,0.07881284537599682,PROCEED
MLP,medium,W000646,C0076,CLEAN,0,0.005973261822694122,0,1,0.05271787617171736,0.07339828338906465,PROCEED
MLP,medium,W000651,C0076,CLEAN,0,0.02271687313906291,0,1,0.15643462847373285,0.10276225473359588,REQUEST_SENSOR
MLP,medium,W000656,C0076,CLEAN,0,0.013726979800834123,0,1,0.10459395042481057,0.12618431563004107,REQUEST_SENSOR
MLP,medium,W000661,C0076,CLEAN,0,0.27391383127609514,0,1,0.8470248457738421,0.04931388463847626,PROCEED
MLP,medium,W000666,C0076,CLEAN,0,0.06538165085067506,0,1,0.3484475651350108,0.057622442895032835,PROCEED
MLP,medium,W000671,C0076,CLEAN,0,0.6664706714697244,1,0,0.9184917045689693,0.0327345923991341,PROCEED
MLP,medium,W000675,C0076,CLEAN,0,0.6971120149117452,1,0,0.8847925531414663,0.023162084485080725,PROCEED
MLP,medium,W000676,C0076,LEAK,0,1.0747539909078883e-08,0,1,3.00008046910322e-07,0.059546509205724844,PROCEED
MLP,medium,W000681,C0076,LEAK,0,0.05226893290339586,0,1,0.295958135382864,0.08113001789233654,PROCEED
MLP,medium,W000686,C0076,LEAK,0,0.006159147760259202,0,1,0.05408530298149992,0.0788128656351628,PROCEED
MLP,medium,W000691,C0076,LEAK,0,0.005973261822694122,0,1,0.05271787617171736,0.07339826887421691,PROCEED
MLP,medium,W000696,C0076,LEAK,1,1.0,1,1,4.1304950338020633e-11,0.0951110651095225,PROCEED
MLP,medium,W000701,C0076,LEAK,1,1.0,1,1,4.1304950338020633e-11,0.07156474571737191,PROCEED
MLP,medium,W000706,C0076,LEAK,1,1.0,1,1,4.1304950338020633e-11,0.11352673734435462,REQUEST_SENSOR
MLP,medium,W000711,C0076,LEAK,1,1.0,1,1,4.1304950338020633e-11,0.10799616551985759,REQUEST_SENSOR
MLP,medium,W000716,C0076,LEAK,0,0.2358627175015812,0,1,0.7880921605576073,0.09837168269361918,REQUEST_SENSOR
MLP,medium,W000720,C0076,LEAK,0,0.9254395027118575,1,0,0.38271655847962355,0.11705254005493311,REQUEST_SENSOR
GCN_GRU,medium,W000631,C0076,CLEAN,0,0.33153507528226245,0,1,0.916487069626481,0.29383705307190855,REQUEST_SENSOR
GCN_GRU,medium,W000636,C0076,CLEAN,0,0.238333504770087,0,1,0.7922579554863742,0.15437548382805122,PROCEED
GCN_GRU,medium,W000641,C0076,CLEAN,0,0.9997826104703741,1,0,0.0029586645721273014,0.4368909108926328,REQUEST_SENSOR
GCN_GRU,medium,W000646,C0076,CLEAN,0,0.9998946046072084,1,0,0.0015445188481555425,0.49985614019402463,REQUEST_SENSOR
GCN_GRU,medium,W000651,C0076,CLEAN,0,0.9998807812698275,1,0,0.0017258950437047196,0.5315570937811216,REQUEST_SENSOR
GCN_GRU,medium,W000656,C0076,CLEAN,0,0.9999409904891191,1,0,0.0009141367177718701,0.5529053303585381,REQUEST_SENSOR
GCN_GRU,medium,W000661,C0076,CLEAN,0,0.3070006910931286,0,1,0.8896808802002615,0.1299854773034662,PROCEED
GCN_GRU,medium,W000666,C0076,CLEAN,0,0.1428172802712428,0,1,0.5915697259309101,0.1092584396895088,PROCEED
GCN_GRU,medium,W000671,C0076,CLEAN,0,0.9566576266030303,1,0,0.2574123671691038,0.31099572441762985,REQUEST_SENSOR
GCN_GRU,medium,W000675,C0076,CLEAN,0,0.9999076964506799,1,0,0.0013703276757742026,0.3610260624948276,REQUEST_SENSOR
GCN_GRU,medium,W000676,C0076,LEAK,0,0.3315351941682744,0,1,0.9164871899022661,0.2938370240706485,REQUEST_SENSOR
GCN_GRU,medium,W000681,C0076,LEAK,0,0.23833348312994843,0,1,0.7922579192136557,0.1543754652819983,PROCEED
GCN_GRU,medium,W000686,C0076,LEAK,0,0.9997826081903508,1,0,0.002958692313418393,0.4368906158123962,REQUEST_SENSOR
GCN_GRU,medium,W000691,C0076,LEAK,0,0.9998946042051986,1,0,0.0015445241594062708,0.49985611274423103,REQUEST_SENSOR
GCN_GRU,medium,W000696,C0076,LEAK,1,0.9999999469714683,1,1,1.3581323356660847e-06,0.13631157932158927,PROCEED
GCN_GRU,medium,W000701,C0076,LEAK,1,0.9999990468648973,1,1,2.0438562386270724e-05,0.11714850841897964,PROCEED
GCN_GRU,medium,W000706,C0076,LEAK,1,0.9999999130957742,1,1,2.1638016742583297e-06,0.39236407937226203,REQUEST_SENSOR
GCN_GRU,medium,W000711,C0076,LEAK,1,0.9999999034344558,1,1,2.389669980320792e-06,0.37742691365777814,REQUEST_SENSOR
GCN_GRU,medium,W000716,C0076,LEAK,0,0.07456842714222757,0,1,0.382745372178546,0.40575800129630124,REQUEST_SENSOR
GCN_GRU,medium,W000720,C0076,LEAK,0,0.897947040092391,1,0,0.4754697456362517,0.444352028806396,REQUEST_SENSOR
MLP,medium,W000721,C0090,CLEAN,0,1.4002016280790309e-08,0,1,3.855103060928069e-07,0.10478496928128289,REQUEST_SENSOR
MLP,medium,W000726,C0090,CLEAN,0,0.24055798728696956,0,1,0.7959669620597497,0.09651172770496848,PROCEED
MLP,medium,W000731,C0090,CLEAN,0,0.09656158075632434,0,1,0.45800032105619226,0.1018132894180954,REQUEST_SENSOR
MLP,medium,W000736,C0090,CLEAN,0,0.32932056046124086,0,1,0.9142306861139597,0.08851719501458692,PROCEED
MLP,medium,W000741,C0090,CLEAN,0,0.49705441351053187,1,0,0.9999749648265233,0.16367943744261365,ESCALATE
MLP,medium,W000746,C0090,CLEAN,0,0.26818439374657954,0,1,0.8388472741287621,0.12932974693879545,REQUEST_SENSOR
MLP,medium,W000751,C0090,CLEAN,0,1.0,1,0,4.1304950338020633e-11,0.057751099452896616,PROCEED
MLP,medium,W000756,C0090,CLEAN,0,1.0,1,0,4.1304950338020633e-11,0.07186938776394067,PROCEED
MLP,medium,W000761,C0090,CLEAN,0,1.0,1,0,4.1304950338020633e-11,0.06139394452974926,PROCEED
MLP,medium,W000765,C0090,CLEAN,0,1.0,1,0,4.1304950338020633e-11,0.046125641314953544,PROCEED
MLP,medium,W000766,C0090,LEAK,0,1.4002016280790309e-08,0,1,3.855103060928069e-07,0.10478498723733912,REQUEST_SENSOR
MLP,medium,W000771,C0090,LEAK,0,0.24055803084362484,0,1,0.7959670343008555,0.09651170341769304,PROCEED
MLP,medium,W000776,C0090,LEAK,0,0.09656158075632434,0,1,0.45800032105619226,0.10181328625312398,REQUEST_SENSOR
MLP,medium,W000781,C0090,LEAK,0,0.32932045514292774,0,1,0.9142305780435599,0.08851719531238222,PROCEED
MLP,medium,W000786,C0090,LEAK,0,0.49705437625892185,1,0,0.9999749641932965,0.16367943906645474,ESCALATE
MLP,medium,W000791,C0090,LEAK,1,0.9999998935178447,1,1,2.6200551858510344e-06,0.05560874624390033,PROCEED
MLP,medium,W000796,C0090,LEAK,1,1.0,1,1,4.1304950338020633e-11,0.07151005552733657,PROCEED
MLP,medium,W000801,C0090,LEAK,1,1.0,1,1,4.1304950338020633e-11,0.052979677600553485,PROCEED
MLP,medium,W000806,C0090,LEAK,1,1.0,1,1,4.1304950338020633e-11,0.044772975044274986,PROCEED
MLP,medium,W000810,C0090,LEAK,0,0.9999999999999987,1,0,4.1304950338020633e-11,0.049263701376702,PROCEED
GCN_GRU,medium,W000721,C0090,CLEAN,0,0.10884991256194641,0,1,0.4964371714774164,0.107431469252778,PROCEED
GCN_GRU,medium,W000726,C0090,CLEAN,0,0.33644759700042287,0,1,0.9213786640031754,0.1766433744276959,PROCEED
GCN_GRU,medium,W000731,C0090,CLEAN,0,0.3165846159341099,0,1,0.900628611916286,0.12861924097573912,PROCEED
GCN_GRU,medium,W000736,C0090,CLEAN,0,0.835162278942151,1,0,0.6457583171690954,0.17785129040625514,PROCEED
GCN_GRU,medium,W000741,C0090,CLEAN,0,0.6390959130893853,1,0,0.943431091060155,0.1449094805926678,PROCEED
GCN_GRU,medium,W000746,C0090,CLEAN,0,0.7399760269496525,1,0,0.8267825459981109,0.1588337214648043,PROCEED
GCN_GRU,medium,W000751,C0090,CLEAN,0,0.9966730532117066,1,0,0.032177823392817696,0.14133922752158382,PROCEED
GCN_GRU,medium,W000756,C0090,CLEAN,0,0.9941957402310462,1,0,0.05146737100691954,0.15552190596028914,PROCEED
GCN_GRU,medium,W000761,C0090,CLEAN,0,0.9978308481239123,1,0,0.022320100823193106,0.14033077792671456,PROCEED
GCN_GRU,medium,W000765,C0090,CLEAN,0,0.9994515197155642,1,0,0.0067323607092319646,0.11210739340133807,PROCEED
GCN_GRU,medium,W000766,C0090,LEAK,0,0.10885005132393892,0,1,0.49643759238793567,0.10743142681679149,PROCEED
GCN_GRU,medium,W000771,C0090,LEAK,0,0.33644759700042287,0,1,0.9213786640031754,0.17664336951218423,PROCEED
GCN_GRU,medium,W000776,C0090,LEAK,0,0.3165846417260889,0,1,0.9006286405498054,0.1286192126328708,PROCEED
GCN_GRU,medium,W000781,C0090,LEAK,0,0.8351622953532457,1,0,0.645758278750555,0.17785128636873418,PROCEED
GCN_GRU,medium,W000786,C0090,LEAK,0,0.6390958993414353,1,0,0.9434311023941978,0.14490948142581678,PROCEED
GCN_GRU,medium,W000791,C0090,LEAK,1,0.9947404576511498,1,1,0.047387116590827505,0.11591402041351642,PROCEED
GCN_GRU,medium,W000796,C0090,LEAK,1,0.9999585048845244,1,1,0.0006638954592206037,0.21305158949328795,PROCEED
GCN_GRU,medium,W000801,C0090,LEAK,1,0.9999384679241516,1,1,0.0009494985374415674,0.168656235036391,PROCEED
GCN_GRU,medium,W000806,C0090,LEAK,1,0.9997026372088721,1,1,0.003912690316748691,0.17625637537674974,PROCEED
GCN_GRU,medium,W000810,C0090,LEAK,0,0.42018496190912213,1,0,0.9815399237558756,0.1617683794033895,VERIFY
MLP,medium,W000811,C0092,CLEAN,0,1.584129511644799e-08,0,1,4.3332959051701724e-07,0.09806240524098227,PROCEED
MLP,medium,W000816,C0092,CLEAN,0,0.791962087113873,1,0,0.7377155046987796,0.03832054189702643,PROCEED
MLP,medium,W000821,C0092,CLEAN,0,0.9446954143710136,1,0,0.3085167317387577,0.04606079732865362,PROCEED
MLP,medium,W000826,C0092,CLEAN,0,0.9926054150302426,1,0,0.06297718737601295,0.06800688912015748,PROCEED
MLP,medium,W000831,C0092,CLEAN,0,0.9913870990873207,1,0,0.07145046656886025,0.06734583502171712,PROCEED
MLP,medium,W000836,C0092,CLEAN,0,0.9990589705252613,1,0,0.010817593492470266,0.06151433528785569,PROCEED
MLP,medium,W000841,C0092,CLEAN,0,0.49742691627679864,1,0,0.9999808964408844,0.030147249053525844,VERIFY
MLP,medium,W000846,C0092,CLEAN,0,0.06274072383503931,0,1,0.3382298357602,0.05935303021222747,PROCEED
MLP,medium,W000851,C0092,CLEAN,0,0.0006304233791160268,0,1,0.007611499589034722,0.06307521498501477,PROCEED
MLP,medium,W000855,C0092,CLEAN,0,6.638276538776781e-07,0,1,1.4581228328452347e-05,0.059966269218991196,PROCEED
MLP,medium,W000856,C0092,LEAK,0,1.58412649016047e-08,0,1,4.3332880746201284e-07,0.09806240389263568,PROCEED
MLP,medium,W000861,C0092,LEAK,0,0.7919618121439281,1,0,0.7377160350013315,0.03832054452588607,PROCEED
MLP,medium,W000866,C0092,LEAK,0,0.9446953271760485,1,0,0.3085170887478204,0.04606079848558971,PROCEED
MLP,medium,W000871,C0092,LEAK,0,0.9926053905306261,1,0,0.06297736055412258,0.06800688710905956,PROCEED
MLP,medium,W000876,C0092,LEAK,1,1.0,1,1,4.1304950338020633e-11,0.09933123405164049,REQUEST_SENSOR
MLP,medium,W000881,C0092,LEAK,1,0.9999999123202398,1,1,2.18198763059282e-06,0.06629692321050024,PROCEED
MLP,medium,W000886,C0092,LEAK,1,0.9936119303038579,1,1,0.05575814759228409,0.08866887469715222,PROCEED
MLP,medium,W000891,C0092,LEAK,1,0.10490025713470204,0,0,0.4843393084408815,0.09871832606743092,REQUEST_SENSOR
MLP,medium,W000896,C0092,LEAK,0,1.989948757985637e-05,0,1,0.00033947709692533096,0.10414832185800935,REQUEST_SENSOR
MLP,medium,W000900,C0092,LEAK,0,5.2059517177100574e-06,0,1,9.888235671011703e-05,0.07103431708691568,PROCEED
GCN_GRU,medium,W000811,C0092,CLEAN,0,0.9890467785998122,1,0,0.08704816302367359,0.3829046147542146,REQUEST_SENSOR
GCN_GRU,medium,W000816,C0092,CLEAN,0,0.3255281511446001,0,1,0.9102921133718163,0.1538872984237111,PROCEED
GCN_GRU,medium,W000821,C0092,CLEAN,0,0.23281509271035547,0,1,0.7828864557346851,0.18486011539522473,PROCEED
GCN_GRU,medium,W000826,C0092,CLEAN,0,0.2517500641001876,0,1,0.8140401458141868,0.17572884345844442,PROCEED
GCN_GRU,medium,W000831,C0092,CLEAN,0,0.29621380496012717,0,1,0.8766133222480749,0.12315855991659096,PROCEED
GCN_GRU,medium,W000836,C0092,CLEAN,0,0.2939953891389889,0,1,0.8738265802308157,0.1394532692415148,PROCEED
GCN_GRU,medium,W000841,C0092,CLEAN,0,0.9975670719784858,1,0,0.02463103451469826,0.34405013961725833,REQUEST_SENSOR
GCN_GRU,medium,W000846,C0092,CLEAN,0,0.2764202929232754,0,1,0.8505272374168971,0.19374754336445965,PROCEED
GCN_GRU,medium,W000851,C0092,CLEAN,0,0.16624811269825576,0,1,0.6490496589484389,0.2349491717025219,PROCEED
GCN_GRU,medium,W000855,C0092,CLEAN,0,0.9809048822302383,1,0,0.13632930071786123,0.305642416861831,REQUEST_SENSOR
GCN_GRU,medium,W000856,C0092,LEAK,0,0.9890467992625742,1,0,0.08704802878570517,0.382904616445111,REQUEST_SENSOR
GCN_GRU,medium,W000861,C0092,LEAK,0,0.3255282296652275,0,1,0.9102921958950845,0.1538873038200619,PROCEED
GCN_GRU,medium,W000866,C0092,LEAK,0,0.23281509271035547,0,1,0.7828864557346851,0.1848601178776523,PROCEED
GCN_GRU,medium,W000871,C0092,LEAK,0,0.2517501090115675,0,1,0.8140402163936751,0.17572885281103762,PROCEED
GCN_GRU,medium,W000876,C0092,LEAK,1,0.9999997600804369,1,1,5.622188846356756e-06,0.2244817512272391,PROCEED
GCN_GRU,medium,W000881,C0092,LEAK,1,0.9999957729197623,1,1,8.155981839575763e-05,0.19642611171528307,PROCEED
GCN_GRU,medium,W000886,C0092,LEAK,1,0.9999937025588128,1,1,0.00011788490826243472,0.1865910656571076,PROCEED
GCN_GRU,medium,W000891,C0092,LEAK,1,0.9999876653906254,1,1,0.00021893456251873683,0.1834294574764267,PROCEED
GCN_GRU,medium,W000896,C0092,LEAK,0,0.21684383957036577,0,1,0.7543624277956039,0.22374791242357497,PROCEED
GCN_GRU,medium,W000900,C0092,LEAK,0,0.9961255513940495,1,0,0.03662008667183175,0.360878745314863,REQUEST_SENSOR
MLP,medium,W000901,C0093,CLEAN,0,1.807310769255115e-09,0,1,5.509804349068632e-08,0.11454899554433867,REQUEST_SENSOR
MLP,medium,W000906,C0093,CLEAN,0,0.8041146394785652,1,0,0.7136220901722171,0.0437087923190085,PROCEED
MLP,medium,W000911,C0093,CLEAN,0,0.9995165612348305,1,0,0.006022063981566173,0.047373343063444685,PROCEED
MLP,medium,W000916,C0093,CLEAN,0,0.9999864251899866,1,0,0.0002390713237691074,0.05709004849765116,PROCEED
MLP,medium,W000921,C0093,CLEAN,0,0.9999783862626589,1,0,0.00036614473718073507,0.058425690546888454,PROCEED
MLP,medium,W000926,C0093,CLEAN,0,0.9999980879353514,1,0,3.9080939695790716e-05,0.07055991659854188,PROCEED
MLP,medium,W000931,C0093,CLEAN,0,0.9365349144522432,1,0,0.34104913858665853,0.04178170374350289,PROCEED
MLP,medium,W000936,C0093,CLEAN,0,0.378613007341881,0,1,0.9570565397752763,0.06017379442612425,PROCEED
MLP,medium,W000941,C0093,CLEAN,0,0.0008378580274903185,0,1,0.009772019497488012,0.056754393565412856,PROCEED
MLP,medium,W000945,C0093,CLEAN,0,2.5426953422831717e-07,0,1,5.937151137910226e-06,0.06882032500739091,PROCEED
MLP,medium,W000946,C0093,LEAK,0,1.807310769255115e-09,0,1,5.509804349068632e-08,0.1145489878859582,REQUEST_SENSOR
MLP,medium,W000951,C0093,LEAK,0,0.8041146207013984,1,0,0.7136221284286577,0.043708791966770924,PROCEED
MLP,medium,W000956,C0093,LEAK,0,0.9995165612348305,1,0,0.006022063981566173,0.04737334366942554,PROCEED
MLP,medium,W000961,C0093,LEAK,1,0.9999997087694916,1,1,6.743159927688848e-06,0.07719585872566845,PROCEED
MLP,medium,W000966,C0093,LEAK,1,0.999999999680073,1,1,1.0552545960411928e-08,0.1327959877814739,REQUEST_SENSOR
MLP,medium,W000971,C0093,LEAK,1,0.999999999773179,1,1,7.594062952622033e-09,0.12137025707420605,REQUEST_SENSOR
MLP,medium,W000976,C0093,LEAK,1,0.9998297958712944,1,1,0.0023765634155431367,0.05564516721421994,PROCEED
MLP,medium,W000981,C0093,LEAK,1,0.03925509118104781,0,0,0.2388663238430838,0.08021826086829698,PROCEED
MLP,medium,W000986,C0093,LEAK,0,6.250404425450476e-05,0,1,0.0009630836206569567,0.045615650298911216,PROCEED
MLP,medium,W000990,C0093,LEAK,0,1.1318671024366955e-06,0,1,2.39905550658148e-05,0.05546439164012737,PROCEED
GCN_GRU,medium,W000901,C0093,CLEAN,0,0.9999301562766126,1,0,0.0010649878963165272,0.44376916956129087,REQUEST_SENSOR
GCN_GRU,medium,W000906,C0093,CLEAN,0,0.9612973387347649,1,0,0.23631198967310613,0.23515021247333184,PROCEED
GCN_GRU,medium,W000911,C0093,CLEAN,0,0.502167572658291,1,0,0.9999864433237924,0.25843876236182783,VERIFY
GCN_GRU,medium,W000916,C0093,CLEAN,0,0.5682032973268224,1,0,0.9865361244397011,0.274439115614454,VERIFY
GCN_GRU,medium,W000921,C0093,CLEAN,0,0.7886977725484442,1,0,0.7439645376292215,0.15931078353350386,PROCEED
GCN_GRU,medium,W000926,C0093,CLEAN,0,0.9983217703502519,1,0,0.01789047837897139,0.1774871843240569,PROCEED
GCN_GRU,medium,W000931,C0093,CLEAN,0,0.35410496134303276,0,1,0.9376807999095208,0.09638862182164448,PROCEED
GCN_GRU,medium,W000936,C0093,CLEAN,0,0.15505668310903123,0,1,0.6223513059189388,0.08911043399335834,PROCEED
GCN_GRU,medium,W000941,C0093,CLEAN,0,0.0945870671473307,0,1,0.4515982917544072,0.0864271197653444,PROCEED
GCN_GRU,medium,W000945,C0093,CLEAN,0,0.8322371188093286,1,0,0.6525615226580969,0.2808910878108423,REQUEST_SENSOR
GCN_GRU,medium,W000946,C0093,LEAK,0,0.9999301561434056,1,0,0.0010649897352935057,0.4437691403014655,REQUEST_SENSOR
GCN_GRU,medium,W000951,C0093,LEAK,0,0.9612973387347649,1,0,0.23631198967310613,0.23515020576511644,PROCEED
GCN_GRU,medium,W000956,C0093,LEAK,0,0.5021676024600533,1,0,0.9999864429510097,0.2584387652768519,VERIFY
GCN_GRU,medium,W000961,C0093,LEAK,1,0.9999982559025659,1,1,3.587919170219787e-05,0.5121921233435546,REQUEST_SENSOR
GCN_GRU,medium,W000966,C0093,LEAK,1,0.9999999611869179,1,1,1.011530118441491e-06,0.5953171991850672,REQUEST_SENSOR
GCN_GRU,medium,W000971,C0093,LEAK,1,0.9999998740156287,1,1,3.0693505398832453e-06,0.5889525379562295,REQUEST_SENSOR
GCN_GRU,medium,W000976,C0093,LEAK,1,0.9999884607338008,1,1,0.00020592715642533117,0.4633528094505105,REQUEST_SENSOR
GCN_GRU,medium,W000981,C0093,LEAK,1,0.9999985156799035,1,1,3.088047851126081e-05,0.42303640425130035,REQUEST_SENSOR
GCN_GRU,medium,W000986,C0093,LEAK,0,0.06388817854952182,0,1,0.34268996668325086,0.12282718541032805,PROCEED
GCN_GRU,medium,W000990,C0093,LEAK,0,0.09638352149978757,0,1,0.457425656491552,0.1636492677798564,PROCEED
MLP,medium,W000991,C0097,CLEAN,0,2.6013128469202046e-08,0,1,6.929606041661051e-07,0.09328307264014266,PROCEED
MLP,medium,W000996,C0097,CLEAN,0,0.6592411669646235,1,0,0.9255430056730193,0.0264113918150384,PROCEED
MLP,medium,W001001,C0097,CLEAN,0,0.9997042597904621,1,0,0.0038936752772357284,0.03758231594220131,PROCEED
MLP,medium,W001006,C0097,CLEAN,0,0.9999636552868032,1,0,0.0005884413969648962,0.04555253478492046,PROCEED
MLP,medium,W001011,C0097,CLEAN,0,0.9974281009893807,1,0,0.025831609720918584,0.03622140558961787,PROCEED
MLP,medium,W001016,C0097,CLEAN,0,0.05193272154230116,0,1,0.294550970499661,0.08310219279048606,PROCEED
MLP,medium,W001021,C0097,CLEAN,0,0.02171620763629178,0,1,0.15097106404602817,0.0384733421350016,PROCEED
MLP,medium,W001026,C0097,CLEAN,0,0.022519206097142367,0,1,0.15536062807066192,0.04247253102066703,PROCEED
MLP,medium,W001031,C0097,CLEAN,0,0.006599833770935278,0,1,0.05729499406691541,0.02814016040535204,PROCEED
MLP,medium,W001035,C0097,CLEAN,0,0.0015621009862432545,0,1,0.01681424287833945,0.05380606395963533,PROCEED
MLP,medium,W001036,C0097,LEAK,0,2.6013078853145634e-08,0,1,6.929593540149663e-07,0.09328308201317045,PROCEED
MLP,medium,W001041,C0097,LEAK,1,1.0,1,1,4.1304950338020633e-11,0.022046686440636516,PROCEED
MLP,medium,W001046,C0097,LEAK,1,1.0,1,1,4.1304950338020633e-11,0.08253423825330779,PROCEED
MLP,medium,W001051,C0097,LEAK,1,1.0,1,1,4.1304950338020633e-11,0.09385043801063844,PROCEED
MLP,medium,W001056,C0097,LEAK,1,1.0,1,1,4.1304950338020633e-11,0.08405742385788323,PROCEED
MLP,medium,W001061,C0097,LEAK,0,0.03265548283983667,0,1,0.2075389612431581,0.0979626894330817,PROCEED
MLP,medium,W001066,C0097,LEAK,0,0.007103901126582887,0,1,0.06091404308865162,0.07338201508415038,PROCEED
MLP,medium,W001071,C0097,LEAK,0,0.032605052399504016,0,1,0.20729236724170122,0.045096021938212924,PROCEED
MLP,medium,W001076,C0097,LEAK,0,0.1875832063431082,0,1,0.6963882484702671,0.04804442768096093,PROCEED
MLP,medium,W001080,C0097,LEAK,0,0.00849893423706392,0,1,0.0706690568294902,0.06663713546423515,PROCEED
GCN_GRU,medium,W000991,C0097,CLEAN,0,0.3872930344438061,1,0,0.9630304113468993,0.22487556150118104,VERIFY
GCN_GRU,medium,W000996,C0097,CLEAN,0,0.8997156956440107,1,0,0.4698961697783545,0.33227557021275556,REQUEST_SENSOR
GCN_GRU,medium,W001001,C0097,CLEAN,0,0.23571830261993348,0,1,0.7878471661208595,0.17533213657303195,PROCEED
GCN_GRU,medium,W001006,C0097,CLEAN,0,0.25915374080208564,0,1,0.8254666689081083,0.18427545367394135,PROCEED
GCN_GRU,medium,W001011,C0097,CLEAN,0,0.3267943745774382,0,1,0.9116176196298222,0.17401317361273694,PROCEED
GCN_GRU,medium,W001016,C0097,CLEAN,0,0.4793391371892873,1,0,0.9987679591680338,0.23237738979325745,VERIFY
GCN_GRU,medium,W001021,C0097,CLEAN,0,0.9941389974802469,1,0,0.05188801658214034,0.34156566778895103,REQUEST_SENSOR
GCN_GRU,medium,W001026,C0097,CLEAN,0,0.4188964324011312,1,0,0.9809363966012624,0.38195516851021893,ESCALATE
GCN_GRU,medium,W001031,C0097,CLEAN,0,0.9917597101235276,1,0,0.06888737084199137,0.4174332095460387,REQUEST_SENSOR
GCN_GRU,medium,W001035,C0097,CLEAN,0,0.9996271828716681,1,0,0.0047838664778201215,0.353757351136788,REQUEST_SENSOR
GCN_GRU,medium,W001036,C0097,LEAK,0,0.387293430476209,1,0,0.9630306734294583,0.22487554496538897,VERIFY
GCN_GRU,medium,W001041,C0097,LEAK,1,0.9828714268412988,1,1,0.12499952139210908,0.21991960237779618,PROCEED
GCN_GRU,medium,W001046,C0097,LEAK,1,0.9472487619487577,1,1,0.2979710114130505,0.18031896957935598,PROCEED
GCN_GRU,medium,W001051,C0097,LEAK,1,0.9081646443749875,1,1,0.44256650588587015,0.2523450367556994,PROCEED
GCN_GRU,medium,W001056,C0097,LEAK,1,0.516883482407445,1,1,0.999177357477104,0.3159433146427242,ESCALATE
GCN_GRU,medium,W001061,C0097,LEAK,0,0.9955943271270024,1,0,0.04082267516785476,0.42123391244329944,REQUEST_SENSOR
GCN_GRU,medium,W001066,C0097,LEAK,0,0.9950678148751847,1,0,0.04489614575941637,0.38408539396641816,REQUEST_SENSOR
GCN_GRU,medium,W001071,C0097,LEAK,0,0.692903851029339,1,0,0.889792975275928,0.3731980370867381,REQUEST_SENSOR
GCN_GRU,medium,W001076,C0097,LEAK,0,0.9976594767535757,1,0,0.023826429708789797,0.39915502099432865,REQUEST_SENSOR
GCN_GRU,medium,W001080,C0097,LEAK,0,0.9997092229749148,1,0,0.0038354316478218234,0.3809423145122468,REQUEST_SENSOR
MLP,medium,W001081,C0099,CLEAN,0,3.97375817257746e-09,0,1,1.1662798964645565e-07,0.10332566669429438,REQUEST_SENSOR
MLP,medium,W001086,C0099,CLEAN,0,0.091301050051549,0,1,0.4407977077929037,0.09787216230987164,PROCEED
MLP,medium,W001091,C0099,CLEAN,0,0.009293824412042188,0,1,0.07607443238160568,0.08778264568850862,PROCEED
MLP,medium,W001096,C0099,CLEAN,0,0.2291682970162236,0,1,0.7765586385807859,0.06493704206209061,PROCEED
MLP,medium,W001101,C0099,CLEAN,0,0.4873394876978713,1,0,0.9995374555103831,0.14589606247147352,ESCALATE
MLP,medium,W001106,C0099,CLEAN,0,0.16557606644550413,0,1,0.6474839381027323,0.10719788910718152,REQUEST_SENSOR
MLP,medium,W001111,C0099,CLEAN,0,0.24414409645498122,0,1,0.8018641144987922,0.11818231819154644,REQUEST_SENSOR
MLP,medium,W001116,C0099,CLEAN,0,0.027573024854005396,0,1,0.18207071012085765,0.08043091521444581,PROCEED
MLP,medium,W001121,C0099,CLEAN,0,0.020757923711082902,0,1,0.14567517934878832,0.04514499887904154,PROCEED
MLP,medium,W001125,C0099,CLEAN,0,0.9999996335480001,1,0,8.363375393429958e-06,0.03742435312195106,PROCEED
MLP,medium,W001126,C0099,LEAK,0,3.97375817257746e-09,0,1,1.1662798964645565e-07,0.10332566744301275,REQUEST_SENSOR
MLP,medium,W001131,C0099,LEAK,0,0.09130101049068161,0,1,0.4407975766446962,0.09787216162566605,PROCEED
MLP,medium,W001136,C0099,LEAK,1,0.006435562268561523,0,0,0.05610369283884368,0.08894867468930012,PROCEED
MLP,medium,W001141,C0099,LEAK,1,0.18395296863062943,0,0,0.6886487310834973,0.06627747100218441,PROCEED
MLP,medium,W001146,C0099,LEAK,1,0.24375468948657195,0,0,0.8012286408582324,0.10231338283575425,REQUEST_SENSOR
MLP,medium,W001151,C0099,LEAK,0,0.10602724337573273,0,1,0.48781538425155896,0.1066772745255744,REQUEST_SENSOR
MLP,medium,W001156,C0099,LEAK,0,0.23395514240711257,0,1,0.7848425424481941,0.11704154743080392,REQUEST_SENSOR
MLP,medium,W001161,C0099,LEAK,0,0.026208656485945468,0,1,0.175006598011966,0.0823230015926826,PROCEED
MLP,medium,W001166,C0099,LEAK,0,0.021017606955641734,0,1,0.14711661701993414,0.04493767528859802,PROCEED
MLP,medium,W001170,C0099,LEAK,0,0.9999997979106179,1,0,4.785718678811304e-06,0.036839044566583365,PROCEED
GCN_GRU,medium,W001081,C0099,CLEAN,0,0.5164471997200392,1,0,0.9992193312149118,0.304497641694886,ESCALATE
GCN_GRU,medium,W001086,C0099,CLEAN,0,0.11090707063806718,0,1,0.5026459091244493,0.18683594315939503,PROCEED
GCN_GRU,medium,W001091,C0099,CLEAN,0,0.9990877079461639,1,0,0.010528081466499452,0.38027454902663976,REQUEST_SENSOR
GCN_GRU,medium,W001096,C0099,CLEAN,0,0.9997704223791379,1,0,0.003106474429167106,0.41906823095014073,REQUEST_SENSOR
GCN_GRU,medium,W001101,C0099,CLEAN,0,0.9999014356973743,1,0,0.0014539416599238864,0.49026887384044276,REQUEST_SENSOR
GCN_GRU,medium,W001106,C0099,CLEAN,0,0.9999256437827875,1,0,0.0011270787884651542,0.48738249263270134,REQUEST_SENSOR
GCN_GRU,medium,W001111,C0099,CLEAN,0,0.9999971923213715,1,0,5.5830363199427116e-05,0.4055202469726032,REQUEST_SENSOR
GCN_GRU,medium,W001116,C0099,CLEAN,0,0.9999960738351661,1,0,7.617207374204276e-05,0.43215204444294264,REQUEST_SENSOR
GCN_GRU,medium,W001121,C0099,CLEAN,0,0.999963575203982,1,0,0.0005896223186020138,0.38194348550101465,REQUEST_SENSOR
GCN_GRU,medium,W001125,C0099,CLEAN,0,0.9944767862010256,1,0,0.04937189679842881,0.1250058699376313,PROCEED
GCN_GRU,medium,W001126,C0099,LEAK,0,0.5164473522916723,1,0,0.99921931672856,0.30449764594918394,ESCALATE
GCN_GRU,medium,W001131,C0099,LEAK,0,0.11090707063806718,0,1,0.5026459091244493,0.18683593230786985,PROCEED
GCN_GRU,medium,W001136,C0099,LEAK,1,0.9992530864490805,1,1,0.00883518604046331,0.38088310762701927,REQUEST_SENSOR
GCN_GRU,medium,W001141,C0099,LEAK,1,0.9998218534226156,1,1,0.002475741134405422,0.41013041145704804,REQUEST_SENSOR
GCN_GRU,medium,W001146,C0099,LEAK,1,0.9998985730885532,1,1,0.0014919790920627318,0.4793696225584962,REQUEST_SENSOR
GCN_GRU,medium,W001151,C0099,LEAK,0,0.9999208738042333,1,0,0.0011922832534526043,0.48612570407761124,REQUEST_SENSOR
GCN_GRU,medium,W001156,C0099,LEAK,0,0.9999969209239615,1,0,6.0817182922392224e-05,0.4084222089313888,REQUEST_SENSOR
GCN_GRU,medium,W001161,C0099,LEAK,0,0.9999956472564581,1,0,8.380047879489412e-05,0.42541403742666384,REQUEST_SENSOR
GCN_GRU,medium,W001166,C0099,LEAK,0,0.9999569447892019,1,0,0.000686563411854852,0.3792406183700219,REQUEST_SENSOR
GCN_GRU,medium,W001170,C0099,LEAK,0,0.9946268482615005,1,0,0.04824460460458959,0.12311052671345847,PROCEED
MLP,medium,W001171,C0102,CLEAN,0,1.0938652591654896e-06,0,1,2.3238979046888283e-05,0.1023201592881844,REQUEST_SENSOR
MLP,medium,W001176,C0102,CLEAN,0,0.21612166124321652,0,1,0.7530222716661626,0.043757786266901064,PROCEED
MLP,medium,W001181,C0102,CLEAN,0,0.11710942782670862,0,1,0.5209945288077176,0.05184339623055849,PROCEED
MLP,medium,W001186,C0102,CLEAN,0,0.08566383387444387,0,1,0.4218281985244971,0.061417712207125524,PROCEED
MLP,medium,W001191,C0102,CLEAN,0,0.14627933435714055,0,1,0.6004504768863536,0.10548750488954092,REQUEST_SENSOR
MLP,medium,W001196,C0102,CLEAN,0,0.09853724003737782,0,1,0.46434152995975236,0.0676209984248583,PROCEED
MLP,medium,W001201,C0102,CLEAN,0,0.13939386271789211,0,1,0.5826491888864878,0.052476889301092726,PROCEED
MLP,medium,W001206,C0102,CLEAN,0,0.03494416435806157,0,1,0.21861048067215938,0.06882875934864804,PROCEED
MLP,medium,W001211,C0102,CLEAN,0,0.06883707740411281,0,1,0.36156878915740354,0.05266895952186149,PROCEED
MLP,medium,W001215,C0102,CLEAN,0,0.9436664575999717,1,0,0.31271513658682887,0.036398714242620485,PROCEED
MLP,medium,W001216,C0102,LEAK,0,1.0938673455476039e-06,0,1,2.3239020361785922e-05,0.10232015510648976,REQUEST_SENSOR
MLP,medium,W001221,C0102,LEAK,0,0.21612107557098664,0,1,0.7530211830253122,0.04375778765542876,PROCEED
MLP,medium,W001226,C0102,LEAK,0,0.11710967433936989,0,1,0.5209952472382258,0.051843369134650444,PROCEED
MLP,medium,W001231,C0102,LEAK,1,0.9955433685757455,1,1,0.041220748254098404,0.04069656311449008,PROCEED
MLP,medium,W001236,C0102,LEAK,1,0.9999994945171579,1,1,1.1301852894985049e-05,0.046940701711352076,PROCEED
MLP,medium,W001241,C0102,LEAK,1,0.9999998774174658,1,1,2.991312713677765e-06,0.04699639719651616,PROCEED
MLP,medium,W001246,C0102,LEAK,1,0.9999399409551135,1,1,0.0009288678224783732,0.03483542793094869,PROCEED
MLP,medium,W001251,C0102,LEAK,1,0.23508317942481574,0,0,0.7867677200517547,0.047336035094620685,PROCEED
MLP,medium,W001256,C0102,LEAK,0,0.00010100012291612048,0,1,0.0014863155376513594,0.05595968046820664,PROCEED
MLP,medium,W001260,C0102,LEAK,0,0.2758606359946722,0,1,0.8497491420956087,0.04865476041529804,PROCEED
GCN_GRU,medium,W001171,C0102,CLEAN,0,0.971198245300653,1,0,0.18834665731360795,0.3075131923703387,REQUEST_SENSOR
GCN_GRU,medium,W001176,C0102,CLEAN,0,0.4340165312334521,1,0,0.9874008167672588,0.3104720874123227,ESCALATE
GCN_GRU,medium,W001181,C0102,CLEAN,0,0.9442278184809335,1,0,0.31042823536289466,0.38037438457573886,REQUEST_SENSOR
GCN_GRU,medium,W001186,C0102,CLEAN,0,0.9987463312831478,1,0,0.013892427651137873,0.42778856555980577,REQUEST_SENSOR
GCN_GRU,medium,W001191,C0102,CLEAN,0,0.9981405680412576,1,0,0.019546860539779675,0.386554306531223,REQUEST_SENSOR
GCN_GRU,medium,W001196,C0102,CLEAN,0,0.9771581293993761,1,0,0.1571124754900286,0.4131321382084391,REQUEST_SENSOR
GCN_GRU,medium,W001201,C0102,CLEAN,0,0.21734257024404477,0,1,0.7552853420179882,0.08100379409345747,PROCEED
GCN_GRU,medium,W001206,C0102,CLEAN,0,0.09295987727247394,0,1,0.44627308854575004,0.08911881138232183,PROCEED
GCN_GRU,medium,W001211,C0102,CLEAN,0,0.05580852831765064,0,1,0.3105765673607172,0.060247614987277084,PROCEED
GCN_GRU,medium,W001215,C0102,CLEAN,0,0.9913503938542716,1,0,0.0717016665009803,0.21922588719805358,PROCEED
GCN_GRU,medium,W001216,C0102,LEAK,0,0.9711983986894515,1,0,0.18834587878244835,0.30751316972415765,REQUEST_SENSOR
GCN_GRU,medium,W001221,C0102,LEAK,0,0.43401584307586905,1,0,0.9874005531946866,0.3104720303923685,ESCALATE
GCN_GRU,medium,W001226,C0102,LEAK,0,0.9442287726923654,1,0,0.31042434071987934,0.3803744735357187,REQUEST_SENSOR
GCN_GRU,medium,W001231,C0102,LEAK,1,0.9987412083493785,1,1,0.013941786456886082,0.34117861794501503,REQUEST_SENSOR
GCN_GRU,medium,W001236,C0102,LEAK,1,0.9925742144184718,1,1,0.06319763671160869,0.13010256023038713,PROCEED
GCN_GRU,medium,W001241,C0102,LEAK,1,0.9983972740694977,1,1,0.01719211224497513,0.1272234421758725,PROCEED
GCN_GRU,medium,W001246,C0102,LEAK,1,0.3210978427034224,0,0,0.9055713278313239,0.0982633909790963,PROCEED
GCN_GRU,medium,W001251,C0102,LEAK,1,0.2039124251581702,0,0,0.7296842684333371,0.1557590556379878,PROCEED
GCN_GRU,medium,W001256,C0102,LEAK,0,0.06882868790508066,0,1,0.36153726250833834,0.13003520341136798,PROCEED
GCN_GRU,medium,W001260,C0102,LEAK,0,0.857958216869505,1,0,0.5895611816292048,0.2677910030177473,PROCEED
MLP,medium,W001261,C0113,CLEAN,0,4.003622302356374e-11,0,1,1.440607288609273e-09,0.09772576584990295,PROCEED
MLP,medium,W001266,C0113,CLEAN,0,0.31220900638956334,0,1,0.8957069419213638,0.03456438240175931,PROCEED
MLP,medium,W001271,C0113,CLEAN,0,0.9428350748215483,1,0,0.31608637829235053,0.04917654114576212,PROCEED
MLP,medium,W001276,C0113,CLEAN,0,0.9901109091803896,1,0,0.08005697980698664,0.04281092210217356,PROCEED
MLP,medium,W001281,C0113,CLEAN,0,0.9967923172367216,1,0,0.03119353292462916,0.05624747925778252,PROCEED
MLP,medium,W001286,C0113,CLEAN,0,0.9950960278908251,1,0,0.044680017733496655,0.07618290086638675,PROCEED
MLP,medium,W001291,C0113,CLEAN,0,0.028998226650011387,0,1,0.1893428647486499,0.041157669520631775,PROCEED
MLP,medium,W001296,C0113,CLEAN,0,0.008741007774093293,0,1,0.07232620966276546,0.0327547728661904,PROCEED
MLP,medium,W001301,C0113,CLEAN,0,0.049092754665891754,0,1,0.28253047269392345,0.05763547137906189,PROCEED
MLP,medium,W001305,C0113,CLEAN,0,3.811344635612384e-07,0,1,8.67686579187885e-06,0.04776571092016525,PROCEED
MLP,medium,W001306,C0113,LEAK,0,4.003629938667181e-11,0,1,1.4406099761861735e-09,0.09772576624938877,PROCEED
MLP,medium,W001311,C0113,LEAK,0,0.31220890399616336,0,1,0.8957068252483427,0.03456438403522456,PROCEED
MLP,medium,W001316,C0113,LEAK,0,0.9428349977210845,1,0,0.3160866900713812,0.04917655884459265,PROCEED
MLP,medium,W001321,C0113,LEAK,0,0.9901109511999882,1,0,0.08005670056105754,0.04281093546450361,PROCEED
MLP,medium,W001326,C0113,LEAK,1,0.9998015372509488,1,1,0.0027271552274963527,0.05012098969375109,PROCEED
MLP,medium,W001331,C0113,LEAK,1,0.9994399865006278,1,1,0.006857108688338098,0.0852268967242707,PROCEED
MLP,medium,W001336,C0113,LEAK,1,0.028732091181527274,0,0,0.18799295228995744,0.04297718933718507,PROCEED
MLP,medium,W001341,C0113,LEAK,1,0.030792949144206164,0,0,0.19835300348547685,0.04266068753862262,PROCEED
MLP,medium,W001346,C0113,LEAK,1,0.587500197295691,1,1,0.9777944696320503,0.039581627141039716,VERIFY
MLP,medium,W001350,C0113,LEAK,0,3.218973582534885e-07,0,1,7.406726472335654e-06,0.04930491200653277,PROCEED
GCN_GRU,medium,W001261,C0113,CLEAN,0,0.9999822807918665,1,0,0.0003052489509343921,0.43343802175743046,REQUEST_SENSOR
GCN_GRU,medium,W001266,C0113,CLEAN,0,0.927023262298289,1,0,0.3769353274936578,0.27600155939079785,PROCEED
GCN_GRU,medium,W001271,C0113,CLEAN,0,0.27198855239725656,0,1,0.8443036339057514,0.21591952371398815,PROCEED
GCN_GRU,medium,W001276,C0113,CLEAN,0,0.3266876436424755,0,1,0.911506297764254,0.2686496451901065,PROCEED
GCN_GRU,medium,W001281,C0113,CLEAN,0,0.3754877275074102,0,1,0.9547927093148091,0.24191652702954086,PROCEED
GCN_GRU,medium,W001286,C0113,CLEAN,0,0.3525663113472221,0,1,0.9363391299697328,0.28420386171333617,REQUEST_SENSOR
GCN_GRU,medium,W001291,C0113,CLEAN,0,0.1301610514640878,0,1,0.5578797039058586,0.08939201159800514,PROCEED
GCN_GRU,medium,W001296,C0113,CLEAN,0,0.07818829503565049,0,1,0.3957631419207544,0.11375314740954123,PROCEED
GCN_GRU,medium,W001301,C0113,CLEAN,0,0.08818442761075167,0,1,0.4303804626518524,0.14589336057147612,PROCEED
GCN_GRU,medium,W001305,C0113,CLEAN,0,0.23208450472906705,0,1,0.7816274024347084,0.22982446214611657,PROCEED
GCN_GRU,medium,W001306,C0113,LEAK,0,0.9999822806904781,1,0,0.0003052505512780619,0.4334379873227668,REQUEST_SENSOR
GCN_GRU,medium,W001311,C0113,LEAK,0,0.9270231655225072,1,0,0.37693568237973496,0.2760015825972668,PROCEED
GCN_GRU,medium,W001316,C0113,LEAK,0,0.27198846978072905,0,1,0.8443035165559547,0.21591951169078655,PROCEED
GCN_GRU,medium,W001321,C0113,LEAK,0,0.32668770919650975,0,1,0.9115063661609626,0.2686496413070809,PROCEED
GCN_GRU,medium,W001326,C0113,LEAK,1,0.4053361507400049,1,1,0.9739865840391712,0.18979942624652912,VERIFY
GCN_GRU,medium,W001331,C0113,LEAK,1,0.36417003641148665,0,0,0.9460902803143212,0.2778505834736106,REQUEST_SENSOR
GCN_GRU,medium,W001336,C0113,LEAK,1,0.19508242048393645,0,0,0.7119832313092544,0.13246027635838453,PROCEED
GCN_GRU,medium,W001341,C0113,LEAK,1,0.07377734731335296,0,0,0.3798644289121897,0.13293660628003318,PROCEED
GCN_GRU,medium,W001346,C0113,LEAK,1,0.10522759614629038,0,0,0.48535095548217344,0.1605093649954289,PROCEED
GCN_GRU,medium,W001350,C0113,LEAK,0,0.26923854268593916,0,1,0.8403698696140286,0.2402526432268037,PROCEED
MLP,medium,W001351,C0120,CLEAN,0,6.009286572797468e-08,0,1,1.5282172234003136e-06,0.11720517505770997,REQUEST_SENSOR
MLP,medium,W001356,C0120,CLEAN,0,0.027705404965842728,0,1,0.18275070764331075,0.09392503157781402,PROCEED
MLP,medium,W001361,C0120,CLEAN,0,0.7896407871826275,1,0,0.742168801242027,0.04819503054645086,PROCEED
MLP,medium,W001366,C0120,CLEAN,0,0.9128476138786058,1,0,0.4268927428436924,0.04757033645619182,PROCEED
MLP,medium,W001371,C0120,CLEAN,0,0.9984451518592866,1,0,0.016746621692372718,0.0737462359825018,PROCEED
MLP,medium,W001376,C0120,CLEAN,0,0.9999050971390172,1,0,0.0014051142477802111,0.08352272737848929,PROCEED
MLP,medium,W001381,C0120,CLEAN,0,0.9997477235699112,1,0,0.003379298282603179,0.03483061910688781,PROCEED
MLP,medium,W001386,C0120,CLEAN,0,0.9990207626499131,1,0,0.011200558166371064,0.03719730412774512,PROCEED
MLP,medium,W001391,C0120,CLEAN,0,0.00034083446200034454,0,1,0.004417586245339874,0.03377037129901475,PROCEED
MLP,medium,W001395,C0120,CLEAN,0,7.770709615105707e-05,0,1,0.0011729290235760821,0.03185995820016359,PROCEED
MLP,medium,W001396,C0120,LEAK,0,6.009286572797468e-08,0,1,1.5282172234003136e-06,0.1172051773415193,REQUEST_SENSOR
MLP,medium,W001401,C0120,LEAK,1,0.025338405789926837,0,0,0.17044616797841466,0.09069668472526557,PROCEED
MLP,medium,W001406,C0120,LEAK,1,0.9513636988945601,1,1,0.28057557493023655,0.05018700753549292,PROCEED
MLP,medium,W001411,C0120,LEAK,1,0.9803627994125045,1,1,0.13939865595730172,0.0521016824186391,PROCEED
MLP,medium,W001416,C0120,LEAK,1,0.9997276120166396,1,1,0.0036185512006848336,0.06326965116265654,PROCEED
MLP,medium,W001421,C0120,LEAK,0,0.9999356333952009,1,0,0.0009890557503653532,0.08602843756713109,PROCEED
MLP,medium,W001426,C0120,LEAK,0,0.9996956053031615,1,0,0.003994950456055167,0.03398873752984012,PROCEED
MLP,medium,W001431,C0120,LEAK,0,0.9988925222906478,1,0,0.012470644759114358,0.036503585602325625,PROCEED
MLP,medium,W001436,C0120,LEAK,0,0.0003436988628652798,0,1,0.004450561520098113,0.03404037431456028,PROCEED
MLP,medium,W001440,C0120,LEAK,0,8.82929834226062e-05,0,1,0.0013164460016570647,0.03289241404889526,PROCEED
GCN_GRU,medium,W001351,C0120,CLEAN,0,0.7077882269392258,1,0,0.8715612271401115,0.3121348596062201,REQUEST_SENSOR
GCN_GRU,medium,W001356,C0120,CLEAN,0,0.1775551576311382,0,1,0.6746993266615241,0.1659792538856292,PROCEED
GCN_GRU,medium,W001361,C0120,CLEAN,0,0.22033114275414703,0,1,0.7607716991072245,0.16168789213471138,PROCEED
GCN_GRU,medium,W001366,C0120,CLEAN,0,0.2430080359513408,0,1,0.8000068557457081,0.09713121389577636,PROCEED
GCN_GRU,medium,W001371,C0120,CLEAN,0,0.4215813260708312,1,0,0.9821828587852339,0.23603956421886313,VERIFY
GCN_GRU,medium,W001376,C0120,CLEAN,0,0.6082117629316574,1,0,0.9659438698330887,0.362235154960015,ESCALATE
GCN_GRU,medium,W001381,C0120,CLEAN,0,0.9998774180287648,1,0,0.0017696634760240493,0.37973147518239814,REQUEST_SENSOR
GCN_GRU,medium,W001386,C0120,CLEAN,0,0.9998915175589714,1,0,0.0015852395495377903,0.35852304622262443,REQUEST_SENSOR
GCN_GRU,medium,W001391,C0120,CLEAN,0,0.1987981525611478,0,1,0.7195178780617099,0.20805033665962352,PROCEED
GCN_GRU,medium,W001395,C0120,CLEAN,0,0.07003329163028052,0,1,0.3660478764563783,0.07385316283054538,PROCEED
GCN_GRU,medium,W001396,C0120,LEAK,0,0.7077880296963996,1,0,0.8715614788816772,0.312134847317589,REQUEST_SENSOR
GCN_GRU,medium,W001401,C0120,LEAK,1,0.1775325979197292,0,0,0.6746494299242477,0.16733768628668838,PROCEED
GCN_GRU,medium,W001406,C0120,LEAK,1,0.21675508088374384,0,0,0.7541979561205303,0.13677272381917685,PROCEED
GCN_GRU,medium,W001411,C0120,LEAK,1,0.24884788614929684,0,0,0.8094469553392369,0.09534069332078345,PROCEED
GCN_GRU,medium,W001416,C0120,LEAK,1,0.38567102552476556,1,1,0.9619490100458501,0.2133239182899996,PROCEED
GCN_GRU,medium,W001421,C0120,LEAK,0,0.5620649524819196,1,0,0.988856588766855,0.3702377403415347,ESCALATE
GCN_GRU,medium,W001426,C0120,LEAK,0,0.9998860789772269,1,0,0.001656672691160697,0.3786350066778766,REQUEST_SENSOR
GCN_GRU,medium,W001431,C0120,LEAK,0,0.9998968471369072,1,0,0.0015148564402780076,0.36038384156240694,REQUEST_SENSOR
GCN_GRU,medium,W001436,C0120,LEAK,0,0.12186952123787886,0,1,0.5347109776918739,0.19840997467216823,PROCEED
GCN_GRU,medium,W001440,C0120,LEAK,0,0.06948188059591456,0,1,0.3639871495174572,0.08032539403405889,PROCEED
MLP,medium,W001441,C0133,CLEAN,0,1.4542689336967746e-09,0,1,4.4791125117404806e-08,0.10959791547797965,REQUEST_SENSOR
MLP,medium,W001446,C0133,CLEAN,0,0.4429932008960212,0,1,0.9906027095144179,0.052690489267797715,VERIFY
MLP,medium,W001451,C0133,CLEAN,0,0.8415585223289636,1,0,0.630568003267189,0.04995954893250162,PROCEED
MLP,medium,W001456,C0133,CLEAN,0,0.985650639793733,1,0,0.10841177072195593,0.034628386626945555,PROCEED
MLP,medium,W001461,C0133,CLEAN,0,0.9589408140705553,1,0,0.2471276182657306,0.061340057050004636,PROCEED
MLP,medium,W001466,C0133,CLEAN,0,0.9613879976522274,1,0,0.23589167343389922,0.050536194334187226,PROCEED
MLP,medium,W001471,C0133,CLEAN,0,0.1673710188876734,0,1,0.6516553030981537,0.03630369854966669,PROCEED
MLP,medium,W001476,C0133,CLEAN,0,0.009926680279557164,0,1,0.08030668067305055,0.0387384776330586,PROCEED
MLP,medium,W001481,C0133,CLEAN,0,0.00046813325372585844,0,1,0.005853140492997662,0.032822985254072345,PROCEED
MLP,medium,W001485,C0133,CLEAN,0,1.0251736635330495e-06,0,1,2.1875560113666446e-05,0.035121331328876515,PROCEED
MLP,medium,W001486,C0133,LEAK,0,1.454255064773615e-09,0,1,4.4790717953728215e-08,0.1095979052546988,REQUEST_SENSOR
MLP,medium,W001491,C0133,LEAK,0,0.44299307955948375,0,1,0.9906026694235233,0.05269045770827449,VERIFY
MLP,medium,W001496,C0133,LEAK,0,0.8415594919277484,1,0,0.6305656673885428,0.049959582992996465,PROCEED
MLP,medium,W001501,C0133,LEAK,1,1.0,1,1,4.1304950338020633e-11,0.06232928279863302,PROCEED
MLP,medium,W001506,C0133,LEAK,1,1.0,1,1,4.1304950338020633e-11,0.03349544651754635,PROCEED
MLP,medium,W001511,C0133,LEAK,0,0.010648516385037266,0,1,0.08506237315994804,0.04765574379459166,PROCEED
MLP,medium,W001516,C0133,LEAK,0,0.004383705824839523,0,1,0.040650812222756454,0.06780870137649331,PROCEED
MLP,medium,W001521,C0133,LEAK,0,0.026708228989088933,0,1,0.17760510636384427,0.07407072002719375,PROCEED
MLP,medium,W001526,C0133,LEAK,0,0.003405317058846617,0,1,0.032821232393694715,0.07011945283644513,PROCEED
MLP,medium,W001530,C0133,LEAK,0,0.000157751229946086,0,1,0.0022199766420517558,0.055526472156950724,PROCEED
GCN_GRU,medium,W001441,C0133,CLEAN,0,0.033816791259497714,0,1,0.21318572151832688,0.22330019431143402,PROCEED
GCN_GRU,medium,W001446,C0133,CLEAN,0,0.19769967084758117,0,1,0.7173035111762516,0.15837393066088318,PROCEED
GCN_GRU,medium,W001451,C0133,CLEAN,0,0.5524309897866211,1,0,0.992053436584463,0.313089283670165,ESCALATE
GCN_GRU,medium,W001456,C0133,CLEAN,0,0.33193469312236384,0,1,0.9168908394568425,0.19057164936940502,PROCEED
GCN_GRU,medium,W001461,C0133,CLEAN,0,0.3507395253973474,0,1,0.9347267807461036,0.12785382139167292,PROCEED
GCN_GRU,medium,W001466,C0133,CLEAN,0,0.3354033110715582,0,1,0.9203519173614986,0.11762302531172003,PROCEED
GCN_GRU,medium,W001471,C0133,CLEAN,0,0.18721868598594107,0,1,0.6956167718768483,0.09836466722515479,PROCEED
GCN_GRU,medium,W001476,C0133,CLEAN,0,0.10184814031167923,0,1,0.47482683217001037,0.0754582778673646,PROCEED
GCN_GRU,medium,W001481,C0133,CLEAN,0,0.10556065339378855,0,1,0.48637858975728004,0.07782076069328475,PROCEED
GCN_GRU,medium,W001485,C0133,CLEAN,0,0.09971888803094425,0,1,0.4681038558273654,0.09403451524940551,PROCEED
GCN_GRU,medium,W001486,C0133,LEAK,0,0.033816767889800384,0,1,0.21318560849112178,0.22330017305724617,PROCEED
GCN_GRU,medium,W001491,C0133,LEAK,0,0.1976998977475573,0,1,0.7173039697027318,0.15837394898247076,PROCEED
GCN_GRU,medium,W001496,C0133,LEAK,0,0.5524294718434593,1,0,0.9920538975529521,0.313089303662015,ESCALATE
GCN_GRU,medium,W001501,C0133,LEAK,1,0.9999889244335224,1,1,0.0001983074311791913,0.19945212326525255,PROCEED
GCN_GRU,medium,W001506,C0133,LEAK,1,0.9993998835839168,1,1,0.007288253069885834,0.3132771592980075,REQUEST_SENSOR
GCN_GRU,medium,W001511,C0133,LEAK,0,0.7044602997025041,1,0,0.8757701306418262,0.27575021297894964,PROCEED
GCN_GRU,medium,W001516,C0133,LEAK,0,0.13148714554800095,0,1,0.5615026272814513,0.14901648923589578,PROCEED
GCN_GRU,medium,W001521,C0133,LEAK,0,0.27387310119492836,0,1,0.8469675562108077,0.19913175075205303,PROCEED
GCN_GRU,medium,W001526,C0133,LEAK,0,0.28969904027855986,0,1,0.8683321593759845,0.1155567855952862,PROCEED
GCN_GRU,medium,W001530,C0133,LEAK,0,0.2121748145813925,0,1,0.7456193044125986,0.13059777367186437,PROCEED
MLP,medium,W001531,C0146,CLEAN,0,4.437581976840948e-09,0,1,1.2953423432451407e-07,0.07769517713338847,PROCEED
MLP,medium,W001536,C0146,CLEAN,0,0.33264324385847915,0,1,0.9176041981935885,0.06033594625915666,PROCEED
MLP,medium,W001541,C0146,CLEAN,0,0.10138321426805426,0,1,0.4733650065913979,0.054355761361388574,PROCEED
MLP,medium,W001546,C0146,CLEAN,0,0.5378057679171292,1,0,0.9958720423636519,0.10826175284267534,ESCALATE
MLP,medium,W001551,C0146,CLEAN,0,0.6514248952140563,1,0,0.9327890614040658,0.15057379357784653,REQUEST_SENSOR
MLP,medium,W001556,C0146,CLEAN,0,0.4395422984837843,0,1,0.9894276628591379,0.09918521351466919,ESCALATE
MLP,medium,W001561,C0146,CLEAN,0,0.18440689718090866,0,1,0.6896233771690894,0.03920779659707627,PROCEED
MLP,medium,W001566,C0146,CLEAN,0,0.004197216528959493,0,1,0.03918527452967748,0.06148463165571039,PROCEED
MLP,medium,W001571,C0146,CLEAN,0,0.00011271630824656766,0,1,0.0016408822928639514,0.049145130994098035,PROCEED
MLP,medium,W001575,C0146,CLEAN,0,6.692243407850906e-08,0,1,1.6915066711810905e-06,0.031750223299344016,PROCEED
MLP,medium,W001576,C0146,LEAK,0,4.437581976840948e-09,0,1,1.2953423432451407e-07,0.07769517834760968,PROCEED
MLP,medium,W001581,C0146,LEAK,0,0.33264324385847915,0,1,0.9176041981935885,0.06033594625915666,PROCEED
MLP,medium,W001586,C0146,LEAK,0,0.1013833663154574,0,1,0.47336548521928923,0.05435575235025475,PROCEED
MLP,medium,W001591,C0146,LEAK,1,0.9004963153857007,1,1,0.4674203338090127,0.09464495615944846,PROCEED
MLP,medium,W001596,C0146,LEAK,1,0.9876522804961657,1,1,0.09598330259003753,0.08798662836988493,PROCEED
MLP,medium,W001601,C0146,LEAK,1,0.9920008925406936,1,1,0.06721533778269602,0.07600714978149327,PROCEED
MLP,medium,W001606,C0146,LEAK,0,0.11764383646570378,0,1,0.5225500074231256,0.026795163466648175,PROCEED
MLP,medium,W001611,C0146,LEAK,0,0.0016909633564464084,0,1,0.018007767943137135,0.045992523998676205,PROCEED
MLP,medium,W001616,C0146,LEAK,0,0.00012021405742159097,0,1,0.0017388620905488094,0.027222376379268734,PROCEED
MLP,medium,W001620,C0146,LEAK,0,9.061653645837952e-08,0,1,2.250764830232513e-06,0.0317427488571036,PROCEED
GCN_GRU,medium,W001531,C0146,CLEAN,0,0.9996888862569625,1,0,0.004073331612653759,0.4432100316362716,REQUEST_SENSOR
GCN_GRU,medium,W001536,C0146,CLEAN,0,0.18345324024882134,0,1,0.6875734563364226,0.12296762075514692,PROCEED
GCN_GRU,medium,W001541,C0146,CLEAN,0,0.22699460143933506,0,1,0.7727353156467234,0.17406345366674725,PROCEED
GCN_GRU,medium,W001546,C0146,CLEAN,0,0.20473044961087056,0,1,0.7312886974629468,0.14929972903400213,PROCEED
GCN_GRU,medium,W001551,C0146,CLEAN,0,0.2651235251425257,0,1,0.8343798377187933,0.12808876190949592,PROCEED
GCN_GRU,medium,W001556,C0146,CLEAN,0,0.27313881825312736,0,1,0.8459326732049073,0.14076873896900122,PROCEED
GCN_GRU,medium,W001561,C0146,CLEAN,0,0.9977664145322163,1,0,0.0228886793057615,0.4125845206945189,REQUEST_SENSOR
GCN_GRU,medium,W001566,C0146,CLEAN,0,0.11250072426605286,0,1,0.5074131218449107,0.209107344353326,PROCEED
GCN_GRU,medium,W001571,C0146,CLEAN,0,0.07859941104005119,0,1,0.39722479890684076,0.08720766494210835,PROCEED
GCN_GRU,medium,W001575,C0146,CLEAN,0,0.9999938196599801,1,0,0.00011586019497568186,0.41186367753033903,REQUEST_SENSOR
GCN_GRU,medium,W001576,C0146,LEAK,0,0.9996888862569625,1,0,0.004073331612653759,0.4432100361769763,REQUEST_SENSOR
GCN_GRU,medium,W001581,C0146,LEAK,0,0.18345324024882134,0,1,0.6875734563364226,0.12296762075514692,PROCEED
GCN_GRU,medium,W001586,C0146,LEAK,0,0.2269946223567576,0,1,0.7727353526249701,0.17406345302862591,PROCEED
GCN_GRU,medium,W001591,C0146,LEAK,1,0.20977955236782098,0,0,0.7410611510082368,0.12224327480356391,PROCEED
GCN_GRU,medium,W001596,C0146,LEAK,1,0.35512445737069986,0,0,0.938561551360237,0.12269966468233974,PROCEED
GCN_GRU,medium,W001601,C0146,LEAK,1,0.3163492982101652,0,0,0.9003671842237674,0.15130950949604532,PROCEED
GCN_GRU,medium,W001606,C0146,LEAK,0,0.1914485713177245,0,1,0.7044919425986329,0.1527253572877314,PROCEED
GCN_GRU,medium,W001611,C0146,LEAK,0,0.07385839284626186,0,1,0.3801601846454976,0.07311615410054005,PROCEED
GCN_GRU,medium,W001616,C0146,LEAK,0,0.08683589783277948,0,1,0.42581933016786955,0.11334715538974485,PROCEED
GCN_GRU,medium,W001620,C0146,LEAK,0,0.9999923142761192,1,0,0.0001416638537516725,0.42575241332526276,REQUEST_SENSOR
MLP,medium,W001621,C0159,CLEAN,0,5.166541529594716e-09,0,1,1.4967909462819907e-07,0.09156026307642964,PROCEED
MLP,medium,W001626,C0159,CLEAN,0,0.4065464486374755,0,1,0.9746514426164032,0.048663994934862786,VERIFY
MLP,medium,W001631,C0159,CLEAN,0,0.12419267583138216,0,1,0.5412936912086449,0.03355795136269328,PROCEED
MLP,medium,W001636,C0159,CLEAN,0,0.17404522086594873,0,1,0.6668753954784264,0.04026114713837323,PROCEED
MLP,medium,W001641,C0159,CLEAN,0,0.19301437959570203,0,1,0.7077348898694265,0.04542560652047192,PROCEED
MLP,medium,W001646,C0159,CLEAN,0,0.31573490669891363,0,1,0.8996828805283301,0.05107755948502104,PROCEED
MLP,medium,W001651,C0159,CLEAN,0,0.20383058053445438,0,1,0.729523415823686,0.050794569030383846,PROCEED
MLP,medium,W001656,C0159,CLEAN,0,0.008962935449861162,0,1,0.07383687039488979,0.07973615545013492,PROCEED
MLP,medium,W001661,C0159,CLEAN,0,0.0019420081915100167,0,1,0.020293069495620236,0.08493390625302322,PROCEED
MLP,medium,W001665,C0159,CLEAN,0,0.00012050442462594875,0,1,0.001742642727347429,0.04345982730116643,PROCEED
MLP,medium,W001666,C0159,LEAK,0,5.1665612384240515e-09,0,1,1.496796372524991e-07,0.09156025534758128,PROCEED
MLP,medium,W001671,C0159,LEAK,1,0.9999439236941146,1,1,0.0008728223038401054,0.02408374087121429,PROCEED
MLP,medium,W001676,C0159,LEAK,1,0.999999999856225,1,1,4.908214142727452e-09,0.05575495912155952,PROCEED
MLP,medium,W001681,C0159,LEAK,1,0.9999999999683011,1,1,1.1512860946438317e-09,0.048875079530394196,PROCEED
MLP,medium,W001686,C0159,LEAK,1,0.9999999999619591,1,1,1.3716162378007663e-09,0.043583245347685526,PROCEED
MLP,medium,W001691,C0159,LEAK,0,0.9947274289860604,1,0,0.047485632115088564,0.03465255457895324,PROCEED
MLP,medium,W001696,C0159,LEAK,0,0.010007176973863241,0,1,0.08084071086287525,0.04687011570696213,PROCEED
MLP,medium,W001701,C0159,LEAK,0,0.001399604276505612,0,1,0.015287108115181788,0.0414390729083244,PROCEED
MLP,medium,W001706,C0159,LEAK,0,0.0002319346254225699,0,1,0.003134949440793307,0.03155039208749543,PROCEED
MLP,medium,W001710,C0159,LEAK,0,8.042393485279328e-07,0,1,1.7442798352238488e-05,0.018241045980006868,PROCEED
GCN_GRU,medium,W001621,C0159,CLEAN,0,0.9802693330125352,1,0,0.1399256342738361,0.35409923351281736,REQUEST_SENSOR
GCN_GRU,medium,W001626,C0159,CLEAN,0,0.992426931384552,1,0,0.06423571211930626,0.46613690627048743,REQUEST_SENSOR
GCN_GRU,medium,W001631,C0159,CLEAN,0,0.2431660923643227,0,1,0.8002658555607098,0.16314667725149093,PROCEED
GCN_GRU,medium,W001636,C0159,CLEAN,0,0.28999625147732544,0,1,0.8687164040755694,0.1352582401616721,PROCEED
GCN_GRU,medium,W001641,C0159,CLEAN,0,0.32276476847669316,0,1,0.907362739306746,0.18478469078238602,PROCEED
GCN_GRU,medium,W001646,C0159,CLEAN,0,0.5684185043573915,1,0,0.9864507544509221,0.15518875897523537,VERIFY
GCN_GRU,medium,W001651,C0159,CLEAN,0,0.13089891013276797,0,1,0.5598983058859924,0.08466095208178939,PROCEED
GCN_GRU,medium,W001656,C0159,CLEAN,0,0.06124212848967765,0,1,0.33235609806687383,0.08230463918895253,PROCEED
GCN_GRU,medium,W001661,C0159,CLEAN,0,0.0346000312282437,0,1,0.21696040585143872,0.06924330712360434,PROCEED
GCN_GRU,medium,W001665,C0159,CLEAN,0,0.16815089011722295,0,1,0.6534572675148138,0.15595943679751711,PROCEED
GCN_GRU,medium,W001666,C0159,LEAK,0,0.9802693330125352,1,0,0.1399256342738361,0.3540992698780805,REQUEST_SENSOR
GCN_GRU,medium,W001671,C0159,LEAK,1,0.9770685459176246,1,1,0.1575976549549599,0.4559053824161342,REQUEST_SENSOR
GCN_GRU,medium,W001676,C0159,LEAK,1,0.8732494404615347,1,1,0.5484587547812408,0.147843466157602,PROCEED
GCN_GRU,medium,W001681,C0159,LEAK,1,0.8506767851099648,1,1,0.6081440551221785,0.13172705299126125,PROCEED
GCN_GRU,medium,W001686,C0159,LEAK,1,0.9362287308171694,1,1,0.3422370047500838,0.15692981755211236,PROCEED
GCN_GRU,medium,W001691,C0159,LEAK,0,0.7072434898917466,1,0,0.8722554423506261,0.11963285870665483,PROCEED
GCN_GRU,medium,W001696,C0159,LEAK,0,0.10040884074144019,0,1,0.47029024998805047,0.10899093306362378,PROCEED
GCN_GRU,medium,W001701,C0159,LEAK,0,0.07279331848360124,0,1,0.37626235243318057,0.07483227871399199,PROCEED
GCN_GRU,medium,W001706,C0159,LEAK,0,0.07385245672633413,0,1,0.3801385269397433,0.15948526017203196,PROCEED
GCN_GRU,medium,W001710,C0159,LEAK,0,0.07956827226083105,0,1,0.40065614097495733,0.20594597329752828,PROCEED
MLP,medium,W001711,C0165,CLEAN,0,0.00010782908773864243,0,1,0.0015766319806135238,0.044613004124361616,PROCEED
MLP,medium,W001716,C0165,CLEAN,0,0.2975278052351632,0,1,0.8782478801744115,0.021438973133872833,PROCEED
MLP,medium,W001721,C0165,CLEAN,0,0.15614523000967176,0,1,0.6250074440190209,0.04463603796693606,PROCEED
MLP,medium,W001726,C0165,CLEAN,0,0.374974726503408,0,1,0.9544153752616035,0.039411369969515324,PROCEED
MLP,medium,W001731,C0165,CLEAN,0,0.966519371313611,1,0,0.2115573733346363,0.0404294437436479,PROCEED
MLP,medium,W001736,C0165,CLEAN,0,0.9894318201678086,1,0,0.08453670914305375,0.06834518094438143,PROCEED
MLP,medium,W001741,C0165,CLEAN,0,0.16854885292978689,0,1,0.654374378556011,0.027541181817899364,PROCEED
MLP,medium,W001746,C0165,CLEAN,0,0.1663956709238454,0,1,0.6493928074352853,0.04548182672869711,PROCEED
MLP,medium,W001751,C0165,CLEAN,0,0.10812614774716049,0,1,0.49423785218634203,0.06339669638026696,PROCEED
MLP,medium,W001755,C0165,CLEAN,0,0.9999820194646524,1,0,0.00030937105164347,0.06210113610070346,PROCEED
MLP,medium,W001756,C0165,LEAK,0,0.00010782888209335238,0,1,0.0015766292704529707,0.04461301056802454,PROCEED
MLP,medium,W001761,C0165,LEAK,0,0.29752810421931536,0,1,0.8782482507400305,0.02143897824563233,PROCEED
MLP,medium,W001766,C0165,LEAK,1,0.5836757078119228,1,1,0.9797022109772004,0.031328820541752234,VERIFY
MLP,medium,W001771,C0165,LEAK,1,0.9683448139428211,1,1,0.20262579990232227,0.052472762919224224,PROCEED
MLP,medium,W001776,C0165,LEAK,1,0.9999384284212175,1,1,0.0009500510946090115,0.045967733949800894,PROCEED
MLP,medium,W001781,C0165,LEAK,1,0.9999656616013906,1,1,0.0005587711788001358,0.05911740825906525,PROCEED
MLP,medium,W001786,C0165,LEAK,0,0.7233455761464828,1,0,0.850852081009872,0.03133917630996967,PROCEED
MLP,medium,W001791,C0165,LEAK,0,0.20240685524563878,0,1,0.7267157663720198,0.04410037686463204,PROCEED
MLP,medium,W001796,C0165,LEAK,0,0.10527604929187603,0,1,0.4855005611827613,0.06051520540238711,PROCEED
MLP,medium,W001800,C0165,LEAK,0,0.9999679458863923,1,0,0.0005247836294306881,0.06121101017142417,PROCEED
GCN_GRU,medium,W001711,C0165,CLEAN,0,0.9999935092102575,1,0,0.00012122111235495701,0.4177733771312514,REQUEST_SENSOR
GCN_GRU,medium,W001716,C0165,CLEAN,0,0.7277436048689884,1,0,0.8446838205051213,0.32931620937185635,REQUEST_SENSOR
GCN_GRU,medium,W001721,C0165,CLEAN,0,0.3267279737636774,0,1,0.9115483714290382,0.21784621998531795,PROCEED
GCN_GRU,medium,W001726,C0165,CLEAN,0,0.27603322152581716,0,1,0.8499893301798341,0.15848344241972095,PROCEED
GCN_GRU,medium,W001731,C0165,CLEAN,0,0.41857920286558786,1,0,0.9807863020331921,0.22128542376694876,VERIFY
GCN_GRU,medium,W001736,C0165,CLEAN,0,0.5006636190988087,1,0,0.9999987293017992,0.35237909167505965,ESCALATE
GCN_GRU,medium,W001741,C0165,CLEAN,0,0.9999887742842553,1,0,0.0002007777632918732,0.407259538904978,REQUEST_SENSOR
GCN_GRU,medium,W001746,C0165,CLEAN,0,0.9994464959016844,1,0,0.006786742943724915,0.44084851807793324,REQUEST_SENSOR
GCN_GRU,medium,W001751,C0165,CLEAN,0,0.9998228436829043,1,0,0.0024634040672218112,0.44493893699135767,REQUEST_SENSOR
GCN_GRU,medium,W001755,C0165,CLEAN,0,0.9999994828467124,1,0,1.1545757109488806e-05,0.4260618324230583,REQUEST_SENSOR
GCN_GRU,medium,W001756,C0165,LEAK,0,0.9999935091978773,1,0,0.00012122132570510892,0.417773366908319,REQUEST_SENSOR
GCN_GRU,medium,W001761,C0165,LEAK,0,0.7277436993460834,1,0,0.8446836864927004,0.32931622258392257,REQUEST_SENSOR
GCN_GRU,medium,W001766,C0165,LEAK,1,0.34022958892765576,0,0,0.9250382363745177,0.234539993091188,PROCEED
GCN_GRU,medium,W001771,C0165,LEAK,1,0.30663253363525594,0,0,0.8892479783689132,0.20284937232197173,PROCEED
GCN_GRU,medium,W001776,C0165,LEAK,1,0.5699654395090927,1,1,0.9858290868322364,0.2754626441710419,VERIFY
GCN_GRU,medium,W001781,C0165,LEAK,1,0.978401828930076,1,1,0.15032216700157047,0.3456072941034961,REQUEST_SENSOR
GCN_GRU,medium,W001786,C0165,LEAK,0,0.9999876545874126,1,0,0.00021911072272247554,0.41617252602416244,REQUEST_SENSOR
GCN_GRU,medium,W001791,C0165,LEAK,0,0.9993681871534955,1,0,0.007626268087627195,0.44272551757910783,REQUEST_SENSOR
GCN_GRU,medium,W001796,C0165,LEAK,0,0.9997953762518957,1,0,0.0028027900442257727,0.4447384388936577,REQUEST_SENSOR
GCN_GRU,medium,W001800,C0165,LEAK,0,0.9999994556275712,1,0,1.2113156073918618e-05,0.4271558261188812,REQUEST_SENSOR
MLP,medium,W001801,C0173,CLEAN,0,2.3918797653924244e-08,0,1,6.400664250922872e-07,0.10586524747833267,REQUEST_SENSOR
MLP,medium,W001806,C0173,CLEAN,0,0.9614360706305546,1,0,0.23566866615375912,0.03218435125458663,PROCEED
MLP,medium,W001811,C0173,CLEAN,0,0.9920144496984626,1,0,0.06712103972878983,0.03312678626099899,PROCEED
MLP,medium,W001816,C0173,CLEAN,0,0.999947842271324,1,0,0.00081728119232459,0.050534492769421055,PROCEED
MLP,medium,W001821,C0173,CLEAN,0,0.9998402188467348,1,0,0.0022455954707876046,0.07631820652018731,PROCEED
MLP,medium,W001826,C0173,CLEAN,0,0.9999756738601606,1,0,0.0004079447567930702,0.07230286156942892,PROCEED
MLP,medium,W001831,C0173,CLEAN,0,0.9989534851583178,1,0,0.01186970883504098,0.041270362488710244,PROCEED
MLP,medium,W001836,C0173,CLEAN,0,0.9965804727309945,1,0,0.03293761483460463,0.054249342238708254,PROCEED
MLP,medium,W001841,C0173,CLEAN,0,0.9958620115379957,1,0,0.03871734001197958,0.05430508542346181,PROCEED
MLP,medium,W001845,C0173,CLEAN,0,0.005583667731040928,0,1,0.04982435671151746,0.058657071325249416,PROCEED
MLP,medium,W001846,C0173,LEAK,0,2.3918797653924244e-08,0,1,6.400664250922872e-07,0.10586524473905992,REQUEST_SENSOR
MLP,medium,W001851,C0173,LEAK,0,0.961436061790767,1,0,0.2356687071691959,0.03218435335898263,PROCEED
MLP,medium,W001856,C0173,LEAK,0,0.9920144383662556,1,0,0.06712111856496514,0.033126785509097686,PROCEED
MLP,medium,W001861,C0173,LEAK,0,0.9999478421718461,1,0,0.0008172826075662775,0.050534493825900126,PROCEED
MLP,medium,W001866,C0173,LEAK,1,1.0,1,1,4.1304950338020633e-11,0.11639482997640921,REQUEST_SENSOR
MLP,medium,W001871,C0173,LEAK,1,0.9999999999998774,1,1,4.1304950338020633e-11,0.095951392998204,PROCEED
MLP,medium,W001876,C0173,LEAK,0,0.6100321922277898,1,0,0.9647787705875814,0.08496141039648616,PROCEED
MLP,medium,W001881,C0173,LEAK,0,0.0004573399084335308,0,1,0.00573358383559385,0.0789619084658475,PROCEED
MLP,medium,W001886,C0173,LEAK,0,0.004530074358579372,0,1,0.0417929796721051,0.09312816010402522,PROCEED
MLP,medium,W001890,C0173,LEAK,0,6.783070390810716e-05,0,1,0.0010371550760040842,0.04002744908410915,PROCEED
GCN_GRU,medium,W001801,C0173,CLEAN,0,0.472180030098267,1,0,0.9977656965922236,0.33328983073524987,ESCALATE
GCN_GRU,medium,W001806,C0173,CLEAN,0,0.21536131843416917,0,1,0.7516064933454161,0.16083351890880043,PROCEED
GCN_GRU,medium,W001811,C0173,CLEAN,0,0.2324913734268202,0,1,0.7823291090358792,0.13089631019352294,PROCEED
GCN_GRU,medium,W001816,C0173,CLEAN,0,0.22653654399747725,0,1,0.7719246893449573,0.14286034777273557,PROCEED
GCN_GRU,medium,W001821,C0173,CLEAN,0,0.2664655204326218,0,1,0.8363470334988896,0.19855300893721534,PROCEED
GCN_GRU,medium,W001826,C0173,CLEAN,0,0.251298479861383,0,1,0.8133296872624808,0.19105280811808592,PROCEED
GCN_GRU,medium,W001831,C0173,CLEAN,0,0.29772553384341816,0,1,0.8784928133794653,0.20973799795649378,PROCEED
GCN_GRU,medium,W001836,C0173,CLEAN,0,0.20737861989730533,0,1,0.7364420976433947,0.19407380711710437,PROCEED
GCN_GRU,medium,W001841,C0173,CLEAN,0,0.13562625419469113,0,1,0.5726687394214238,0.16883103258881654,PROCEED
GCN_GRU,medium,W001845,C0173,CLEAN,0,0.14402396339728862,0,1,0.5946809636168884,0.11908454471375182,PROCEED
GCN_GRU,medium,W001846,C0173,LEAK,0,0.4721804423253722,1,0,0.9977657628402998,0.3332898400461351,ESCALATE
GCN_GRU,medium,W001851,C0173,LEAK,0,0.21536131843416917,0,1,0.7516064933454161,0.16083351711600125,PROCEED
GCN_GRU,medium,W001856,C0173,LEAK,0,0.23249135215521843,0,1,0.7823290723847848,0.1308963133526171,PROCEED
GCN_GRU,medium,W001861,C0173,LEAK,0,0.22653654399747725,0,1,0.7719246893449573,0.142860350600795,PROCEED
GCN_GRU,medium,W001866,C0173,LEAK,1,0.9999994397211686,1,1,1.2443818795903757e-05,0.23091642740839793,PROCEED
GCN_GRU,medium,W001871,C0173,LEAK,1,0.9999945185047624,1,1,0.00010370819157554735,0.23059963454059923,PROCEED
GCN_GRU,medium,W001876,C0173,LEAK,0,0.032485910320413744,0,1,0.20670932576121256,0.11586376977254613,PROCEED
GCN_GRU,medium,W001881,C0173,LEAK,0,0.08806135239412692,0,1,0.42996554522772873,0.10858568613743028,PROCEED
GCN_GRU,medium,W001886,C0173,LEAK,0,0.1211162799913412,0,1,0.5325610884284313,0.18453402413349768,PROCEED
GCN_GRU,medium,W001890,C0173,LEAK,0,0.09648523370002635,0,1,0.4577539844913487,0.1507727271599736,PROCEED
MLP,medium,W001891,C0200,CLEAN,0,0.0019883314610605165,0,1,0.020709438132795115,0.020234896957762264,PROCEED
MLP,medium,W001896,C0200,CLEAN,0,0.10249880364025966,0,1,0.47686693398338564,0.09144091787796416,PROCEED
MLP,medium,W001901,C0200,CLEAN,0,0.011468807689096222,0,1,0.09038029464240432,0.06391327197308855,PROCEED
MLP,medium,W001906,C0200,CLEAN,0,0.016300275799808646,0,1,0.12013029874938981,0.05568885865972345,PROCEED
MLP,medium,W001911,C0200,CLEAN,0,0.04999069389704856,0,1,0.28635742414992416,0.0671558375463526,PROCEED
MLP,medium,W001916,C0200,CLEAN,0,0.9241054422488703,1,0,0.3875455700711583,0.08612404493350832,PROCEED
MLP,medium,W001921,C0200,CLEAN,0,0.9999987852148531,1,0,2.562414527861617e-05,0.048784965356270776,PROCEED
MLP,medium,W001926,C0200,CLEAN,0,0.9999066448353505,1,0,0.0013844139927929472,0.03550081697052903,PROCEED
MLP,medium,W001931,C0200,CLEAN,0,0.03385877279599466,0,1,0.21338872569890158,0.051853274485258255,PROCEED
MLP,medium,W001935,C0200,CLEAN,0,0.023290936798364012,0,1,0.15953941705800445,0.05704257090345252,PROCEED
MLP,medium,W001936,C0200,LEAK,0,0.0019883257837176103,0,1,0.020709387199327158,0.020234897024445198,PROCEED
MLP,medium,W001941,C0200,LEAK,0,0.10249878170746936,0,1,0.47686686532701944,0.09144091745172772,PROCEED
MLP,medium,W001946,C0200,LEAK,0,0.011468807689096222,0,1,0.09038029464240432,0.06391327107503078,PROCEED
MLP,medium,W001951,C0200,LEAK,1,1.0,1,1,4.1304950338020633e-11,0.1804247362111653,REQUEST_SENSOR
MLP,medium,W001956,C0200,LEAK,1,1.0,1,1,4.1304950338020633e-11,0.21201724539743677,REQUEST_SENSOR
MLP,medium,W001961,C0200,LEAK,1,1.0,1,1,4.1304950338020633e-11,0.21067497213753694,REQUEST_SENSOR
MLP,medium,W001966,C0200,LEAK,0,0.9999999998695213,1,0,4.47257125203672e-09,0.02904503937375283,PROCEED
MLP,medium,W001971,C0200,LEAK,0,0.4048602027234007,0,1,0.9737227279526667,0.04149570082327306,VERIFY
MLP,medium,W001976,C0200,LEAK,0,0.0031656841330942632,0,1,0.03084540064038789,0.06696609468169519,PROCEED
MLP,medium,W001980,C0200,LEAK,0,0.995716710223818,1,0,0.039863146820291365,0.0267200071889655,PROCEED
GCN_GRU,medium,W001891,C0200,CLEAN,0,0.10417364873788157,0,1,0.4820878224058945,0.08197637072828919,PROCEED
GCN_GRU,medium,W001896,C0200,CLEAN,0,0.9152123444075632,1,0,0.41882811076606047,0.25267655412466794,PROCEED
GCN_GRU,medium,W001901,C0200,CLEAN,0,0.36918895968175847,0,1,0.950047318200928,0.17121164386424392,PROCEED
GCN_GRU,medium,W001906,C0200,CLEAN,0,0.8583569659802167,1,0,0.5885256484792515,0.1937607964299729,PROCEED
GCN_GRU,medium,W001911,C0200,CLEAN,0,0.9508671951943063,1,0,0.282701691202607,0.25156019589838446,PROCEED
GCN_GRU,medium,W001916,C0200,CLEAN,0,0.41817315480581646,1,0,0.9805933132072917,0.17311471469598638,VERIFY
GCN_GRU,medium,W001921,C0200,CLEAN,0,0.18663689547698006,0,1,0.6943828506619805,0.11576822883439425,PROCEED
GCN_GRU,medium,W001926,C0200,CLEAN,0,0.1805379454412504,0,1,0.6812524565221254,0.09324339180669419,PROCEED
GCN_GRU,medium,W001931,C0200,CLEAN,0,0.20306552238830025,0,1,0.7280169331075504,0.1423546885367324,PROCEED
GCN_GRU,medium,W001935,C0200,CLEAN,0,0.17316567244591177,0,1,0.6648955143858315,0.13945826518733087,PROCEED
GCN_GRU,medium,W001936,C0200,LEAK,0,0.10417362648830433,0,1,0.48208775333811393,0.08197637158508736,PROCEED
GCN_GRU,medium,W001941,C0200,LEAK,0,0.9152122334016535,1,0,0.4188284917582502,0.252676562265749,PROCEED
GCN_GRU,medium,W001946,C0200,LEAK,0,0.3691889458005239,0,1,0.9500473074728362,0.17121164029207744,PROCEED
GCN_GRU,medium,W001951,C0200,LEAK,1,0.9999999840412799,1,1,4.3637164970721034e-07,0.48295818876022756,REQUEST_SENSOR
GCN_GRU,medium,W001956,C0200,LEAK,1,0.9999999953695724,1,1,1.348792738471374e-07,0.4881962225230545,REQUEST_SENSOR
GCN_GRU,medium,W001961,C0200,LEAK,1,0.9999999943911198,1,1,1.6182929253642248e-07,0.4665014880895624,REQUEST_SENSOR
GCN_GRU,medium,W001966,C0200,LEAK,0,0.007297832933285637,0,1,0.06229236124087865,0.30204406426302816,REQUEST_SENSOR
GCN_GRU,medium,W001971,C0200,LEAK,0,0.21056746304791843,0,1,0.7425660255144153,0.14595255846039495,PROCEED
GCN_GRU,medium,W001976,C0200,LEAK,0,0.27309059919898565,0,1,0.8458645772584735,0.2035456952913983,PROCEED
GCN_GRU,medium,W001980,C0200,LEAK,0,0.2739932634119857,0,1,0.847136537728735,0.123370076746039,PROCEED
MLP,medium,W001981,C0205,CLEAN,0,5.411549037263051e-08,0,1,1.3843867034387654e-06,0.08655912193828885,PROCEED
MLP,medium,W001986,C0205,CLEAN,0,0.48471598922656545,1,0,0.9993258650252277,0.04585152380395706,VERIFY
MLP,medium,W001991,C0205,CLEAN,0,0.5232277653584031,1,0,0.9984426877076423,0.04245170647884408,VERIFY
MLP,medium,W001996,C0205,CLEAN,0,0.8028084134057172,1,0,0.7162755835266484,0.0451846852937319,PROCEED
MLP,medium,W002001,C0205,CLEAN,0,0.7708797545830789,1,0,0.7764745384477977,0.0877920849495237,PROCEED
MLP,medium,W002006,C0205,CLEAN,0,0.7372525743599294,1,0,0.8308640392126826,0.06602017396695485,PROCEED
MLP,medium,W002011,C0205,CLEAN,0,0.5859553209813664,1,0,0.9785755578776043,0.06606219332812972,VERIFY
MLP,medium,W002016,C0205,CLEAN,0,0.16971042321534663,0,1,0.6570419207852438,0.07946881197534372,PROCEED
MLP,medium,W002021,C0205,CLEAN,0,0.03687576540967721,0,1,0.2277795696201033,0.07937176954907908,PROCEED
MLP,medium,W002025,C0205,CLEAN,0,0.0029065069738835386,0,1,0.028678778451741736,0.06645080032716812,PROCEED
MLP,medium,W002026,C0205,LEAK,0,5.411549037263051e-08,0,1,1.3843867034387654e-06,0.086559118109404,PROCEED
MLP,medium,W002031,C0205,LEAK,0,0.4847167745283808,1,0,0.9993259343091757,0.04585153310598872,VERIFY
MLP,medium,W002036,C0205,LEAK,0,0.52323031539177,1,0,0.9984423456302219,0.04245169147914872,VERIFY
MLP,medium,W002041,C0205,LEAK,0,0.8028072244876321,1,0,0.7162779916235421,0.04518469751333874,PROCEED
MLP,medium,W002046,C0205,LEAK,1,0.9999999377920502,1,1,1.5789012672988937e-06,0.027377660407494175,PROCEED
MLP,medium,W002051,C0205,LEAK,1,0.9999999556933412,1,1,1.1462396798632864e-06,0.030646321141356646,PROCEED
MLP,medium,W002056,C0205,LEAK,0,0.1647930220990264,0,1,0.6456536659838003,0.0679241238475253,PROCEED
MLP,medium,W002061,C0205,LEAK,0,0.03575379063772804,0,1,0.22247263947521417,0.07431147108963512,PROCEED
MLP,medium,W002066,C0205,LEAK,0,0.006756154140728828,0,1,0.05842311687800826,0.05424443840548535,PROCEED
MLP,medium,W002070,C0205,LEAK,0,0.0001404005708303108,0,1,0.001999410459147838,0.047150631280664074,PROCEED
GCN_GRU,medium,W001981,C0205,CLEAN,0,0.2108888008397529,0,1,0.7431782188451193,0.138167367942118,PROCEED
GCN_GRU,medium,W001986,C0205,CLEAN,0,0.14475369474734057,0,1,0.5965541822999786,0.14184689217784474,PROCEED
GCN_GRU,medium,W001991,C0205,CLEAN,0,0.3692961570278166,0,1,0.9501301299173701,0.13792040837566558,PROCEED
GCN_GRU,medium,W001996,C0205,CLEAN,0,0.47268577755004937,1,0,0.9978462344226208,0.20083501645368496,VERIFY
GCN_GRU,medium,W002001,C0205,CLEAN,0,0.28264212452139853,0,1,0.8590259599426143,0.21889626076577476,PROCEED
GCN_GRU,medium,W002006,C0205,CLEAN,0,0.2665851407551776,0,1,0.8365217359297029,0.2464072338077124,PROCEED
GCN_GRU,medium,W002011,C0205,CLEAN,0,0.40407226003420943,1,0,0.9732829265671942,0.1500741686534992,VERIFY
GCN_GRU,medium,W002016,C0205,CLEAN,0,0.44002506895165333,1,0,0.989596241454712,0.1742365778125416,VERIFY
GCN_GRU,medium,W002021,C0205,CLEAN,0,0.9942757652035742,1,0,0.05087275957044611,0.2593764142756204,PROCEED
GCN_GRU,medium,W002025,C0205,CLEAN,0,0.9998736404222159,1,0,0.0018186657613607357,0.28478587531317273,REQUEST_SENSOR
GCN_GRU,medium,W002026,C0205,LEAK,0,0.21088876116339583,0,1,0.7431781433114011,0.13816741201666916,PROCEED
GCN_GRU,medium,W002031,C0205,LEAK,0,0.14475381281232064,0,1,0.5965544848697202,0.14184690083546125,PROCEED
GCN_GRU,medium,W002036,C0205,LEAK,0,0.36929639303724254,0,1,0.9501303121600121,0.13792030998329763,PROCEED
GCN_GRU,medium,W002041,C0205,LEAK,0,0.47268599668626393,1,0,0.997846268998112,0.2008350280552456,VERIFY
GCN_GRU,medium,W002046,C0205,LEAK,1,0.713007095938739,1,1,0.8648050366414933,0.11504516429407843,PROCEED
GCN_GRU,medium,W002051,C0205,LEAK,1,0.9024264193663694,1,1,0.4612564944484766,0.12932325829767446,PROCEED
GCN_GRU,medium,W002056,C0205,LEAK,0,0.9987469651862987,1,0,0.01388631797619556,0.24659189504434187,PROCEED
GCN_GRU,medium,W002061,C0205,LEAK,0,0.9987919497880035,1,0,0.013451551079487171,0.2692937017166638,PROCEED
GCN_GRU,medium,W002066,C0205,LEAK,0,0.9992394366439161,1,0,0.008976769740237636,0.2722183389752785,PROCEED
GCN_GRU,medium,W002070,C0205,LEAK,0,0.9998244555687402,1,0,0.002443305433199976,0.29247059936628816,REQUEST_SENSOR
MLP,medium,W002071,C0213,CLEAN,0,2.933451245895562e-11,0,1,1.068694604707482e-09,0.07118401229276017,PROCEED
MLP,medium,W002076,C0213,CLEAN,0,0.18246190377280308,0,1,0.6854332565003876,0.11177142153018699,REQUEST_SENSOR
MLP,medium,W002081,C0213,CLEAN,0,0.5691600733862041,1,0,0.9861544966167266,0.041603596183643385,VERIFY
MLP,medium,W002086,C0213,CLEAN,0,0.6223065973209609,1,0,0.9563966419862514,0.06510560104615926,PROCEED
MLP,medium,W002091,C0213,CLEAN,0,0.8271335522032874,1,0,0.664220178259701,0.03987387429143088,PROCEED
MLP,medium,W002096,C0213,CLEAN,0,0.31768805841620595,0,1,0.9018495654472239,0.049365750972851626,PROCEED
MLP,medium,W002101,C0213,CLEAN,0,0.14129229221627107,0,1,0.587613228570317,0.04373753384463203,PROCEED
MLP,medium,W002106,C0213,CLEAN,0,0.14687779334713577,0,1,0.601971511390162,0.05642676102886207,PROCEED
MLP,medium,W002111,C0213,CLEAN,0,0.913098269542895,1,0,0.42604276029675786,0.03994229623497514,PROCEED
MLP,medium,W002115,C0213,CLEAN,0,0.008191535199818864,0,1,0.0685502096521538,0.048471736144355224,PROCEED
MLP,medium,W002116,C0213,LEAK,0,2.93344005568846e-11,0,1,1.0686906906784872e-09,0.07118400311808445,PROCEED
MLP,medium,W002121,C0213,LEAK,1,0.5208700080489739,1,1,0.9987428822916463,0.07644601166862121,VERIFY
MLP,medium,W002126,C0213,LEAK,1,0.5020269826769785,1,1,0.9999881448842551,0.049979084967479645,VERIFY
MLP,medium,W002131,C0213,LEAK,1,0.9998802529580583,1,1,0.0017327793355165807,0.047298503855665586,PROCEED
MLP,medium,W002136,C0213,LEAK,1,0.9999288488865433,1,1,0.0010830194057862598,0.02628086283961607,PROCEED
MLP,medium,W002141,C0213,LEAK,1,0.9897296142989029,1,1,0.08258033909943352,0.04576513039902066,PROCEED
MLP,medium,W002146,C0213,LEAK,0,0.1534571774833373,0,1,0.6184246949270852,0.04101935141256864,PROCEED
MLP,medium,W002151,C0213,LEAK,0,0.06838506311109853,0,1,0.3598679167544667,0.042206361705997134,PROCEED
MLP,medium,W002156,C0213,LEAK,0,0.9354887434025112,1,0,0.34509851690045895,0.04626406994154428,PROCEED
MLP,medium,W002160,C0213,LEAK,0,0.06500377394008836,0,1,0.34699580422131665,0.039411297132193504,PROCEED
GCN_GRU,medium,W002071,C0213,CLEAN,0,0.10040703176447109,0,1,0.4702845274745953,0.25571115712864967,PROCEED
GCN_GRU,medium,W002076,C0213,CLEAN,0,0.4801340337481631,1,0,0.998860961920616,0.3297249789763077,ESCALATE
GCN_GRU,medium,W002081,C0213,CLEAN,0,0.22541255705012953,0,1,0.7699282389356702,0.13421202417512915,PROCEED
GCN_GRU,medium,W002086,C0213,CLEAN,0,0.2966079057905234,0,1,0.8771048191980751,0.17229941644331453,PROCEED
GCN_GRU,medium,W002091,C0213,CLEAN,0,0.7343618415563329,1,0,0.8351357992968058,0.17364556478503484,PROCEED
GCN_GRU,medium,W002096,C0213,CLEAN,0,0.7491522746695557,1,0,0.8126189746624891,0.2094353717893192,PROCEED
GCN_GRU,medium,W002101,C0213,CLEAN,0,0.18164663101330564,0,1,0.6836660405173686,0.18543734220726266,PROCEED
GCN_GRU,medium,W002106,C0213,CLEAN,0,0.20553691205971122,0,1,0.7328646450317269,0.16061054032959354,PROCEED
GCN_GRU,medium,W002111,C0213,CLEAN,0,0.2152334713354521,0,1,0.751367954292195,0.10408568708687896,PROCEED
GCN_GRU,medium,W002115,C0213,CLEAN,0,0.20589457461771202,0,1,0.7335617305628872,0.1481839885060406,PROCEED
GCN_GRU,medium,W002116,C0213,LEAK,0,0.10040694562343284,0,1,0.4702842549749356,0.25571113162394665,PROCEED
GCN_GRU,medium,W002121,C0213,LEAK,1,0.5402071183715796,1,1,0.995330402472238,0.3334134601438441,ESCALATE
GCN_GRU,medium,W002126,C0213,LEAK,1,0.4447611046331274,1,1,0.9911777087181094,0.13931430404254203,VERIFY
GCN_GRU,medium,W002131,C0213,LEAK,1,0.41127437330150274,1,1,0.9771647894297565,0.1256004419574542,VERIFY
GCN_GRU,medium,W002136,C0213,LEAK,1,0.7403835060931447,1,1,0.8261671049662489,0.12857842908731726,PROCEED
GCN_GRU,medium,W002141,C0213,LEAK,1,0.4865618792378959,1,1,0.9994788845972855,0.2347309596703465,VERIFY
GCN_GRU,medium,W002146,C0213,LEAK,0,0.30424730822803353,0,1,0.8864209762656877,0.10968559779934497,PROCEED
GCN_GRU,medium,W002151,C0213,LEAK,0,0.24033957491030133,0,1,0.7956045246992316,0.15661877312625552,PROCEED
GCN_GRU,medium,W002156,C0213,LEAK,0,0.26791818200738393,0,1,0.8384614711458169,0.06825251321966176,PROCEED
GCN_GRU,medium,W002160,C0213,LEAK,0,0.4025270827271384,1,0,0.9724096621635289,0.12435943767076016,VERIFY
MLP,medium,W002161,C0215,CLEAN,0,2.752658678482895e-08,0,1,7.310316594146726e-07,0.08034502220660973,PROCEED
MLP,medium,W002166,C0215,CLEAN,0,0.17898589371162182,0,1,0.6778535260080876,0.06171884482454071,PROCEED
MLP,medium,W002171,C0215,CLEAN,0,0.015802438786793816,0,1,0.11717420547854351,0.06252077864304742,PROCEED
MLP,medium,W002176,C0215,CLEAN,0,0.03635473370332955,0,1,0.22532154642593988,0.047528477430626104,PROCEED
MLP,medium,W002181,C0215,CLEAN,0,0.10974084817458456,0,1,0.49913378285649496,0.07111217778918066,PROCEED
MLP,medium,W002186,C0215,CLEAN,0,0.4007763844002827,0,1,0.9714029389022307,0.08264486956877892,PROCEED
MLP,medium,W002191,C0215,CLEAN,0,0.846462571086751,1,0,0.6186223783844227,0.040368767485143564,PROCEED
MLP,medium,W002196,C0215,CLEAN,0,0.9615549045682543,1,0,0.2351170174791441,0.04187262429776077,PROCEED
MLP,medium,W002201,C0215,CLEAN,0,0.5176683717369236,1,0,0.9990990763048092,0.035923324975902754,VERIFY
MLP,medium,W002205,C0215,CLEAN,0,3.0815449532024834e-05,0,1,0.0005062565261395856,0.017287187452794242,PROCEED
MLP,medium,W002206,C0215,LEAK,0,2.7526639287675245e-08,0,1,7.310329780179717e-07,0.08034502665081436,PROCEED
MLP,medium,W002211,C0215,LEAK,0,0.17898601633624328,0,1,0.6778537954831144,0.061718837284939806,PROCEED
MLP,medium,W002216,C0215,LEAK,1,0.9999999603085308,1,1,1.033140794873579e-06,0.04816358464322823,PROCEED
MLP,medium,W002221,C0215,LEAK,1,0.9999999999923936,1,1,2.919216448355618e-10,0.03906708496660928,PROCEED
MLP,medium,W002226,C0215,LEAK,1,0.9999999161214405,1,1,2.09275476561754e-06,0.0456146356151355,PROCEED
MLP,medium,W002231,C0215,LEAK,0,0.021563455042725405,0,1,0.1501311374888845,0.05979463920227897,PROCEED
MLP,medium,W002236,C0215,LEAK,0,0.03008125055058043,0,1,0.19479916180538515,0.06093938136006204,PROCEED
MLP,medium,W002241,C0215,LEAK,0,0.17570234337463422,0,1,0.6705845426790142,0.04742238309234125,PROCEED
MLP,medium,W002246,C0215,LEAK,0,0.002436139293474639,0,1,0.02465890393137439,0.03588273679334633,PROCEED
MLP,medium,W002250,C0215,LEAK,0,8.404627632874e-05,0,1,0.001259104912614295,0.030125952798100104,PROCEED
GCN_GRU,medium,W002161,C0215,CLEAN,0,0.10358601689079396,0,1,0.480261005149585,0.16597631628328133,PROCEED
GCN_GRU,medium,W002166,C0215,CLEAN,0,0.519569494462029,1,0,0.998894713968245,0.2711525134877367,VERIFY
GCN_GRU,medium,W002171,C0215,CLEAN,0,0.27649740880826057,0,1,0.8506342750604251,0.2107677915488626,PROCEED
GCN_GRU,medium,W002176,C0215,CLEAN,0,0.2753657585014279,0,1,0.8490592257324919,0.11586570396720525,PROCEED
GCN_GRU,medium,W002181,C0215,CLEAN,0,0.3439141753592481,0,1,0.9285151430751004,0.19549304420962108,PROCEED
GCN_GRU,medium,W002186,C0215,CLEAN,0,0.29987307093939175,0,1,0.8811356867634486,0.16617712018202419,PROCEED
GCN_GRU,medium,W002191,C0215,CLEAN,0,0.21481997741429198,0,1,0.7505954948157029,0.12891643970069058,PROCEED
GCN_GRU,medium,W002196,C0215,CLEAN,0,0.1111299499552234,0,1,0.5033148487160326,0.10954559836924237,PROCEED
GCN_GRU,medium,W002201,C0215,CLEAN,0,0.12204404876794137,0,1,0.5352080184920176,0.12209534653556135,PROCEED
GCN_GRU,medium,W002205,C0215,CLEAN,0,0.12400265055138117,0,1,0.5407579540375387,0.1204989697373428,PROCEED
GCN_GRU,medium,W002206,C0215,LEAK,0,0.10358601689079396,0,1,0.480261005149585,0.16597632749371133,PROCEED
GCN_GRU,medium,W002211,C0215,LEAK,0,0.5195696730020429,1,0,0.998894693795101,0.2711525257747688,VERIFY
GCN_GRU,medium,W002216,C0215,LEAK,1,0.7946654590050103,1,1,0.7324697225770339,0.19681753586597106,PROCEED
GCN_GRU,medium,W002221,C0215,LEAK,1,0.9991512349166797,1,1,0.009883385331790086,0.22105136083995913,PROCEED
GCN_GRU,medium,W002226,C0215,LEAK,1,0.7959350619703806,1,1,0.7299838494469028,0.3212331585424181,REQUEST_SENSOR
GCN_GRU,medium,W002231,C0215,LEAK,0,0.9823998405777331,1,0,0.12774533204243402,0.2203602760357526,PROCEED
GCN_GRU,medium,W002236,C0215,LEAK,0,0.30825228510440733,0,1,0.8911457102854599,0.14987151255082243,PROCEED
GCN_GRU,medium,W002241,C0215,LEAK,0,0.17592802721084708,0,1,0.671087571253541,0.1114531881947631,PROCEED
GCN_GRU,medium,W002246,C0215,LEAK,0,0.1654373694964358,0,1,0.6471602179397855,0.13215287553401125,PROCEED
GCN_GRU,medium,W002250,C0215,LEAK,0,0.15540334598244185,0,1,0.6231986024418129,0.15411230339730042,PROCEED
MLP,medium,W002251,C0218,CLEAN,0,1.7412202095479363e-08,0,1,4.739256843770056e-07,0.052143625879305475,PROCEED
MLP,medium,W002256,C0218,CLEAN,0,0.2157890836633032,0,1,0.7524036099546026,0.021608874474012205,PROCEED
MLP,medium,W002261,C0218,CLEAN,0,0.9999999959346519,1,0,1.1918246346009844e-07,0.06321089685431176,PROCEED
MLP,medium,W002266,C0218,CLEAN,0,0.999999505291502,1,0,1.107633165174456e-05,0.05638489285014255,PROCEED
MLP,medium,W002271,C0218,CLEAN,0,0.999999996830647,1,0,9.405327451730016e-08,0.09233473205893132,PROCEED
MLP,medium,W002276,C0218,CLEAN,0,0.9999999999992333,1,0,4.1304950338020633e-11,0.14138938937587794,REQUEST_SENSOR
MLP,medium,W002281,C0218,CLEAN,0,0.04405789515860668,0,1,0.26059770515098685,0.05069638824690155,PROCEED
MLP,medium,W002286,C0218,CLEAN,0,0.001147117968331015,0,1,0.012858776909192246,0.048577869374119106,PROCEED
MLP,medium,W002291,C0218,CLEAN,0,0.0058688677525145765,0,1,0.05194626007021259,0.058272684337959485,PROCEED
MLP,medium,W002295,C0218,CLEAN,0,0.00010775939644730445,0,1,0.0015757134997968084,0.026685501606367814,PROCEED
MLP,medium,W002296,C0218,LEAK,0,1.7412268517884616e-08,0,1,4.7392739639115403e-07,0.05214362739229732,PROCEED
MLP,medium,W002301,C0218,LEAK,1,0.567196834487043,1,1,0.9869317613886499,0.029578980282373366,VERIFY
MLP,medium,W002306,C0218,LEAK,1,0.9999999999314855,1,1,2.4122248230664203e-09,0.08568680233803332,PROCEED
MLP,medium,W002311,C0218,LEAK,1,0.999999999997041,1,1,1.1759151121354544e-10,0.07935325335897386,PROCEED
MLP,medium,W002316,C0218,LEAK,1,0.9999999999999962,1,1,4.1304950338020633e-11,0.02300044720182619,PROCEED
MLP,medium,W002321,C0218,LEAK,1,0.9999862738057325,1,1,0.0002415177953718229,0.036240234944785524,PROCEED
MLP,medium,W002326,C0218,LEAK,0,0.006941112610051285,0,1,0.05975113672461366,0.05209791969420096,PROCEED
MLP,medium,W002331,C0218,LEAK,0,0.002935628585018322,0,1,0.028923838965835648,0.06353539267020525,PROCEED
MLP,medium,W002336,C0218,LEAK,0,0.000922436338517933,0,1,0.010630426150820892,0.038348998809087834,PROCEED
MLP,medium,W002340,C0218,LEAK,0,5.818471150070847e-06,0,1,0.00010958287048930525,0.03840301202599854,PROCEED
GCN_GRU,medium,W002251,C0218,CLEAN,0,0.10967706498903372,0,1,0.49894111963726184,0.1732775942018786,PROCEED
GCN_GRU,medium,W002256,C0218,CLEAN,0,0.8617276738977766,1,0,0.5796962444521674,0.3498933801942161,REQUEST_SENSOR
GCN_GRU,medium,W002261,C0218,CLEAN,0,0.9995877984230559,1,0,0.005229502484427544,0.4129417001770702,REQUEST_SENSOR
GCN_GRU,medium,W002266,C0218,CLEAN,0,0.9983708532772296,1,0,0.017437061967981633,0.44485600579070345,REQUEST_SENSOR
GCN_GRU,medium,W002271,C0218,CLEAN,0,0.9981656912099163,1,0,0.019318791262497453,0.39253218186921723,REQUEST_SENSOR
GCN_GRU,medium,W002276,C0218,CLEAN,0,0.9998698421419644,1,0,0.0018677719155628467,0.5096054020464129,REQUEST_SENSOR
GCN_GRU,medium,W002281,C0218,CLEAN,0,0.9999984463540854,1,0,3.2220448539903556e-05,0.4033758214496894,REQUEST_SENSOR
GCN_GRU,medium,W002286,C0218,CLEAN,0,0.999964948412274,1,0,0.0005693369959254291,0.465826184857954,REQUEST_SENSOR
GCN_GRU,medium,W002291,C0218,CLEAN,0,0.9999922934538289,1,0,0.00014201757082200423,0.4789587404908996,REQUEST_SENSOR
GCN_GRU,medium,W002295,C0218,CLEAN,0,0.9999995929361541,1,0,9.228518527506645e-06,0.4326999888975464,REQUEST_SENSOR
GCN_GRU,medium,W002296,C0218,LEAK,0,0.10967708827013482,0,1,0.4989411899710206,0.1732775983165105,PROCEED
GCN_GRU,medium,W002301,C0218,LEAK,1,0.29100549790876906,0,0,0.8700165748761436,0.22176958461731358,PROCEED
GCN_GRU,medium,W002306,C0218,LEAK,1,0.44674060668835225,1,1,0.9917998612441171,0.27696855308237706,VERIFY
GCN_GRU,medium,W002311,C0218,LEAK,1,0.47583637490845415,1,1,0.9983146197968356,0.26175574963675036,VERIFY
GCN_GRU,medium,W002316,C0218,LEAK,1,0.4069910078284,1,1,0.9748934543793273,0.13070010024021642,VERIFY
GCN_GRU,medium,W002321,C0218,LEAK,1,0.9441063577218027,1,1,0.31092377762069734,0.35499489734690004,REQUEST_SENSOR
GCN_GRU,medium,W002326,C0218,LEAK,0,0.9999567002899908,1,0,0.0006901084796865908,0.5016428011980165,REQUEST_SENSOR
GCN_GRU,medium,W002331,C0218,LEAK,0,0.9999959760348198,1,0,7.792667266556904e-05,0.44542058386428457,REQUEST_SENSOR
GCN_GRU,medium,W002336,C0218,LEAK,0,0.9999958316781083,1,0,8.051027829521208e-05,0.42183899883687553,REQUEST_SENSOR
GCN_GRU,medium,W002340,C0218,LEAK,0,0.9999996929078278,1,0,7.086925668555962e-06,0.42245385668674695,REQUEST_SENSOR
MLP,medium,W002341,C0230,CLEAN,0,4.425358216278486e-07,0,1,9.979358528706342e-06,0.042440444201565605,PROCEED
MLP,medium,W002346,C0230,CLEAN,0,0.3603160897623914,0,1,0.9429452546929205,0.02232440546978532,PROCEED
MLP,medium,W002351,C0230,CLEAN,0,0.9993818653868981,1,0,0.007480690051820616,0.06618471676530112,PROCEED
MLP,medium,W002356,C0230,CLEAN,0,0.9888235922294774,1,0,0.08849482342955678,0.05841200360293636,PROCEED
MLP,medium,W002361,C0230,CLEAN,0,0.9965158043799556,1,0,0.033466177865784826,0.07562503238291889,PROCEED
MLP,medium,W002366,C0230,CLEAN,0,0.999834091776993,1,0,0.0023226989200191587,0.13940828958874749,REQUEST_SENSOR
MLP,medium,W002371,C0230,CLEAN,0,0.0704307884998256,0,1,0.3675292166629782,0.04642233628078436,PROCEED
MLP,medium,W002376,C0230,CLEAN,0,0.0005532836177597226,0,1,0.006784357651205463,0.05729221553993124,PROCEED
MLP,medium,W002381,C0230,CLEAN,0,0.00047516489623400995,0,1,0.005930835440627,0.04774510319997682,PROCEED
MLP,medium,W002385,C0230,CLEAN,0,8.909426358457392e-05,0,1,0.001327231783140167,0.057325256579059965,PROCEED
MLP,medium,W002386,C0230,LEAK,0,4.425349775589327e-07,0,1,9.979340712301671e-06,0.042440441268712895,PROCEED
MLP,medium,W002391,C0230,LEAK,0,0.36031603480967517,0,1,0.9429452091867798,0.022324405219672116,PROCEED
MLP,medium,W002396,C0230,LEAK,0,0.9993818659760326,1,0,0.007480683772294716,0.0661847170470467,PROCEED
MLP,medium,W002401,C0230,LEAK,1,0.9999999999968419,1,1,1.2521002520459664e-10,0.076610067328075,PROCEED
MLP,medium,W002406,C0230,LEAK,1,0.9999999999999838,1,1,4.1304950338020633e-11,0.050290965853402966,PROCEED
MLP,medium,W002411,C0230,LEAK,1,0.9999999999975702,1,1,9.725404801289776e-11,0.043163909647506465,PROCEED
MLP,medium,W002416,C0230,LEAK,1,0.30411171595929987,0,0,0.8862591072750357,0.0585159755120508,PROCEED
MLP,medium,W002421,C0230,LEAK,1,0.010103598045325362,0,0,0.08147914493267046,0.06133791390398906,PROCEED
MLP,medium,W002426,C0230,LEAK,0,0.010067635806641766,0,1,0.08124118519879515,0.04892749641075665,PROCEED
MLP,medium,W002430,C0230,LEAK,0,4.966179773956354e-05,0,1,0.0007816848014151692,0.0662939682271794,PROCEED
GCN_GRU,medium,W002341,C0230,CLEAN,0,0.22525563629835457,0,1,0.7696486832613836,0.18484130129538695,PROCEED
GCN_GRU,medium,W002346,C0230,CLEAN,0,0.6005011220747833,1,0,0.9706567019474417,0.35681211627610626,ESCALATE
GCN_GRU,medium,W002351,C0230,CLEAN,0,0.3515848185948974,0,1,0.9354754744594361,0.26328564994601267,PROCEED
GCN_GRU,medium,W002356,C0230,CLEAN,0,0.3520761634311592,0,1,0.9359085903730345,0.2174651139559079,PROCEED
GCN_GRU,medium,W002361,C0230,CLEAN,0,0.37220441213851296,0,1,0.9523496732063628,0.15267493227542328,PROCEED
GCN_GRU,medium,W002366,C0230,CLEAN,0,0.37576338209632193,0,1,0.9549947961857114,0.2768740801337346,PROCEED
GCN_GRU,medium,W002371,C0230,CLEAN,0,0.9996874258984638,1,0,0.004090339589688927,0.31673609844353373,REQUEST_SENSOR
GCN_GRU,medium,W002376,C0230,CLEAN,0,0.9998621396602239,1,0,0.0019668673217916716,0.4210995407795624,REQUEST_SENSOR
GCN_GRU,medium,W002381,C0230,CLEAN,0,0.9999639137226123,1,0,0.0005846286975617447,0.4739469047860241,REQUEST_SENSOR
GCN_GRU,medium,W002385,C0230,CLEAN,0,0.9999635949287599,1,0,0.0005893314756142841,0.42349368544184096,REQUEST_SENSOR
GCN_GRU,medium,W002386,C0230,LEAK,0,0.22525569870997936,0,1,0.7696487944886911,0.18484129799533563,PROCEED
GCN_GRU,medium,W002391,C0230,LEAK,0,0.6005012507669099,1,0,0.9706566262795756,0.3568121137060177,ESCALATE
GCN_GRU,medium,W002396,C0230,LEAK,0,0.3515848185948974,0,1,0.9354754744594361,0.26328564943988125,PROCEED
GCN_GRU,medium,W002401,C0230,LEAK,1,0.6215184343909828,1,1,0.9569625364468103,0.13316279185882243,PROCEED
GCN_GRU,medium,W002406,C0230,LEAK,1,0.9507069750879088,1,1,0.2833861537511059,0.07667764343611261,PROCEED
GCN_GRU,medium,W002411,C0230,LEAK,1,0.7401137184769584,1,1,0.8265747212699837,0.2609314234904352,PROCEED
GCN_GRU,medium,W002416,C0230,LEAK,1,0.9999081965377098,1,1,0.0013636229905759458,0.41440340588586133,REQUEST_SENSOR
GCN_GRU,medium,W002421,C0230,LEAK,1,0.9998583786784953,1,1,0.0020150259432120316,0.33195606815122863,REQUEST_SENSOR
GCN_GRU,medium,W002426,C0230,LEAK,0,0.9999272642280684,1,0,0.001104828589170863,0.4198188509405333,REQUEST_SENSOR
GCN_GRU,medium,W002430,C0230,LEAK,0,0.9999354714533595,1,0,0.0009913102110433829,0.40607271080649243,REQUEST_SENSOR
MLP,medium,W002431,C0233,CLEAN,0,0.000137981726826734,0,1,0.001968423949385658,0.07522836738190423,PROCEED
MLP,medium,W002436,C0233,CLEAN,0,0.20115169177791617,0,1,0.7242255070815735,0.0723746919044542,PROCEED
MLP,medium,W002441,C0233,CLEAN,0,0.04646879437580002,0,1,0.27120290831723826,0.04645319394158861,PROCEED
MLP,medium,W002446,C0233,CLEAN,0,0.11015278496374357,0,1,0.5003766317994298,0.04959315448063842,PROCEED
MLP,medium,W002451,C0233,CLEAN,0,0.19707328798655893,0,1,0.7160359109185833,0.07700718206672388,PROCEED
MLP,medium,W002456,C0233,CLEAN,0,0.048160842950295095,0,1,0.2785323758409167,0.07990333744274303,PROCEED
MLP,medium,W002461,C0233,CLEAN,0,0.5437316623504918,1,0,0.9944747546592063,0.048292370674452106,VERIFY
MLP,medium,W002466,C0233,CLEAN,0,0.6852804674276296,1,0,0.8985464395556769,0.047592254449827634,PROCEED
MLP,medium,W002471,C0233,CLEAN,0,0.0032584205354615455,0,1,0.03161304452873941,0.0369145150457854,PROCEED
MLP,medium,W002475,C0233,CLEAN,0,0.999837830225443,1,0,0.00227569365775948,0.050008227216852504,PROCEED
MLP,medium,W002476,C0233,LEAK,0,0.00013798198996992894,0,1,0.0019684273236799483,0.07522836260086449,PROCEED
MLP,medium,W002481,C0233,LEAK,0,0.20115142359819915,0,1,0.7242249735007735,0.0723746629807663,PROCEED
MLP,medium,W002486,C0233,LEAK,0,0.04646904791713901,0,1,0.27120401348920575,0.04645327330792785,PROCEED
MLP,medium,W002491,C0233,LEAK,1,1.0,1,1,4.1304950338020633e-11,0.0867409204157543,PROCEED
MLP,medium,W002496,C0233,LEAK,1,1.0,1,1,4.1304950338020633e-11,0.07350256825732185,PROCEED
MLP,medium,W002501,C0233,LEAK,1,1.0,1,1,4.1304950338020633e-11,0.15397221479093415,REQUEST_SENSOR
MLP,medium,W002506,C0233,LEAK,1,1.0,1,1,4.1304950338020633e-11,0.12481884595063855,REQUEST_SENSOR
MLP,medium,W002511,C0233,LEAK,1,1.0,1,1,4.1304950338020633e-11,0.12974967016458147,REQUEST_SENSOR
MLP,medium,W002516,C0233,LEAK,0,0.9999724804011682,1,0,0.00045660122717961827,0.12955538320040316,REQUEST_SENSOR
MLP,medium,W002520,C0233,LEAK,0,1.0,1,0,4.1304950338020633e-11,0.16778211190061454,REQUEST_SENSOR
GCN_GRU,medium,W002431,C0233,CLEAN,0,0.16306004446808095,0,1,0.6415801516572579,0.09389777636171143,PROCEED
GCN_GRU,medium,W002436,C0233,CLEAN,0,0.9999998178182711,1,0,4.3415387679022675e-06,0.42461664755037554,REQUEST_SENSOR
GCN_GRU,medium,W002441,C0233,CLEAN,0,0.9460222391905976,1,0,0.303059717535586,0.39237173384591756,REQUEST_SENSOR
GCN_GRU,medium,W002446,C0233,CLEAN,0,0.998332138316224,1,0,0.01779487646320783,0.43648458804494406,REQUEST_SENSOR
GCN_GRU,medium,W002451,C0233,CLEAN,0,0.3577131495204479,0,1,0.9407685432432761,0.18157891594652886,PROCEED
GCN_GRU,medium,W002456,C0233,CLEAN,0,0.3044593307434202,0,1,0.8866738359435035,0.1703199839360549,PROCEED
GCN_GRU,medium,W002461,C0233,CLEAN,0,0.10895520815303512,0,1,0.49675648513554166,0.08408984559946994,PROCEED
GCN_GRU,medium,W002466,C0233,CLEAN,0,0.07446832442664904,0,1,0.38238154522320544,0.074899371441008,PROCEED
GCN_GRU,medium,W002471,C0233,CLEAN,0,0.06082593973560563,0,1,0.3307149035814965,0.11812965199776697,PROCEED
GCN_GRU,medium,W002475,C0233,CLEAN,0,0.10027589352447742,0,1,0.46986954579072104,0.06906682983902795,PROCEED
GCN_GRU,medium,W002476,C0233,LEAK,0,0.16306014208010378,0,1,0.6415803819943291,0.09389781003027549,PROCEED
GCN_GRU,medium,W002481,C0233,LEAK,0,0.9999998178182711,1,0,4.3415387679022675e-06,0.4246166777168364,REQUEST_SENSOR
GCN_GRU,medium,W002486,C0233,LEAK,0,0.9460219956971799,1,0,0.30306072351247904,0.39237194004678577,REQUEST_SENSOR
GCN_GRU,medium,W002491,C0233,LEAK,1,0.9999998799324459,1,1,2.933531938561727e-06,0.20751252492775699,PROCEED
GCN_GRU,medium,W002496,C0233,LEAK,1,0.9999987429390252,1,1,2.6453852713109228e-05,0.18921170946894278,PROCEED
GCN_GRU,medium,W002501,C0233,LEAK,1,0.9999693963752478,1,1,0.0005030810794498739,0.3600561679076019,REQUEST_SENSOR
GCN_GRU,medium,W002506,C0233,LEAK,1,0.9999923419906351,1,1,0.0001411929292337943,0.3334725893377513,REQUEST_SENSOR
GCN_GRU,medium,W002511,C0233,LEAK,1,0.9999856241052214,1,1,0.0002519903642740824,0.35277419258704007,REQUEST_SENSOR
GCN_GRU,medium,W002516,C0233,LEAK,0,0.7221328305531668,1,0,0.8525283773738966,0.4702291899403811,REQUEST_SENSOR
GCN_GRU,medium,W002520,C0233,LEAK,0,0.4994107822821143,1,0,0.9999989982571981,0.4425927904149904,ESCALATE
MLP,medium,W002521,C0237,CLEAN,0,1.1495718905851016e-06,0,1,2.4340076572323102e-05,0.049686091104199,PROCEED
MLP,medium,W002526,C0237,CLEAN,0,0.9999999760008195,1,0,6.421013063238955e-07,0.036216842442637176,PROCEED
MLP,medium,W002531,C0237,CLEAN,0,0.9999999999889269,1,0,4.1897271062007137e-10,0.04037836709336895,PROCEED
MLP,medium,W002536,C0237,CLEAN,0,0.9999999963580273,1,0,1.0734833976974859e-07,0.045625887642752064,PROCEED
MLP,medium,W002541,C0237,CLEAN,0,0.9999999200926317,1,0,1.9992656697956235e-06,0.06854791442366097,PROCEED
MLP,medium,W002546,C0237,CLEAN,0,0.9999999923042099,1,0,2.1852949018704477e-07,0.0639750754969597,PROCEED
MLP,medium,W002551,C0237,CLEAN,0,0.0009386739420440851,0,1,0.010793911148000926,0.05334718791506242,PROCEED
MLP,medium,W002556,C0237,CLEAN,0,0.005300001609093484,0,1,0.04769289452684732,0.054873664300333844,PROCEED
MLP,medium,W002561,C0237,CLEAN,0,0.018005140284880716,0,1,0.13008850276722664,0.049320138199715355,PROCEED
MLP,medium,W002565,C0237,CLEAN,0,0.005190687839656848,0,1,0.04686569696095945,0.07778419529326791,PROCEED
MLP,medium,W002566,C0237,LEAK,0,1.1495707942696977e-06,0,1,2.434005494146088e-05,0.049686091104199,PROCEED
MLP,medium,W002571,C0237,LEAK,1,0.9999999949264546,1,1,1.4711786702277158e-07,0.038073723033170054,PROCEED
MLP,medium,W002576,C0237,LEAK,1,0.9999999999927653,1,1,2.7817913929381545e-10,0.041719600580107166,PROCEED
MLP,medium,W002581,C0237,LEAK,1,0.9999999976173919,1,1,7.16867363424573e-08,0.053265473771167485,PROCEED
MLP,medium,W002586,C0237,LEAK,1,0.9999999162589154,1,1,2.08952296319586e-06,0.05770307848121188,PROCEED
MLP,medium,W002591,C0237,LEAK,0,0.9999999875235247,1,0,3.4558475854245044e-07,0.05499248871980998,PROCEED
MLP,medium,W002596,C0237,LEAK,0,0.0008160088058350429,0,1,0.009548309912495438,0.06626111364816942,PROCEED
MLP,medium,W002601,C0237,LEAK,0,0.0061692580395905925,0,1,0.054159441149356544,0.052989205713205784,PROCEED
MLP,medium,W002606,C0237,LEAK,0,0.018442146771086083,0,1,0.13260196551921172,0.04756471551509814,PROCEED
MLP,medium,W002610,C0237,LEAK,0,0.005068123606599203,0,1,0.045934256871180856,0.07507828240872556,PROCEED
GCN_GRU,medium,W002521,C0237,CLEAN,0,0.1368033549797828,0,1,0.5758054698898736,0.18921191604261764,PROCEED
GCN_GRU,medium,W002526,C0237,CLEAN,0,0.999999917032534,1,0,2.071330413563495e-06,0.38024902705875097,REQUEST_SENSOR
GCN_GRU,medium,W002531,C0237,CLEAN,0,0.9206268809950262,1,0,0.39996647539289515,0.3379625163228823,REQUEST_SENSOR
GCN_GRU,medium,W002536,C0237,CLEAN,0,0.9613820674715322,1,0,0.23591917691388828,0.26963968968711977,PROCEED
GCN_GRU,medium,W002541,C0237,CLEAN,0,0.30498397002466887,0,1,0.8872982085242039,0.15177906963736454,PROCEED
GCN_GRU,medium,W002546,C0237,CLEAN,0,0.3219778086694627,0,1,0.9065192978027394,0.1930288627389145,PROCEED
GCN_GRU,medium,W002551,C0237,CLEAN,0,0.9809979475574185,1,0,0.13580009149401162,0.2514397346025992,PROCEED
GCN_GRU,medium,W002556,C0237,CLEAN,0,0.9997650557812856,1,0,0.003171258189501883,0.4363469737163063,REQUEST_SENSOR
GCN_GRU,medium,W002561,C0237,CLEAN,0,0.9999059146844329,1,0,0.0013941842504712671,0.4434756264005628,REQUEST_SENSOR
GCN_GRU,medium,W002565,C0237,CLEAN,0,0.9996700345005757,1,0,0.004292143103449956,0.3165578999482185,REQUEST_SENSOR
GCN_GRU,medium,W002566,C0237,LEAK,0,0.13680336905699347,0,1,0.5758055073012655,0.18921191650692235,PROCEED
GCN_GRU,medium,W002571,C0237,LEAK,1,0.9999997870035181,1,1,5.02785904925844e-06,0.38215819432850273,REQUEST_SENSOR
GCN_GRU,medium,W002576,C0237,LEAK,1,0.74680225252627,1,1,0.8163072055340292,0.33826580605355483,REQUEST_SENSOR
GCN_GRU,medium,W002581,C0237,LEAK,1,0.3350862800913048,0,0,0.920038814943043,0.18169383738831132,PROCEED
GCN_GRU,medium,W002586,C0237,LEAK,1,0.3616345753302941,0,0,0.9440316497721692,0.19763078695628633,PROCEED
GCN_GRU,medium,W002591,C0237,LEAK,0,0.3460590135781673,0,1,0.9304990879915742,0.2240106263467746,PROCEED
GCN_GRU,medium,W002596,C0237,LEAK,0,0.9969530530257587,1,0,0.029856773767352417,0.26060264425307794,PROCEED
GCN_GRU,medium,W002601,C0237,LEAK,0,0.9997795526078789,1,0,0.002995839051194173,0.44229150487174207,REQUEST_SENSOR
GCN_GRU,medium,W002606,C0237,LEAK,0,0.9999103065515291,1,0,0.0013352904235130972,0.44585537237044753,REQUEST_SENSOR
GCN_GRU,medium,W002610,C0237,LEAK,0,0.9996974653269495,1,0,0.003973214686555235,0.3206278585862546,REQUEST_SENSOR
MLP,medium,W002611,C0240,CLEAN,0,9.74945893521923e-08,0,1,2.4113139430485866e-06,0.034351700658940845,PROCEED
MLP,medium,W002616,C0240,CLEAN,0,0.5585174804732391,1,0,0.99009689150157,0.017298806022368468,VERIFY
MLP,medium,W002621,C0240,CLEAN,0,0.9999996247333223,1,0,8.55168034220772e-06,0.05621293423134352,PROCEED
MLP,medium,W002626,C0240,CLEAN,0,0.9999998442029102,1,0,3.7479363217128897e-06,0.06197449382482406,PROCEED
MLP,medium,W002631,C0240,CLEAN,0,0.9999999998513973,1,0,5.065942205131109e-09,0.05093167742449867,PROCEED
MLP,medium,W002636,C0240,CLEAN,0,0.9999999999999658,1,0,4.1304950338020633e-11,0.04734869256847608,PROCEED
MLP,medium,W002641,C0240,CLEAN,0,0.18061067131809294,0,1,0.6814111458756373,0.03095601703163574,PROCEED
MLP,medium,W002646,C0240,CLEAN,0,0.006614587392584626,0,1,0.05740169490604561,0.03371070122192256,PROCEED
MLP,medium,W002651,C0240,CLEAN,0,0.008281731166078004,0,1,0.06917362654616302,0.0653375827555842,PROCEED
MLP,medium,W002655,C0240,CLEAN,0,6.429482927775003e-05,0,1,0.0009880563451368292,0.03724812835414995,PROCEED
MLP,medium,W002656,C0240,LEAK,0,9.74945893521923e-08,0,1,2.4113139430485866e-06,0.03435170081883176,PROCEED
MLP,medium,W002661,C0240,LEAK,1,0.9999997416514156,1,1,6.026464499523901e-06,0.02693370862980645,PROCEED
MLP,medium,W002666,C0240,LEAK,1,0.9769224084966714,1,1,0.1583880194491516,0.05017270336381602,PROCEED
MLP,medium,W002671,C0240,LEAK,1,1.0,1,1,4.1304950338020633e-11,0.024981813778206775,PROCEED
MLP,medium,W002676,C0240,LEAK,1,0.999997822005004,1,1,4.4107145991631676e-05,0.029779210065841936,PROCEED
MLP,medium,W002681,C0240,LEAK,0,0.9999999535219194,1,0,1.1992074165404825e-06,0.07322087767748081,PROCEED
MLP,medium,W002686,C0240,LEAK,0,0.13793387692530837,0,1,0.5788021395924349,0.02369532998280742,PROCEED
MLP,medium,W002691,C0240,LEAK,0,0.009501379912645554,0,1,0.07746918436793894,0.04075651801435655,PROCEED
MLP,medium,W002696,C0240,LEAK,0,0.009626089599427595,0,1,0.07830403546182152,0.07355942556894046,PROCEED
MLP,medium,W002700,C0240,LEAK,0,7.857541617331446e-05,0,1,0.001184775905001073,0.04070228547881226,PROCEED
GCN_GRU,medium,W002611,C0240,CLEAN,0,0.10076456451404903,0,1,0.47141453110697684,0.15218379372685742,PROCEED
GCN_GRU,medium,W002616,C0240,CLEAN,0,0.35636774285043604,0,1,0.9396267758985613,0.18548961337461248,PROCEED
GCN_GRU,medium,W002621,C0240,CLEAN,0,0.9978768570663786,1,0,0.021912417278053122,0.37724034045870813,REQUEST_SENSOR
GCN_GRU,medium,W002626,C0240,CLEAN,0,0.9893446242993009,1,0,0.08510721449046146,0.33048755054070456,REQUEST_SENSOR
GCN_GRU,medium,W002631,C0240,CLEAN,0,0.8963630532948184,1,0,0.4804195466211862,0.31576129202818404,REQUEST_SENSOR
GCN_GRU,medium,W002636,C0240,CLEAN,0,0.9996825889696339,1,0,0.004146602524616323,0.36751994111932085,REQUEST_SENSOR
GCN_GRU,medium,W002641,C0240,CLEAN,0,0.9999926876964657,1,0,0.00013530637012295824,0.4018834885159311,REQUEST_SENSOR
GCN_GRU,medium,W002646,C0240,CLEAN,0,0.9999816458378326,1,0,0.0003152550358239234,0.46710101106911656,REQUEST_SENSOR
GCN_GRU,medium,W002651,C0240,CLEAN,0,0.9999952115547971,1,0,9.15297072332918e-05,0.4665401725586207,REQUEST_SENSOR
GCN_GRU,medium,W002655,C0240,CLEAN,0,0.9999996563848753,1,0,7.874077312566416e-06,0.4212465544276165,REQUEST_SENSOR
GCN_GRU,medium,W002656,C0240,LEAK,0,0.10076456451404903,0,1,0.47141453110697684,0.15218378699850937,PROCEED
GCN_GRU,medium,W002661,C0240,LEAK,1,0.16655945140081155,0,0,0.649773415797925,0.17389849339170066,PROCEED
GCN_GRU,medium,W002666,C0240,LEAK,1,0.9976974679807604,1,1,0.02349410628223751,0.22089827559025998,PROCEED
GCN_GRU,medium,W002671,C0240,LEAK,1,0.6987502472938542,1,1,0.8828132266670368,0.10452842446499282,PROCEED
GCN_GRU,medium,W002676,C0240,LEAK,1,0.4027214357117788,1,1,0.9725202887682313,0.16571903001762983,VERIFY
GCN_GRU,medium,W002681,C0240,LEAK,0,0.8637091885827395,1,0,0.5744417350641152,0.28777009710004925,REQUEST_SENSOR
GCN_GRU,medium,W002686,C0240,LEAK,0,0.9999956935874074,1,0,8.297498439034e-05,0.4024285484521963,REQUEST_SENSOR
GCN_GRU,medium,W002691,C0240,LEAK,0,0.9999771527718213,1,0,0.0003852111186564323,0.4718747509758552,REQUEST_SENSOR
GCN_GRU,medium,W002696,C0240,LEAK,0,0.9999944429846259,1,0,0.00010502730921843778,0.47051014559807947,REQUEST_SENSOR
GCN_GRU,medium,W002700,C0240,LEAK,0,0.9999996374568578,1,0,8.279774332906622e-06,0.4208428979472637,REQUEST_SENSOR
MLP,high,W000001,C0002,CLEAN,0,1.2792420511178404e-06,0,1,2.688835466832211e-05,0.057317971550666584,PROCEED
MLP,high,W000006,C0002,CLEAN,0,0.27822204497077335,0,1,0.8530168966879896,0.057588105157398914,PROCEED
MLP,high,W000011,C0002,CLEAN,0,0.027063620465877385,0,1,0.17944521554620674,0.07733019239407188,PROCEED
MLP,high,W000016,C0002,CLEAN,0,0.08181521958673577,0,1,0.40854315513838446,0.06166268067180996,PROCEED
MLP,high,W000021,C0002,CLEAN,0,0.058179273239500284,0,1,0.32017450756021215,0.06907561558308847,PROCEED
MLP,high,W000026,C0002,CLEAN,0,0.03261233272870934,0,1,0.20732797366519115,0.08887729529331247,PROCEED
MLP,high,W000031,C0002,CLEAN,0,0.9339314235826764,1,0,0.3510780346139315,0.05910038670513484,PROCEED
MLP,high,W000036,C0002,CLEAN,0,0.8514328188864401,1,0,0.6062430294176634,0.051216309529979645,PROCEED
MLP,high,W000041,C0002,CLEAN,0,0.9468220219289745,1,0,0.29974638716957785,0.050668656368832575,PROCEED
MLP,high,W000045,C0002,CLEAN,0,0.9993023845504656,1,0,0.008320788803536695,0.06469158718618834,PROCEED
MLP,high,W000046,C0002,LEAK,0,1.2792420511178404e-06,0,1,2.688835466832211e-05,0.05731798051322092,PROCEED
MLP,high,W000051,C0002,LEAK,0,0.2782219492149495,0,1,0.8530167649932159,0.05758810828545923,PROCEED
MLP,high,W000056,C0002,LEAK,0,0.027063570243180776,0,1,0.17944495599932386,0.07733018287287638,PROCEED
MLP,high,W000061,C0002,LEAK,0,0.08181504048332665,0,1,0.4085425303638869,0.06166274705190589,PROCEED
MLP,high,W000066,C0002,LEAK,1,1.0,1,1,4.1304950338020633e-11,0.06757886100894242,PROCEED
MLP,high,W000071,C0002,LEAK,1,1.0,1,1,4.1304950338020633e-11,0.06689109602633556,PROCEED
MLP,high,W000076,C0002,LEAK,1,1.0,1,1,4.1304950338020633e-11,0.11359211272569678,REQUEST_SENSOR
MLP,high,W000081,C0002,LEAK,1,1.0,1,1,4.1304950338020633e-11,0.10487748129703595,REQUEST_SENSOR
MLP,high,W000086,C0002,LEAK,0,0.9999999114954236,1,0,2.2013183666518663e-06,0.15116866239711274,REQUEST_SENSOR
MLP,high,W000090,C0002,LEAK,0,1.0,1,0,4.1304950338020633e-11,0.1640864540818726,REQUEST_SENSOR
GCN_GRU,high,W000001,C0002,CLEAN,0,0.5539297939181703,1,0,0.9915917183466415,0.3233424366178381,ESCALATE
GCN_GRU,high,W000006,C0002,CLEAN,0,0.12424033467505997,0,1,0.5414279803610282,0.19814163214191904,PROCEED
GCN_GRU,high,W000011,C0002,CLEAN,0,0.16736163288657158,0,1,0.6516335775783936,0.14988641154064797,PROCEED
GCN_GRU,high,W000016,C0002,CLEAN,0,0.2980274996518276,0,1,0.8788663482368294,0.23795182804991682,PROCEED
GCN_GRU,high,W000021,C0002,CLEAN,0,0.3771780180506393,1,0,0.9560245384232677,0.2787002033729231,REQUEST_SENSOR
GCN_GRU,high,W000026,C0002,CLEAN,0,0.37077083362963803,0,1,0.9512621209918015,0.3341469266501524,REQUEST_SENSOR
GCN_GRU,high,W000031,C0002,CLEAN,0,0.6207600789297528,1,0,0.9575034329053449,0.2561279138935203,PROCEED
GCN_GRU,high,W000036,C0002,CLEAN,0,0.36825327473792413,0,1,0.9493214627554186,0.15488775177958558,PROCEED
GCN_GRU,high,W000041,C0002,CLEAN,0,0.41550484076219285,1,0,0.979300768026935,0.2775611484147736,ESCALATE
GCN_GRU,high,W000045,C0002,CLEAN,0,0.9767186936735693,1,0,0.15948750502246506,0.2886407441935658,REQUEST_SENSOR
GCN_GRU,high,W000046,C0002,LEAK,0,0.5539324154660837,1,0,0.9915908992702102,0.3233425219696355,ESCALATE
GCN_GRU,high,W000051,C0002,LEAK,0,0.12424100914408061,0,1,0.5414298806079646,0.1981418115261918,PROCEED
GCN_GRU,high,W000056,C0002,LEAK,0,0.1673615498264923,0,1,0.6516333853174311,0.14988636583055526,PROCEED
GCN_GRU,high,W000061,C0002,LEAK,0,0.2980273749546884,0,1,0.8788661941149701,0.23795044622507072,PROCEED
GCN_GRU,high,W000066,C0002,LEAK,1,0.9999999977416607,1,1,6.812232068637675e-08,0.27021272789351025,PROCEED
GCN_GRU,high,W000071,C0002,LEAK,1,0.9999999957604253,1,1,1.2403354131453522e-07,0.34237926497641735,REQUEST_SENSOR
GCN_GRU,high,W000076,C0002,LEAK,1,0.9999999948826719,1,1,1.483240009950831e-07,0.3078060185197573,REQUEST_SENSOR
GCN_GRU,high,W000081,C0002,LEAK,1,0.9999999934837489,1,1,1.8659940343302913e-07,0.29288462086673744,REQUEST_SENSOR
GCN_GRU,high,W000086,C0002,LEAK,0,0.9999795509178282,1,0,0.0003480491998665011,0.49387808300138103,REQUEST_SENSOR
GCN_GRU,high,W000090,C0002,LEAK,0,0.9999997735175483,1,0,5.326140769012958e-06,0.32341970182435265,REQUEST_SENSOR
MLP,high,W000091,C0018,CLEAN,0,0.022707384569822072,0,1,0.1563831316481519,0.1220066444221051,REQUEST_SENSOR
MLP,high,W000096,C0018,CLEAN,0,0.9971901755630965,1,0,0.02786213643343834,0.04642869378267828,PROCEED
MLP,high,W000101,C0018,CLEAN,0,0.999999999999998,1,0,4.1304950338020633e-11,0.04474079518333324,PROCEED
MLP,high,W000106,C0018,CLEAN,0,0.837252527909887,1,0,0.6408420514254451,0.047735126505194264,PROCEED
MLP,high,W000111,C0018,CLEAN,0,0.07036361993739033,0,1,0.36727914646459453,0.10319811834216613,REQUEST_SENSOR
MLP,high,W000116,C0018,CLEAN,0,0.0038534576771606832,0,1,0.03645194674705798,0.11410418654613994,REQUEST_SENSOR
MLP,high,W000121,C0018,CLEAN,0,0.012409985633685925,0,1,0.09637670060558838,0.08286363267147513,PROCEED
MLP,high,W000126,C0018,CLEAN,0,0.010992949522048864,0,1,0.08730615623208685,0.05560707217040277,PROCEED
MLP,high,W000131,C0018,CLEAN,0,0.01534162480089672,0,1,0.1144174737418188,0.06841753506014592,PROCEED
MLP,high,W000135,C0018,CLEAN,0,0.0011696445130660734,0,1,0.013078456330174333,0.08458424375941853,PROCEED
MLP,high,W000136,C0018,LEAK,0,0.022707336951521457,0,1,0.15638287319703087,0.12200664810861334,REQUEST_SENSOR
MLP,high,W000141,C0018,LEAK,0,0.9971901742270322,1,0,0.027862147751566323,0.04642870074040513,PROCEED
MLP,high,W000146,C0018,LEAK,0,0.999999999999998,1,0,4.1304950338020633e-11,0.04474078869313626,PROCEED
MLP,high,W000151,C0018,LEAK,1,0.7753383817811716,1,1,0.7685885902725015,0.0460703119470845,PROCEED
MLP,high,W000156,C0018,LEAK,1,0.02712455702327775,0,0,0.17976002907019067,0.1131879932056621,REQUEST_SENSOR
MLP,high,W000161,C0018,LEAK,1,0.09631767576608379,0,0,0.4572130144348064,0.08120022805178861,PROCEED
MLP,high,W000166,C0018,LEAK,1,0.14155752943805602,0,0,0.5883033514883275,0.08211715490331507,PROCEED
MLP,high,W000171,C0018,LEAK,0,0.9999999998641484,1,0,4.648832637302704e-09,0.07417658808131977,PROCEED
MLP,high,W000176,C0018,LEAK,0,0.007116032878058273,0,1,0.0610004896725219,0.07258344462680266,PROCEED
MLP,high,W000180,C0018,LEAK,0,0.025667308186857165,0,1,0.1721748583105523,0.09933571636452325,REQUEST_SENSOR
GCN_GRU,high,W000091,C0018,CLEAN,0,0.9717901066302511,1,0,0.18533354891558684,0.35489792271551346,REQUEST_SENSOR
GCN_GRU,high,W000096,C0018,CLEAN,0,0.9999999850345394,1,0,4.1059960820212206e-07,0.41797876101095716,REQUEST_SENSOR
GCN_GRU,high,W000101,C0018,CLEAN,0,0.08098957580558697,0,1,0.4056564601229213,0.3802192381733779,REQUEST_SENSOR
GCN_GRU,high,W000106,C0018,CLEAN,0,0.9668745427584269,1,0,0.20983147288541268,0.3678715995142938,REQUEST_SENSOR
GCN_GRU,high,W000111,C0018,CLEAN,0,0.4772609506611359,1,0,0.9985075529007407,0.33704272203659175,ESCALATE
GCN_GRU,high,W000116,C0018,CLEAN,0,0.5013234845186381,1,0,0.9999949459123094,0.34453075876151434,ESCALATE
GCN_GRU,high,W000121,C0018,CLEAN,0,0.999824316418499,1,0,0.0024450413395730422,0.3910258142924301,REQUEST_SENSOR
GCN_GRU,high,W000126,C0018,CLEAN,0,0.999444965683661,1,0,0.0068032942808920515,0.42236720139417616,REQUEST_SENSOR
GCN_GRU,high,W000131,C0018,CLEAN,0,0.999767161815522,1,0,0.003145856168709376,0.43095830042080224,REQUEST_SENSOR
GCN_GRU,high,W000135,C0018,CLEAN,0,0.9999936784058537,1,0,0.0001183021272172274,0.392111153616692,REQUEST_SENSOR
GCN_GRU,high,W000136,C0018,LEAK,0,0.9717901458464024,1,0,0.1853333486633039,0.3548979133101089,REQUEST_SENSOR
GCN_GRU,high,W000141,C0018,LEAK,0,0.9999999850345109,1,0,4.106003469899741e-07,0.41797877168093667,REQUEST_SENSOR
GCN_GRU,high,W000146,C0018,LEAK,0,0.0809894160957096,0,1,0.4056559004556486,0.3802191759362087,REQUEST_SENSOR
GCN_GRU,high,W000151,C0018,LEAK,1,0.9724795762683576,1,1,0.18180025216740645,0.38214443844417767,REQUEST_SENSOR
GCN_GRU,high,W000156,C0018,LEAK,1,0.497748177822032,1,1,0.9999853689940466,0.3232778285654871,ESCALATE
GCN_GRU,high,W000161,C0018,LEAK,1,0.999848423657584,1,1,0.002141812139327639,0.3558942669718588,REQUEST_SENSOR
GCN_GRU,high,W000166,C0018,LEAK,1,0.9997160132265872,1,1,0.003755548668533693,0.45411351675291756,REQUEST_SENSOR
GCN_GRU,high,W000171,C0018,LEAK,0,0.9999999995346476,1,0,1.5097732203097124e-08,0.4784144058250908,REQUEST_SENSOR
GCN_GRU,high,W000176,C0018,LEAK,0,0.999727451735437,1,0,0.003620449127558434,0.36128849042665523,REQUEST_SENSOR
GCN_GRU,high,W000180,C0018,LEAK,0,0.9999929156778965,1,0,0.00013141154454893685,0.3687717949832736,REQUEST_SENSOR
MLP,high,W000181,C0039,CLEAN,0,1.3942905883400973e-08,0,1,3.8396794783181783e-07,0.10834530837338793,REQUEST_SENSOR
MLP,high,W000186,C0039,CLEAN,0,0.9987998652926441,1,0,0.013374801534996187,0.03792130572740336,PROCEED
MLP,high,W000191,C0039,CLEAN,0,0.9999800408916439,1,0,0.0003404080587336023,0.03288151531387002,PROCEED
MLP,high,W000196,C0039,CLEAN,0,0.9999999789904246,1,0,5.661465576876522e-07,0.05481145719950578,PROCEED
MLP,high,W000201,C0039,CLEAN,0,0.9999999906473495,1,0,2.629467080043237e-07,0.06390687504058734,PROCEED
MLP,high,W000206,C0039,CLEAN,0,0.9999999996195539,1,0,1.2453631248411462e-08,0.062248318253604565,PROCEED
MLP,high,W000211,C0039,CLEAN,0,0.9999999981937093,1,0,5.5068415923636844e-08,0.07268405769307754,PROCEED
MLP,high,W000216,C0039,CLEAN,0,0.9999999970496167,1,0,8.785989274431093e-08,0.08337001428368254,PROCEED
MLP,high,W000221,C0039,CLEAN,0,0.9999999863601936,1,0,3.7605350820823135e-07,0.0666768481228655,PROCEED
MLP,high,W000225,C0039,CLEAN,0,0.8604658452065451,1,0,0.5830175036680083,0.046268696799093276,PROCEED
MLP,high,W000226,C0039,LEAK,0,1.3942905883400973e-08,0,1,3.8396794783181783e-07,0.1083453097560659,REQUEST_SENSOR
MLP,high,W000231,C0039,LEAK,1,0.9999999999728764,1,1,9.912157655952504e-10,0.030781026778275294,PROCEED
MLP,high,W000236,C0039,LEAK,1,1.0,1,1,4.1304950338020633e-11,0.08471855897840913,PROCEED
MLP,high,W000241,C0039,LEAK,1,1.0,1,1,4.1304950338020633e-11,0.05722417687499274,PROCEED
MLP,high,W000246,C0039,LEAK,1,0.9999999999999531,1,1,4.1304950338020633e-11,0.04625414431830492,PROCEED
MLP,high,W000251,C0039,LEAK,1,0.9999999999999993,1,1,4.1304950338020633e-11,0.034171693727864876,PROCEED
MLP,high,W000256,C0039,LEAK,0,0.019530311735059817,0,1,0.13879519711478766,0.10553325147520294,REQUEST_SENSOR
MLP,high,W000261,C0039,LEAK,0,0.25504550133639997,0,1,0.8191775508483427,0.09183346156287349,PROCEED
MLP,high,W000266,C0039,LEAK,0,0.4154032110440896,0,1,0.9792507024166671,0.07343102781764248,VERIFY
MLP,high,W000270,C0039,LEAK,0,9.357751975710052e-06,0,1,0.00016982537061559512,0.04046117908707576,PROCEED
GCN_GRU,high,W000181,C0039,CLEAN,0,0.2573257544204353,0,1,0.8226840266274641,0.1965907435083474,PROCEED
GCN_GRU,high,W000186,C0039,CLEAN,0,0.3013848976740929,0,1,0.882977205320489,0.15387757299503477,PROCEED
GCN_GRU,high,W000191,C0039,CLEAN,0,0.9854570830629774,1,0,0.10959095504106943,0.32220733641894594,REQUEST_SENSOR
GCN_GRU,high,W000196,C0039,CLEAN,0,0.9971484110154961,1,0,0.028215487286744542,0.3465336547679485,REQUEST_SENSOR
GCN_GRU,high,W000201,C0039,CLEAN,0,0.999254899641812,1,0,0.008816351597077339,0.37748098114943907,REQUEST_SENSOR
GCN_GRU,high,W000206,C0039,CLEAN,0,0.9996106179825104,1,0,0.004971995713968805,0.41734559358684453,REQUEST_SENSOR
GCN_GRU,high,W000211,C0039,CLEAN,0,0.6565447746819262,1,0,0.9280868033892476,0.17546567244241168,PROCEED
GCN_GRU,high,W000216,C0039,CLEAN,0,0.4285703231199751,1,0,0.9852276772268451,0.1996239801166641,VERIFY
GCN_GRU,high,W000221,C0039,CLEAN,0,0.3955616440216609,1,0,0.9682950410831752,0.13404638491393817,VERIFY
GCN_GRU,high,W000225,C0039,CLEAN,0,0.9522541454226283,1,0,0.2767432226552,0.16267331024856985,PROCEED
GCN_GRU,high,W000226,C0039,LEAK,0,0.25732532156280213,0,1,0.8226833647295657,0.19659070603597495,PROCEED
GCN_GRU,high,W000231,C0039,LEAK,1,0.6092585224431171,1,1,0.9652763833521345,0.18986658570379306,VERIFY
GCN_GRU,high,W000236,C0039,LEAK,1,0.9997195516891005,1,1,0.0037138284016707775,0.18311888648531163,PROCEED
GCN_GRU,high,W000241,C0039,LEAK,1,0.9996835163248603,1,1,0.004135823863371703,0.15868144459440173,PROCEED
GCN_GRU,high,W000246,C0039,LEAK,1,0.9995725311902085,1,1,0.0054007605765288786,0.14940075255180776,PROCEED
GCN_GRU,high,W000251,C0039,LEAK,1,0.9473177457280889,1,1,0.29768352408215704,0.144251509598035,PROCEED
GCN_GRU,high,W000256,C0039,LEAK,0,0.9863558509669457,1,0,0.10408277500165578,0.14890780792261676,PROCEED
GCN_GRU,high,W000261,C0039,LEAK,0,0.8693057907695052,1,0,0.5593389873974578,0.21087677546484834,PROCEED
GCN_GRU,high,W000266,C0039,LEAK,0,0.4413639470076339,1,0,0.9900566251034852,0.20830087021374952,VERIFY
GCN_GRU,high,W000270,C0039,LEAK,0,0.7886470882575823,1,0,0.7440608350054917,0.1610942042834736,PROCEED
MLP,high,W000271,C0048,CLEAN,0,0.0005353670419402003,0,1,0.006590096768859949,0.028898194656610587,PROCEED
MLP,high,W000276,C0048,CLEAN,0,0.0012083200800016298,0,1,0.01345416642393002,0.06685205324580162,PROCEED
MLP,high,W000281,C0048,CLEAN,0,0.0009029480982418516,0,1,0.010433667147088833,0.09016025368763371,PROCEED
MLP,high,W000286,C0048,CLEAN,0,0.0026936080369328037,0,1,0.026874112893601948,0.0765330876547117,PROCEED
MLP,high,W000291,C0048,CLEAN,0,0.02931652515719337,0,1,0.19095259955008848,0.1010063322474572,REQUEST_SENSOR
MLP,high,W000296,C0048,CLEAN,0,0.006288352521713818,0,1,0.05503095508768101,0.12194417999429452,REQUEST_SENSOR
MLP,high,W000301,C0048,CLEAN,0,1.0,1,0,4.1304950338020633e-11,0.05427104384096661,PROCEED
MLP,high,W000306,C0048,CLEAN,0,1.0,1,0,4.1304950338020633e-11,0.049597415886699255,PROCEED
MLP,high,W000311,C0048,CLEAN,0,1.0,1,0,4.1304950338020633e-11,0.036423755446155726,PROCEED
MLP,high,W000315,C0048,CLEAN,0,1.0,1,0,4.1304950338020633e-11,0.05832775232796213,PROCEED
MLP,high,W000316,C0048,LEAK,0,0.000535365511065015,0,1,0.006590080133737082,0.02889818972807926,PROCEED
MLP,high,W000321,C0048,LEAK,0,0.0012083206554774797,0,1,0.013454172000887821,0.06685206024634172,PROCEED
MLP,high,W000326,C0048,LEAK,0,0.0009029459473922481,0,1,0.010433645398197128,0.09016029868689915,PROCEED
MLP,high,W000331,C0048,LEAK,0,0.0026936029131268712,0,1,0.02687406917547385,0.07653305851733094,PROCEED
MLP,high,W000336,C0048,LEAK,0,0.029316498018432103,0,1,0.19095246252063156,0.10100634581106716,REQUEST_SENSOR
MLP,high,W000341,C0048,LEAK,1,0.9999999999999281,1,1,4.1304950338020633e-11,0.029134397433278295,PROCEED
MLP,high,W000346,C0048,LEAK,1,1.0,1,1,4.1304950338020633e-11,0.06292477917630114,PROCEED
MLP,high,W000351,C0048,LEAK,1,1.0,1,1,4.1304950338020633e-11,0.05614986442358622,PROCEED
MLP,high,W000356,C0048,LEAK,0,1.0,1,0,4.1304950338020633e-11,0.06436201840185113,PROCEED
MLP,high,W000360,C0048,LEAK,0,1.0,1,0,4.1304950338020633e-11,0.07322476079829779,PROCEED
GCN_GRU,high,W000271,C0048,CLEAN,0,0.9995512795085061,1,0,0.005637843893098622,0.40270817586235297,REQUEST_SENSOR
GCN_GRU,high,W000276,C0048,CLEAN,0,0.9999874683072087,1,0,0.00022214612462590158,0.35633791702848167,REQUEST_SENSOR
GCN_GRU,high,W000281,C0048,CLEAN,0,0.9925191357672254,1,0,0.0635863328268887,0.42977275134348925,REQUEST_SENSOR
GCN_GRU,high,W000286,C0048,CLEAN,0,0.9989339740612007,1,0,0.012062581901378157,0.4606764077431096,REQUEST_SENSOR
GCN_GRU,high,W000291,C0048,CLEAN,0,0.9852182176771643,1,0,0.11104097444713615,0.3895828765028774,REQUEST_SENSOR
GCN_GRU,high,W000296,C0048,CLEAN,0,0.5095720180590714,1,0,0.9997356142253926,0.3439577857666015,ESCALATE
GCN_GRU,high,W000301,C0048,CLEAN,0,0.9992242061721104,1,0,0.009134331797514227,0.3217667221447914,REQUEST_SENSOR
GCN_GRU,high,W000306,C0048,CLEAN,0,0.9581181622602241,1,0,0.25085479750072726,0.3802303217092431,REQUEST_SENSOR
GCN_GRU,high,W000311,C0048,CLEAN,0,0.9979741963080673,1,0,0.021045107540160757,0.37148817124326017,REQUEST_SENSOR
GCN_GRU,high,W000315,C0048,CLEAN,0,0.9999705499924638,1,0,0.00048574978690029146,0.37968255900812864,REQUEST_SENSOR
GCN_GRU,high,W000316,C0048,LEAK,0,0.9995512775836667,1,0,0.005637865299708592,0.4027081554493599,REQUEST_SENSOR
GCN_GRU,high,W000321,C0048,LEAK,0,0.9999874682594049,1,0,0.00022214690306598538,0.3563378201198991,REQUEST_SENSOR
GCN_GRU,high,W000326,C0048,LEAK,0,0.9925193163289637,1,0,0.06358505954817643,0.4297727809056081,REQUEST_SENSOR
GCN_GRU,high,W000331,C0048,LEAK,0,0.9989339745689795,1,0,0.01206257688858397,0.46067643110996076,REQUEST_SENSOR
GCN_GRU,high,W000336,C0048,LEAK,0,0.9852182176771643,1,0,0.11104097444713615,0.3895828635827827,REQUEST_SENSOR
GCN_GRU,high,W000341,C0048,LEAK,1,0.9978609400249389,1,1,0.022053619112315462,0.17930110263562554,PROCEED
GCN_GRU,high,W000346,C0048,LEAK,1,0.9999636598616036,1,1,0.0005883739281132266,0.3555506000467986,REQUEST_SENSOR
GCN_GRU,high,W000351,C0048,LEAK,1,0.9999758839855307,1,1,0.00040472283157370437,0.38149069359273496,REQUEST_SENSOR
GCN_GRU,high,W000356,C0048,LEAK,0,0.43714802748851356,1,0,0.9885714304359597,0.4271424991212277,ESCALATE
GCN_GRU,high,W000360,C0048,LEAK,0,0.9999460257293986,1,0,0.0008430794420286824,0.46475765575012834,REQUEST_SENSOR
MLP,high,W000361,C0056,CLEAN,0,7.658220305159575e-08,0,1,1.9207667032897165e-06,0.09630417803343728,PROCEED
MLP,high,W000366,C0056,CLEAN,0,0.9999976338265587,1,0,4.7635108244477035e-05,0.07440704216911886,PROCEED
MLP,high,W000371,C0056,CLEAN,0,0.9999863751402145,1,0,0.00023988043001309925,0.08799900017017367,PROCEED
MLP,high,W000376,C0056,CLEAN,0,0.9999999999984592,1,0,6.268178593157364e-11,0.11541731144414652,REQUEST_SENSOR
MLP,high,W000381,C0056,CLEAN,0,0.9999999999745546,1,0,9.322312057745495e-10,0.11606692521680434,REQUEST_SENSOR
MLP,high,W000386,C0056,CLEAN,0,0.9999999999295397,1,0,2.4778840994175215e-09,0.11874792837577923,REQUEST_SENSOR
MLP,high,W000391,C0056,CLEAN,0,0.9999999525783654,1,0,1.2221776050891423e-06,0.05839424543128738,PROCEED
MLP,high,W000396,C0056,CLEAN,0,0.999999906884802,1,0,2.3091733928040184e-06,0.056291678931665284,PROCEED
MLP,high,W000401,C0056,CLEAN,0,0.9999979116077546,1,0,4.2419150537384636e-05,0.06320321177876458,PROCEED
MLP,high,W000405,C0056,CLEAN,0,0.982294428329961,1,0,0.1283565397433057,0.044224235269459324,PROCEED
MLP,high,W000406,C0056,LEAK,0,7.658220305159575e-08,0,1,1.9207667032897165e-06,0.09630417827143936,PROCEED
MLP,high,W000411,C0056,LEAK,0,0.9999976338265587,1,0,4.7635108244477035e-05,0.0744070416620653,PROCEED
MLP,high,W000416,C0056,LEAK,0,0.9999863751142274,1,0,0.00023988085005244316,0.08799900438950209,PROCEED
MLP,high,W000421,C0056,LEAK,0,0.9999999999984592,1,0,6.268178593157364e-11,0.11541731144414652,REQUEST_SENSOR
MLP,high,W000426,C0056,LEAK,0,0.9999999999745546,1,0,9.322312057745495e-10,0.11606692759289318,REQUEST_SENSOR
MLP,high,W000431,C0056,LEAK,1,0.999999999999319,1,1,4.1304950338020633e-11,0.0576923488966789,PROCEED
MLP,high,W000436,C0056,LEAK,1,0.9999999983412242,1,1,5.077500896200814e-08,0.06237640158960957,PROCEED
MLP,high,W000441,C0056,LEAK,0,0.9641911795716479,1,0,0.22273414558632376,0.07286742447714062,PROCEED
MLP,high,W000446,C0056,LEAK,0,0.9723115068185761,1,0,0.18266388918676071,0.06482710113791217,PROCEED
MLP,high,W000450,C0056,LEAK,0,0.49353630715569974,1,0,0.9998794469916067,0.053660330894961486,VERIFY
GCN_GRU,high,W000361,C0056,CLEAN,0,0.0478250270619289,0,1,0.27708498207134663,0.2509255649695668,PROCEED
GCN_GRU,high,W000366,C0056,CLEAN,0,0.2545190106085373,0,1,0.8183623339497114,0.22993835496286036,PROCEED
GCN_GRU,high,W000371,C0056,CLEAN,0,0.1655181000721269,0,1,0.6473486684077516,0.2634459968929358,PROCEED
GCN_GRU,high,W000376,C0056,CLEAN,0,0.1479798955090699,0,1,0.6047618188128138,0.2732293950710597,PROCEED
GCN_GRU,high,W000381,C0056,CLEAN,0,0.16551375325000403,0,1,0.6473385232967049,0.34933185915743864,REQUEST_SENSOR
GCN_GRU,high,W000386,C0056,CLEAN,0,0.1543763005778531,0,1,0.6206844983722024,0.3379661390279536,REQUEST_SENSOR
GCN_GRU,high,W000391,C0056,CLEAN,0,0.1633351715992259,0,1,0.6422289749541035,0.12818814920477303,PROCEED
GCN_GRU,high,W000396,C0056,CLEAN,0,0.10809938812315682,0,1,0.49415638721000843,0.10786742881356508,PROCEED
GCN_GRU,high,W000401,C0056,CLEAN,0,0.07375398776750283,0,1,0.37977915825780595,0.1052100310572714,PROCEED
GCN_GRU,high,W000405,C0056,CLEAN,0,0.9999999711976327,1,0,7.630303662883433e-07,0.3784411887691704,REQUEST_SENSOR
GCN_GRU,high,W000406,C0056,LEAK,0,0.04782504877604579,0,1,0.2770850757762006,0.25092555857671117,PROCEED
GCN_GRU,high,W000411,C0056,LEAK,0,0.2545190332271993,0,1,0.8183623690176409,0.22993835508886715,PROCEED
GCN_GRU,high,W000416,C0056,LEAK,0,0.16551806714131226,0,1,0.6473485915507889,0.26344597482397264,PROCEED
GCN_GRU,high,W000421,C0056,LEAK,0,0.1479798955090699,0,1,0.6047618188128138,0.27322940297438225,PROCEED
GCN_GRU,high,W000426,C0056,LEAK,0,0.16551375325000403,0,1,0.6473385232967049,0.3493318536055009,REQUEST_SENSOR
GCN_GRU,high,W000431,C0056,LEAK,1,0.22814201739173062,0,0,0.7747583351366485,0.20120490442556987,PROCEED
GCN_GRU,high,W000436,C0056,LEAK,1,0.29260557597640785,0,0,0.8720632984259,0.11612689783642588,PROCEED
GCN_GRU,high,W000441,C0056,LEAK,0,0.20236403861747793,0,1,0.7266310499831538,0.100927635604306,PROCEED
GCN_GRU,high,W000446,C0056,LEAK,0,0.060796609013065786,0,1,0.33059907642985187,0.11337219062179371,PROCEED
GCN_GRU,high,W000450,C0056,LEAK,0,0.9999999929882375,1,0,2.0004748273233144e-07,0.44321071097424297,REQUEST_SENSOR
MLP,high,W000451,C0059,CLEAN,0,1.7940872907694695e-06,0,1,3.683442810877733e-05,0.0808529310118562,PROCEED
MLP,high,W000456,C0059,CLEAN,0,5.8464845847616945e-05,0,1,0.0009064812944438725,0.0575078252556985,PROCEED
MLP,high,W000461,C0059,CLEAN,0,0.0009100435062177372,0,1,0.010505374101665327,0.06065153010960743,PROCEED
MLP,high,W000466,C0059,CLEAN,0,0.001065234605044088,0,1,0.012054769427900939,0.07076630321786692,PROCEED
MLP,high,W000471,C0059,CLEAN,0,0.014241933391190712,0,1,0.10775566031115041,0.08892548597244702,PROCEED
MLP,high,W000476,C0059,CLEAN,0,0.0034850417367226485,0,1,0.033473081964214266,0.08976056994562215,PROCEED
MLP,high,W000481,C0059,CLEAN,0,0.04323295167884075,0,1,0.2569236834533713,0.11420036836763972,REQUEST_SENSOR
MLP,high,W000486,C0059,CLEAN,0,0.018252196819864754,0,1,0.1315113508287837,0.108462615205001,REQUEST_SENSOR
MLP,high,W000491,C0059,CLEAN,0,0.9999999010805303,1,0,2.4444846037804344e-06,0.11447540319139046,REQUEST_SENSOR
MLP,high,W000495,C0059,CLEAN,0,1.0,1,0,4.1304950338020633e-11,0.023405755940551543,PROCEED
MLP,high,W000496,C0059,LEAK,0,1.7940787359303606e-06,0,1,3.683426481129906e-05,0.08085296489367211,PROCEED
MLP,high,W000501,C0059,LEAK,0,5.846423256605019e-05,0,1,0.0009064726704820318,0.05750783171671116,PROCEED
MLP,high,W000506,C0059,LEAK,0,0.0009100378701156886,0,1,0.01050531717439798,0.060651486216061486,PROCEED
MLP,high,W000511,C0059,LEAK,1,1.0,1,1,4.1304950338020633e-11,0.051338411359143105,PROCEED
MLP,high,W000516,C0059,LEAK,1,1.0,1,1,4.1304950338020633e-11,0.03660885864925807,PROCEED
MLP,high,W000521,C0059,LEAK,1,1.0,1,1,4.1304950338020633e-11,0.04604484413226673,PROCEED
MLP,high,W000526,C0059,LEAK,1,1.0,1,1,4.1304950338020633e-11,0.08602756430877767,PROCEED
MLP,high,W000531,C0059,LEAK,1,1.0,1,1,4.1304950338020633e-11,0.08075569314960701,PROCEED
MLP,high,W000536,C0059,LEAK,0,1.0,1,0,4.1304950338020633e-11,0.08055988878942172,PROCEED
MLP,high,W000540,C0059,LEAK,0,1.0,1,0,4.1304950338020633e-11,0.08515358365441608,PROCEED
GCN_GRU,high,W000451,C0059,CLEAN,0,0.23902828486839692,0,1,0.7934206134615381,0.23896571412253714,PROCEED
GCN_GRU,high,W000456,C0059,CLEAN,0,0.9968367375699446,1,0,0.0308253023303436,0.4071838773251087,REQUEST_SENSOR
GCN_GRU,high,W000461,C0059,CLEAN,0,0.999996801539481,1,0,6.299970463107636e-05,0.4728178123157726,REQUEST_SENSOR
GCN_GRU,high,W000466,C0059,CLEAN,0,0.999993148767436,1,0,0.00012741850460096162,0.4749498052473369,REQUEST_SENSOR
GCN_GRU,high,W000471,C0059,CLEAN,0,0.9999970904909934,1,0,5.770570556575016e-05,0.4796168881604579,REQUEST_SENSOR
GCN_GRU,high,W000476,C0059,CLEAN,0,0.9999994812957572,1,0,1.1578142204858057e-05,0.4900975535905656,REQUEST_SENSOR
GCN_GRU,high,W000481,C0059,CLEAN,0,0.9988362971926432,1,0,0.013020574011878836,0.3244832762482208,REQUEST_SENSOR
GCN_GRU,high,W000486,C0059,CLEAN,0,0.3349470789271897,0,1,0.9199011331266004,0.09983232274016282,PROCEED
GCN_GRU,high,W000491,C0059,CLEAN,0,0.2991816438883131,0,1,0.8802882452896744,0.10480146914255882,PROCEED
GCN_GRU,high,W000495,C0059,CLEAN,0,0.9998877183707582,1,0,0.0016351803305163046,0.2935959226951478,REQUEST_SENSOR
GCN_GRU,high,W000496,C0059,LEAK,0,0.2390280463507885,0,1,0.7934202149791311,0.2389656580129003,PROCEED
GCN_GRU,high,W000501,C0059,LEAK,0,0.9968367255412041,1,0,0.030825402166453547,0.40718393042378187,REQUEST_SENSOR
GCN_GRU,high,W000506,C0059,LEAK,0,0.9999968015486319,1,0,6.299953758878303e-05,0.47281787353123406,REQUEST_SENSOR
GCN_GRU,high,W000511,C0059,LEAK,1,0.9999999748672495,1,1,6.707567000912105e-07,0.11528434956380432,PROCEED
GCN_GRU,high,W000516,C0059,LEAK,1,0.9999997151615635,1,1,6.604277564428512e-06,0.14435254651315027,PROCEED
GCN_GRU,high,W000521,C0059,LEAK,1,0.9999965026627687,1,1,6.843590953428028e-05,0.2880722247853392,REQUEST_SENSOR
GCN_GRU,high,W000526,C0059,LEAK,1,0.9999999572098173,1,1,1.109157477101097e-06,0.2761298965559965,PROCEED
GCN_GRU,high,W000531,C0059,LEAK,1,0.9999999608244128,1,1,1.020452154818676e-06,0.2802618795712476,REQUEST_SENSOR
GCN_GRU,high,W000536,C0059,LEAK,0,0.9609704633528152,1,0,0.23782482041229852,0.3503906434433309,REQUEST_SENSOR
GCN_GRU,high,W000540,C0059,LEAK,0,0.9963127917842293,1,0,0.03511434355939248,0.3537611163155932,REQUEST_SENSOR
MLP,high,W000541,C0070,CLEAN,0,1.9902224313470668e-10,0,1,6.700889121070498e-09,0.12802205394501323,REQUEST_SENSOR
MLP,high,W000546,C0070,CLEAN,0,0.9999999999999412,1,0,4.1304950338020633e-11,0.04905587653343363,PROCEED
MLP,high,W000551,C0070,CLEAN,0,0.9999999999999998,1,0,4.1304950338020633e-11,0.06135600422247191,PROCEED
MLP,high,W000556,C0070,CLEAN,0,1.0,1,0,4.1304950338020633e-11,0.05081079374699125,PROCEED
MLP,high,W000561,C0070,CLEAN,0,0.9999999999999998,1,0,4.1304950338020633e-11,0.053751437427287135,PROCEED
MLP,high,W000566,C0070,CLEAN,0,1.0,1,0,4.1304950338020633e-11,0.07675123956427646,PROCEED
MLP,high,W000571,C0070,CLEAN,0,0.1779718888409073,0,1,0.6756201335982194,0.0717335589639072,PROCEED
MLP,high,W000576,C0070,CLEAN,0,0.021511142051993254,0,1,0.1498431226683772,0.06055029877313115,PROCEED
MLP,high,W000581,C0070,CLEAN,0,0.0010482350630057725,0,1,0.011886734716308377,0.06859269871763685,PROCEED
MLP,high,W000585,C0070,CLEAN,0,1.386465579158926e-06,0,1,2.8981083154416843e-05,0.08262610501426818,PROCEED
MLP,high,W000586,C0070,LEAK,0,1.9902224313470668e-10,0,1,6.700889121070498e-09,0.12802205394501323,REQUEST_SENSOR
MLP,high,W000591,C0070,LEAK,1,0.999999999999972,1,1,4.1304950338020633e-11,0.04799052302723682,PROCEED
MLP,high,W000596,C0070,LEAK,1,0.9999999999998415,1,1,4.1304950338020633e-11,0.06561224364924517,PROCEED
MLP,high,W000601,C0070,LEAK,1,0.9999999999999838,1,1,4.1304950338020633e-11,0.059784531259448506,PROCEED
MLP,high,W000606,C0070,LEAK,1,0.999999999946199,1,1,1.9129617023815027e-09,0.04245792430338243,PROCEED
MLP,high,W000611,C0070,LEAK,1,0.9999999993973134,1,1,1.9328500587491712e-08,0.05006472856471228,PROCEED
MLP,high,W000616,C0070,LEAK,0,0.0020689346685646703,0,1,0.021430227607549018,0.06528886075335757,PROCEED
MLP,high,W000621,C0070,LEAK,0,4.565310193548164e-05,0,1,0.0007241307711816945,0.08366082577825601,PROCEED
MLP,high,W000626,C0070,LEAK,0,2.3329098384561348e-05,0,1,0.00039263311483716455,0.08488483099624644,PROCEED
MLP,high,W000630,C0070,LEAK,0,2.558260028135897e-06,0,1,5.121406039727189e-05,0.057518140835205164,PROCEED
GCN_GRU,high,W000541,C0070,CLEAN,0,0.2623701123973827,0,1,0.8303018848120836,0.12209665758383732,PROCEED
GCN_GRU,high,W000546,C0070,CLEAN,0,0.12109371989640534,0,1,0.5324965793622002,0.17390410567544579,PROCEED
GCN_GRU,high,W000551,C0070,CLEAN,0,0.48966406401795365,1,0,0.9996917272822314,0.21952091299749282,VERIFY
GCN_GRU,high,W000556,C0070,CLEAN,0,0.9392795563346562,1,0,0.3302981976062833,0.2905785232661973,REQUEST_SENSOR
GCN_GRU,high,W000561,C0070,CLEAN,0,0.9976425619828175,1,0,0.023974101742337852,0.29231750987914107,REQUEST_SENSOR
GCN_GRU,high,W000566,C0070,CLEAN,0,0.9990062291474571,1,0,0.011345660312638723,0.26160168662847666,PROCEED
GCN_GRU,high,W000571,C0070,CLEAN,0,0.9999577974838182,1,0,0.0006741841854619856,0.3921113162948317,REQUEST_SENSOR
GCN_GRU,high,W000576,C0070,CLEAN,0,0.9999382082559907,1,0,0.0009531300415958696,0.3999615493858619,REQUEST_SENSOR
GCN_GRU,high,W000581,C0070,CLEAN,0,0.999986952768426,1,0,0.00023052608593029968,0.36173649667563035,REQUEST_SENSOR
GCN_GRU,high,W000585,C0070,CLEAN,0,0.9999937593669124,1,0,0.00011690307566596129,0.3567164743297683,REQUEST_SENSOR
GCN_GRU,high,W000586,C0070,LEAK,0,0.2623701123973827,0,1,0.8303018848120836,0.12209666411221148,PROCEED
GCN_GRU,high,W000591,C0070,LEAK,1,0.12538673136901313,0,0,0.5446491499001336,0.1726446106650808,PROCEED
GCN_GRU,high,W000596,C0070,LEAK,1,0.6151711816391913,1,1,0.9613811893243671,0.16026148073985858,PROCEED
GCN_GRU,high,W000601,C0070,LEAK,1,0.8169585480494891,1,1,0.6866855966128204,0.17458396312831037,PROCEED
GCN_GRU,high,W000606,C0070,LEAK,1,0.6675617369849103,1,1,0.9173981619831588,0.16577669643899212,PROCEED
GCN_GRU,high,W000611,C0070,LEAK,1,0.39510065914309295,1,1,0.968012418786526,0.1938789932568309,VERIFY
GCN_GRU,high,W000616,C0070,LEAK,0,0.9999671488859978,1,0,0.0005366679376120467,0.37277513345417523,REQUEST_SENSOR
GCN_GRU,high,W000621,C0070,LEAK,0,0.9999773300690938,1,0,0.00038247662722574647,0.37388399151094104,REQUEST_SENSOR
GCN_GRU,high,W000626,C0070,LEAK,0,0.9999443546998478,1,0,0.000866733172442157,0.43242526078061905,REQUEST_SENSOR
GCN_GRU,high,W000630,C0070,LEAK,0,0.9999937574680968,1,0,0.00011693590551787912,0.41098184034570207,REQUEST_SENSOR
MLP,high,W000631,C0076,CLEAN,0,3.894253573456868e-09,0,1,1.1440811162119359e-07,0.11346375814430679,REQUEST_SENSOR
MLP,high,W000636,C0076,CLEAN,0,0.8099548463902492,1,0,0.7015659081798699,0.03306459149019532,PROCEED
MLP,high,W000641,C0076,CLEAN,0,0.9999171275244397,1,0,0.0012432017224128689,0.06290087112423404,PROCEED
MLP,high,W000646,C0076,CLEAN,0,0.9989909659868678,1,0,0.011497716969651118,0.04836454421984444,PROCEED
MLP,high,W000651,C0076,CLEAN,0,0.974861733115249,1,0,0.1693911628443447,0.0556439785539,PROCEED
MLP,high,W000656,C0076,CLEAN,0,0.9988329413673002,1,0,0.013053270828855178,0.07387391464021933,PROCEED
MLP,high,W000661,C0076,CLEAN,0,0.058926319521873015,0,1,0.32316798174745687,0.04494975109146503,PROCEED
MLP,high,W000666,C0076,CLEAN,0,0.0031443512211489556,0,1,0.03066826109897803,0.0722426081129568,PROCEED
MLP,high,W000671,C0076,CLEAN,0,0.0010589966505316238,0,1,0.011993155202441761,0.05959360057911911,PROCEED
MLP,high,W000675,C0076,CLEAN,0,3.518741772670071e-06,0,1,6.882377910473432e-05,0.03469235199560805,PROCEED
MLP,high,W000676,C0076,LEAK,0,3.894246145764752e-09,0,1,1.1440790410554748e-07,0.1134637367077394,REQUEST_SENSOR
MLP,high,W000681,C0076,LEAK,0,0.8099549381384659,1,0,0.7015657162885043,0.03306460342711628,PROCEED
MLP,high,W000686,C0076,LEAK,0,0.9999171281566518,1,0,0.0012431931504813132,0.06290088618128788,PROCEED
MLP,high,W000691,C0076,LEAK,0,0.9989909890582565,1,0,0.01149748737773682,0.04836455308642737,PROCEED
MLP,high,W000696,C0076,LEAK,1,1.0,1,1,4.1304950338020633e-11,0.06034879975285537,PROCEED
MLP,high,W000701,C0076,LEAK,1,1.0,1,1,4.1304950338020633e-11,0.03983191686214412,PROCEED
MLP,high,W000706,C0076,LEAK,1,1.0,1,1,4.1304950338020633e-11,0.09032592186242647,PROCEED
MLP,high,W000711,C0076,LEAK,1,1.0,1,1,4.1304950338020633e-11,0.08272652433655488,PROCEED
MLP,high,W000716,C0076,LEAK,0,9.024403599115871e-06,0,1,0.0001642479854734682,0.10707927615753679,REQUEST_SENSOR
MLP,high,W000720,C0076,LEAK,0,0.0019651869701169146,0,1,0.020501605217014426,0.10278899079136122,REQUEST_SENSOR
GCN_GRU,high,W000631,C0076,CLEAN,0,0.055531980410511744,0,1,0.3094470589789785,0.18450767535711,PROCEED
GCN_GRU,high,W000636,C0076,CLEAN,0,0.06414868448811274,0,1,0.3436981043136407,0.1614597886924997,PROCEED
GCN_GRU,high,W000641,C0076,CLEAN,0,0.9946713644695057,1,0,0.047909029491246605,0.39473116514992956,REQUEST_SENSOR
GCN_GRU,high,W000646,C0076,CLEAN,0,0.9998027218850554,1,0,0.002712580824538294,0.46457344177091153,REQUEST_SENSOR
GCN_GRU,high,W000651,C0076,CLEAN,0,0.9997954242419711,1,0,0.0028022019444352785,0.4989294228818625,REQUEST_SENSOR
GCN_GRU,high,W000656,C0076,CLEAN,0,0.9998674630301464,1,0,0.0018984485516288624,0.5334784069517682,REQUEST_SENSOR
GCN_GRU,high,W000661,C0076,CLEAN,0,0.9997132356072945,1,0,0.0037882535924697027,0.37297628196560917,REQUEST_SENSOR
GCN_GRU,high,W000666,C0076,CLEAN,0,0.9990310012053469,1,0,0.011098149920027256,0.3178405033093243,REQUEST_SENSOR
GCN_GRU,high,W000671,C0076,CLEAN,0,0.8982142175332571,1,0,0.47463096420950235,0.1950350700840009,PROCEED
GCN_GRU,high,W000675,C0076,CLEAN,0,0.4294139033495755,1,0,0.9855757043899415,0.18114501923955012,VERIFY
GCN_GRU,high,W000676,C0076,LEAK,0,0.05553203042901473,0,1,0.3094472634601461,0.18450765087314508,PROCEED
GCN_GRU,high,W000681,C0076,LEAK,0,0.06414864154872729,0,1,0.3436979382761288,0.16145981793785222,PROCEED
GCN_GRU,high,W000686,C0076,LEAK,0,0.99467125579227,1,0,0.04790984938439218,0.3947311482269228,REQUEST_SENSOR
GCN_GRU,high,W000691,C0076,LEAK,0,0.9998027211326462,1,0,0.0027125900845835376,0.46457340738280706,REQUEST_SENSOR
GCN_GRU,high,W000696,C0076,LEAK,1,0.9999999622588936,1,1,9.85117718559696e-07,0.15142366744346952,PROCEED
GCN_GRU,high,W000701,C0076,LEAK,1,0.9999993903742824,1,1,1.3465575924602609e-05,0.13444994296052287,PROCEED
GCN_GRU,high,W000706,C0076,LEAK,1,0.9999998195013059,1,1,4.303847535099298e-06,0.32889348665468787,REQUEST_SENSOR
GCN_GRU,high,W000711,C0076,LEAK,1,0.999999793346552,1,1,4.887142870803764e-06,0.3139080239658091,REQUEST_SENSOR
GCN_GRU,high,W000716,C0076,LEAK,0,0.26209042873314364,0,1,0.8298845026928235,0.42020041209536385,REQUEST_SENSOR
GCN_GRU,high,W000720,C0076,LEAK,0,0.1913189531800092,0,1,0.70422246820524,0.38900643594572815,REQUEST_SENSOR
MLP,high,W000721,C0090,CLEAN,0,3.365679614188055e-09,0,1,9.958759911247115e-08,0.10780879649946129,REQUEST_SENSOR
MLP,high,W000726,C0090,CLEAN,0,0.10904979812289665,0,1,0.4970431930245157,0.09452104292569598,PROCEED
MLP,high,W000731,C0090,CLEAN,0,0.021208164118190008,0,1,0.1481713417143463,0.10363899048203856,REQUEST_SENSOR
MLP,high,W000736,C0090,CLEAN,0,0.3630888825775902,0,1,0.9452173585208248,0.08212622139580847,PROCEED
MLP,high,W000741,C0090,CLEAN,0,0.5278163081353079,1,0,0.9977662850319005,0.15547169773528646,ESCALATE
MLP,high,W000746,C0090,CLEAN,0,0.2576627530341715,0,1,0.8231989140183718,0.11880391474144139,REQUEST_SENSOR
MLP,high,W000751,C0090,CLEAN,0,1.0,1,0,4.1304950338020633e-11,0.04622304378054463,PROCEED
MLP,high,W000756,C0090,CLEAN,0,1.0,1,0,4.1304950338020633e-11,0.0613099554448228,PROCEED
MLP,high,W000761,C0090,CLEAN,0,1.0,1,0,4.1304950338020633e-11,0.05697771823844608,PROCEED
MLP,high,W000765,C0090,CLEAN,0,1.0,1,0,4.1304950338020633e-11,0.05257974616060099,PROCEED
MLP,high,W000766,C0090,LEAK,0,3.3656667751637655e-09,0,1,9.958723768233936e-08,0.10780881744307691,REQUEST_SENSOR
MLP,high,W000771,C0090,LEAK,0,0.10904993710852191,0,1,0.4970436142005317,0.09452104456152863,PROCEED
MLP,high,W000776,C0090,LEAK,0,0.021208198762498423,0,1,0.1481715332387959,0.1036389876758475,REQUEST_SENSOR
MLP,high,W000781,C0090,LEAK,0,0.3630890204165289,0,1,0.945217470276345,0.08212621720216834,PROCEED
MLP,high,W000786,C0090,LEAK,0,0.5278163749829976,1,0,0.9977662742902852,0.1554716982029244,ESCALATE
MLP,high,W000791,C0090,LEAK,1,0.9999999997294968,1,1,8.987827896735663e-09,0.060619404270974224,PROCEED
MLP,high,W000796,C0090,LEAK,1,1.0,1,1,4.1304950338020633e-11,0.06884887633594604,PROCEED
MLP,high,W000801,C0090,LEAK,1,1.0,1,1,4.1304950338020633e-11,0.051523105401104115,PROCEED
MLP,high,W000806,C0090,LEAK,1,1.0,1,1,4.1304950338020633e-11,0.052642544686537215,PROCEED
MLP,high,W000810,C0090,LEAK,0,1.0,1,0,4.1304950338020633e-11,0.06250424637489727,PROCEED
GCN_GRU,high,W000721,C0090,CLEAN,0,0.3896313517609701,1,0,0.9645612347298648,0.287702926498867,ESCALATE
GCN_GRU,high,W000726,C0090,CLEAN,0,0.5661649871263593,1,0,0.9873311966759621,0.24952765794074083,VERIFY
GCN_GRU,high,W000731,C0090,CLEAN,0,0.4181607628383146,1,0,0.9805874081106799,0.16088401689585813,VERIFY
GCN_GRU,high,W000736,C0090,CLEAN,0,0.9427646800110565,1,0,0.3163709747627408,0.17024109524139644,PROCEED
GCN_GRU,high,W000741,C0090,CLEAN,0,0.6105001709861727,1,0,0.9644760119302115,0.17525586305504237,VERIFY
GCN_GRU,high,W000746,C0090,CLEAN,0,0.682829783591083,1,0,0.9012775859611933,0.16399842642699766,PROCEED
GCN_GRU,high,W000751,C0090,CLEAN,0,0.99944559962634,1,0,0.006796438089950941,0.16633654133813655,PROCEED
GCN_GRU,high,W000756,C0090,CLEAN,0,0.9989785785512947,1,0,0.011620879350638085,0.1784376048732621,PROCEED
GCN_GRU,high,W000761,C0090,CLEAN,0,0.9984058646708991,1,0,0.017112332858939597,0.13783082426301357,PROCEED
GCN_GRU,high,W000765,C0090,CLEAN,0,0.9996293933647441,1,0,0.00475868234494003,0.16845521162274651,PROCEED
GCN_GRU,high,W000766,C0090,LEAK,0,0.38963179118924646,1,0,0.9645615192903273,0.2877029566145442,ESCALATE
GCN_GRU,high,W000771,C0090,LEAK,0,0.5661638305483305,1,0,0.9873316408859445,0.2495276835710546,VERIFY
GCN_GRU,high,W000776,C0090,LEAK,0,0.41816100937147666,1,0,0.980587525599057,0.1608840119821614,VERIFY
GCN_GRU,high,W000781,C0090,LEAK,0,0.9427646671461226,1,0,0.3163710267617734,0.17024109313915053,PROCEED
GCN_GRU,high,W000786,C0090,LEAK,0,0.6105001709861727,1,0,0.9644760119302115,0.1752558674895504,VERIFY
GCN_GRU,high,W000791,C0090,LEAK,1,0.9990024946352063,1,1,0.011382895844600326,0.13434585758357448,PROCEED
GCN_GRU,high,W000796,C0090,LEAK,1,0.9999740336818547,1,1,0.0004330058906645162,0.23476305722737514,PROCEED
GCN_GRU,high,W000801,C0090,LEAK,1,0.9999670023198247,1,1,0.0005388503719996772,0.18290411187993377,PROCEED
GCN_GRU,high,W000806,C0090,LEAK,1,0.9999978599717912,1,1,4.339256499968774e-05,0.2918173997943258,REQUEST_SENSOR
GCN_GRU,high,W000810,C0090,LEAK,0,0.9999818011860193,1,0,0.0003128099129092769,0.4066754999758089,REQUEST_SENSOR
MLP,high,W000811,C0092,CLEAN,0,7.268200488374074e-08,0,1,1.8284264207875956e-06,0.10453671985417416,REQUEST_SENSOR
MLP,high,W000816,C0092,CLEAN,0,0.40377609176279045,0,1,0.9731166543289567,0.04245578893320473,VERIFY
MLP,high,W000821,C0092,CLEAN,0,0.4502081409559368,0,1,0.9928345859099765,0.04426629525532194,VERIFY
MLP,high,W000826,C0092,CLEAN,0,0.863372064947998,1,0,0.5753390883669259,0.08190718460633892,PROCEED
MLP,high,W000831,C0092,CLEAN,0,0.9951718983344015,1,0,0.04409763512379203,0.07851083167028752,PROCEED
MLP,high,W000836,C0092,CLEAN,0,0.9981937807368398,1,0,0.019063204027973586,0.07028723873845663,PROCEED
MLP,high,W000841,C0092,CLEAN,0,0.1909228218463284,0,1,0.703397945040792,0.046418803253172956,PROCEED
MLP,high,W000846,C0092,CLEAN,0,0.09507028446636982,0,1,0.4531710660971922,0.07333125802099624,PROCEED
MLP,high,W000851,C0092,CLEAN,0,0.04121584546618761,0,1,0.24783929093015647,0.07689973092124625,PROCEED
MLP,high,W000855,C0092,CLEAN,0,4.025913352737606e-05,0,1,0.0006458768907497229,0.02227773044749453,PROCEED
MLP,high,W000856,C0092,LEAK,0,7.268186625396038e-08,0,1,1.8284231334515368e-06,0.10453672144997192,REQUEST_SENSOR
MLP,high,W000861,C0092,LEAK,0,0.40377571868158235,0,1,0.973116444545447,0.04245579119640713,VERIFY
MLP,high,W000866,C0092,LEAK,0,0.4502077131077327,0,1,0.9928344625636296,0.04426629673009666,VERIFY
MLP,high,W000871,C0092,LEAK,0,0.8633717274592559,1,0,0.5753399859951362,0.08190718360212981,PROCEED
MLP,high,W000876,C0092,LEAK,1,1.0,1,1,4.1304950338020633e-11,0.11380321601488438,REQUEST_SENSOR
MLP,high,W000881,C0092,LEAK,1,0.9999999999991169,1,1,4.1304950338020633e-11,0.07687567202422085,PROCEED
MLP,high,W000886,C0092,LEAK,1,0.9999992394330797,1,1,1.6556869487022832e-05,0.09309725682322723,PROCEED
MLP,high,W000891,C0092,LEAK,1,0.9971813303259852,1,1,0.027937046481794424,0.10622582251571636,REQUEST_SENSOR
MLP,high,W000896,C0092,LEAK,0,1.263023177642598e-05,0,1,0.0002237501800396826,0.10484036924179449,REQUEST_SENSOR
MLP,high,W000900,C0092,LEAK,0,1.6625065521387182e-05,0,1,0.00028792890288928077,0.09781695791101239,PROCEED
GCN_GRU,high,W000811,C0092,CLEAN,0,0.46150752849280985,1,0,0.9957205700326661,0.3102328207857483,ESCALATE
GCN_GRU,high,W000816,C0092,CLEAN,0,0.31820888643758893,0,1,0.9024230428716103,0.15297185308737737,PROCEED
GCN_GRU,high,W000821,C0092,CLEAN,0,0.999755896163343,1,0,0.0032814235186476868,0.4768315358902638,REQUEST_SENSOR
GCN_GRU,high,W000826,C0092,CLEAN,0,0.9999020226896471,1,0,0.0014461271856225058,0.5454658681764326,REQUEST_SENSOR
GCN_GRU,high,W000831,C0092,CLEAN,0,0.9999082384610248,1,0,0.0013630607448840565,0.5505138338578943,REQUEST_SENSOR
GCN_GRU,high,W000836,C0092,CLEAN,0,0.9999746253772044,1,0,0.00042398281725762013,0.5539458064710651,REQUEST_SENSOR
GCN_GRU,high,W000841,C0092,CLEAN,0,0.999233373408396,1,0,0.009039547307622204,0.4359703228286117,REQUEST_SENSOR
GCN_GRU,high,W000846,C0092,CLEAN,0,0.5594446596339795,1,0,0.9897798342939464,0.3944248118404048,ESCALATE
GCN_GRU,high,W000851,C0092,CLEAN,0,0.13366005942914252,0,1,0.5673911447598831,0.2174854406655406,PROCEED
GCN_GRU,high,W000855,C0092,CLEAN,0,0.21989336066329895,0,1,0.7599727348590072,0.10442856678445675,PROCEED
GCN_GRU,high,W000856,C0092,LEAK,0,0.46150764699558605,1,0,0.9957205964080242,0.3102327987025003,ESCALATE
GCN_GRU,high,W000861,C0092,LEAK,0,0.3182089640256721,0,1,0.9024231281684894,0.1529718730985714,PROCEED
GCN_GRU,high,W000866,C0092,LEAK,0,0.9997558956978654,1,0,0.0032814291043161753,0.4768314547341731,REQUEST_SENSOR
GCN_GRU,high,W000871,C0092,LEAK,0,0.9999020225027884,1,0,0.0014461296740298415,0.5454658394085838,REQUEST_SENSOR
GCN_GRU,high,W000876,C0092,LEAK,1,0.9999996302992863,1,1,8.432811765119208e-06,0.21982619038206458,PROCEED
GCN_GRU,high,W000881,C0092,LEAK,1,0.9999939930578756,1,1,0.0001128561971334235,0.21321209823534987,PROCEED
GCN_GRU,high,W000886,C0092,LEAK,1,0.9999961151884499,1,1,7.542911788394269e-05,0.16923217711248223,PROCEED
GCN_GRU,high,W000891,C0092,LEAK,1,0.9999921512012294,1,1,0.00014443191593524493,0.1706822831727558,PROCEED
GCN_GRU,high,W000896,C0092,LEAK,0,0.1442277732170041,0,1,0.5952047690103575,0.29661318831051475,REQUEST_SENSOR
GCN_GRU,high,W000900,C0092,LEAK,0,0.9996144024132261,1,0,0.0049291067582719955,0.412750399338371,REQUEST_SENSOR
MLP,high,W000901,C0093,CLEAN,0,3.6311037359934962e-09,0,1,1.0704363003756788e-07,0.1216466777665498,REQUEST_SENSOR
MLP,high,W000906,C0093,CLEAN,0,0.9990025996429531,1,0,0.011381849124861848,0.04311146327114733,PROCEED
MLP,high,W000911,C0093,CLEAN,0,0.9999941231857515,1,0,0.00011059709004784071,0.05168973380591405,PROCEED
MLP,high,W000916,C0093,CLEAN,0,0.9999999182188999,1,0,2.043411376558505e-06,0.06780236511966611,PROCEED
MLP,high,W000921,C0093,CLEAN,0,0.999999111338835,1,0,1.914581167475464e-05,0.07027168195076519,PROCEED
MLP,high,W000926,C0093,CLEAN,0,0.9999999007378725,1,0,2.452457110979166e-06,0.07978243267933498,PROCEED
MLP,high,W000931,C0093,CLEAN,0,0.426123990418092,0,1,0.9841947055267596,0.06892684568958321,VERIFY
MLP,high,W000936,C0093,CLEAN,0,0.04145384980523438,0,1,0.24891878305483928,0.06266529747243166,PROCEED
MLP,high,W000941,C0093,CLEAN,0,0.00020491583263236823,0,1,0.0028063690769186064,0.06384211575536924,PROCEED
MLP,high,W000945,C0093,CLEAN,0,1.6750347228723e-06,0,1,3.455608592956792e-05,0.08607626322682815,PROCEED
MLP,high,W000946,C0093,LEAK,0,3.6311037359934962e-09,0,1,1.0704363003756788e-07,0.12164666734459394,REQUEST_SENSOR
MLP,high,W000951,C0093,LEAK,0,0.9990025996429531,1,0,0.011381849124861848,0.04311146178959216,PROCEED
MLP,high,W000956,C0093,LEAK,0,0.9999941231857515,1,0,0.00011059709004784071,0.05168973624786538,PROCEED
MLP,high,W000961,C0093,LEAK,1,0.9999998617251822,1,1,3.3502126022425656e-06,0.08433244256113767,PROCEED
MLP,high,W000966,C0093,LEAK,1,0.9999999995177271,1,1,1.5621844299121588e-08,0.1429081107876492,REQUEST_SENSOR
MLP,high,W000971,C0093,LEAK,1,0.9999999996307141,1,1,1.2104172866262389e-08,0.1261898818142311,REQUEST_SENSOR
MLP,high,W000976,C0093,LEAK,1,0.99650443676633,1,1,0.03355890990250412,0.06227160732402998,PROCEED
MLP,high,W000981,C0093,LEAK,1,0.007103961666963363,0,0,0.06091447455275422,0.0798535593005503,PROCEED
MLP,high,W000986,C0093,LEAK,0,1.6258703086513074e-05,0,1,0.0002821065718071426,0.05695607046997403,PROCEED
MLP,high,W000990,C0093,LEAK,0,3.879258277054409e-06,0,1,7.532929918900969e-05,0.061146254958195166,PROCEED
GCN_GRU,high,W000901,C0093,CLEAN,0,0.9998509646830837,1,0,0.0021095421020790295,0.45983356050462054,REQUEST_SENSOR
GCN_GRU,high,W000906,C0093,CLEAN,0,0.9870718013562906,1,0,0.09963328030498578,0.2954893283250998,REQUEST_SENSOR
GCN_GRU,high,W000911,C0093,CLEAN,0,0.9587230025942297,1,0,0.2481168485355142,0.2822534388373561,REQUEST_SENSOR
GCN_GRU,high,W000916,C0093,CLEAN,0,0.9993414908709396,1,0,0.00790917460175816,0.33658700859377566,REQUEST_SENSOR
GCN_GRU,high,W000921,C0093,CLEAN,0,0.9996448934770792,1,0,0.004581548625619272,0.327518260425523,REQUEST_SENSOR
GCN_GRU,high,W000926,C0093,CLEAN,0,0.9997871504088034,1,0,0.0029033577253438016,0.2671092820257909,PROCEED
GCN_GRU,high,W000931,C0093,CLEAN,0,0.430780549843256,1,0,0.9861306356353812,0.20462111900751268,VERIFY
GCN_GRU,high,W000936,C0093,CLEAN,0,0.19308154900866947,0,1,0.7078734955375902,0.1090043218344101,PROCEED
GCN_GRU,high,W000941,C0093,CLEAN,0,0.10346288045055593,0,1,0.4798775222199818,0.07787513173351993,PROCEED
GCN_GRU,high,W000945,C0093,CLEAN,0,0.9531407115933976,1,0,0.2729025748808108,0.3793696590426857,REQUEST_SENSOR
GCN_GRU,high,W000946,C0093,LEAK,0,0.9998509641146428,1,0,0.0021095493280083645,0.4598335337525479,REQUEST_SENSOR
GCN_GRU,high,W000951,C0093,LEAK,0,0.9870717891863894,1,0,0.09963335642237726,0.2954893511982346,REQUEST_SENSOR
GCN_GRU,high,W000956,C0093,LEAK,0,0.9587230025942297,1,0,0.2481168485355142,0.2822534343265788,REQUEST_SENSOR
GCN_GRU,high,W000961,C0093,LEAK,1,0.9999982268127312,1,1,3.6435305572569424e-05,0.5071969869615969,REQUEST_SENSOR
GCN_GRU,high,W000966,C0093,LEAK,1,0.9999999610568517,1,1,1.014731888283174e-06,0.5962904380825784,REQUEST_SENSOR
GCN_GRU,high,W000971,C0093,LEAK,1,0.9999998812028693,1,1,2.904315617393724e-06,0.5903750370375876,REQUEST_SENSOR
GCN_GRU,high,W000976,C0093,LEAK,1,0.9999941037001822,1,1,0.00011093563499329469,0.47565122330539833,REQUEST_SENSOR
GCN_GRU,high,W000981,C0093,LEAK,1,0.999999238915016,1,1,1.656739961313907e-05,0.4367582109972882,REQUEST_SENSOR
GCN_GRU,high,W000986,C0093,LEAK,0,0.06421649052854206,0,1,0.3439602406542766,0.11795406930206538,PROCEED
GCN_GRU,high,W000990,C0093,LEAK,0,0.10777741952834745,0,1,0.4931753696366116,0.17417324505647025,PROCEED
MLP,high,W000991,C0097,CLEAN,0,7.825911600984019e-07,0,1,1.7004087765914916e-05,0.11299107928157343,REQUEST_SENSOR
MLP,high,W000996,C0097,CLEAN,0,0.27499921019335405,0,1,0.8485470737087666,0.08063014101476906,PROCEED
MLP,high,W001001,C0097,CLEAN,0,0.8310493539677508,1,0,0.6552986625396912,0.05985312097659016,PROCEED
MLP,high,W001006,C0097,CLEAN,0,0.9862376174797276,1,0,0.10481220876468256,0.06058059880329762,PROCEED
MLP,high,W001011,C0097,CLEAN,0,0.9982050277018708,1,0,0.018960691178213196,0.04946265276210168,PROCEED
MLP,high,W001016,C0097,CLEAN,0,0.767596381656755,1,0,0.7821778753855064,0.07308431480776224,PROCEED
MLP,high,W001021,C0097,CLEAN,0,0.01389459550534931,0,1,0.10562612890839104,0.0707625942284963,PROCEED
MLP,high,W001026,C0097,CLEAN,0,0.006603799071727578,0,1,0.05732367653606495,0.06741913431180986,PROCEED
MLP,high,W001031,C0097,CLEAN,0,0.0010993262716649016,0,1,0.012390579411755724,0.052964274143279144,PROCEED
MLP,high,W001035,C0097,CLEAN,0,0.000353193043889613,0,1,0.004559614715032456,0.07923520977961002,PROCEED
MLP,high,W001036,C0097,LEAK,0,7.825881747580739e-07,0,1,1.7004027207500208e-05,0.11299110127182158,REQUEST_SENSOR
MLP,high,W001041,C0097,LEAK,1,1.0,1,1,4.1304950338020633e-11,0.030042212477012737,PROCEED
MLP,high,W001046,C0097,LEAK,1,0.9999999999999933,1,1,4.1304950338020633e-11,0.06250827811760479,PROCEED
MLP,high,W001051,C0097,LEAK,1,0.9999999999925002,1,1,2.879838788728482e-10,0.07549687606519355,PROCEED
MLP,high,W001056,C0097,LEAK,1,0.9999925974156014,1,1,0.00013684587213361483,0.09133630189838308,PROCEED
MLP,high,W001061,C0097,LEAK,0,0.0021665938026468926,0,1,0.022297471150712622,0.10945138914917814,REQUEST_SENSOR
MLP,high,W001066,C0097,LEAK,0,0.0002763575494794682,0,1,0.0036655158987293464,0.11048179299830121,REQUEST_SENSOR
MLP,high,W001071,C0097,LEAK,0,0.003067800451043318,0,1,0.03003088104168169,0.09652084897625238,PROCEED
MLP,high,W001076,C0097,LEAK,0,0.028108982800703845,0,1,0.18481799379421382,0.09660816548693572,PROCEED
MLP,high,W001080,C0097,LEAK,0,0.008691542981418148,0,1,0.07198839261180849,0.11566688224441807,REQUEST_SENSOR
GCN_GRU,high,W000991,C0097,CLEAN,0,0.9049819252565958,1,0,0.4530013230365657,0.30078236086430205,REQUEST_SENSOR
GCN_GRU,high,W000996,C0097,CLEAN,0,0.9555650451757514,1,0,0.2622692145132567,0.3046400458217536,REQUEST_SENSOR
GCN_GRU,high,W001001,C0097,CLEAN,0,0.16196813693170697,0,1,0.6389972414131431,0.1670305380308555,PROCEED
GCN_GRU,high,W001006,C0097,CLEAN,0,0.22481342542973282,0,1,0.7688597853311417,0.19407767666077386,PROCEED
GCN_GRU,high,W001011,C0097,CLEAN,0,0.3328665802366938,0,1,0.9178283736101891,0.1794506536370699,PROCEED
GCN_GRU,high,W001016,C0097,CLEAN,0,0.44351277097907643,1,0,0.9907735917483094,0.22719624340988218,VERIFY
GCN_GRU,high,W001021,C0097,CLEAN,0,0.32752132920308796,0,1,0.9123738570142275,0.17790248494006738,PROCEED
GCN_GRU,high,W001026,C0097,CLEAN,0,0.08290486367238871,0,1,0.41233285248043017,0.13220834332752882,PROCEED
GCN_GRU,high,W001031,C0097,CLEAN,0,0.06667488144468217,0,1,0.35339061081463086,0.1315219076761905,PROCEED
GCN_GRU,high,W001035,C0097,CLEAN,0,0.12255942328911264,0,1,0.5366733731882777,0.1354873905776888,PROCEED
GCN_GRU,high,W001036,C0097,LEAK,0,0.9049826428076452,1,0,0.45299898983242076,0.3007823459807433,REQUEST_SENSOR
GCN_GRU,high,W001041,C0097,LEAK,1,0.9992473765591194,1,1,0.00889445577494889,0.196865766986701,PROCEED
GCN_GRU,high,W001046,C0097,LEAK,1,0.9959009176301871,1,1,0.03840929308265912,0.1994325218531492,PROCEED
GCN_GRU,high,W001051,C0097,LEAK,1,0.9727352805704583,1,1,0.18048337341894813,0.28170671152535387,REQUEST_SENSOR
GCN_GRU,high,W001056,C0097,LEAK,1,0.993654160519719,1,1,0.055450459569174784,0.3316986670396611,REQUEST_SENSOR
GCN_GRU,high,W001061,C0097,LEAK,0,0.9975442576275392,1,0,0.02482889919711766,0.4117408031867261,REQUEST_SENSOR
GCN_GRU,high,W001066,C0097,LEAK,0,0.9927464611886327,1,0,0.061978219874002406,0.3726525575054914,REQUEST_SENSOR
GCN_GRU,high,W001071,C0097,LEAK,0,0.37171570802016135,0,1,0.9519803552722234,0.3153001252883214,REQUEST_SENSOR
GCN_GRU,high,W001076,C0097,LEAK,0,0.1587607849569833,0,1,0.631336699492787,0.2314527523208491,PROCEED
GCN_GRU,high,W001080,C0097,LEAK,0,0.22432194135662806,0,1,0.7679810851403569,0.25037116900750356,PROCEED
MLP,high,W001081,C0099,CLEAN,0,2.5997342712691195e-09,0,1,7.7892416071821e-08,0.12626880873917853,REQUEST_SENSOR
MLP,high,W001086,C0099,CLEAN,0,0.2041796446802689,0,1,0.73020903156915,0.09381117590826206,PROCEED
MLP,high,W001091,C0099,CLEAN,0,0.05297235883034788,0,1,0.29889159881775473,0.051513404773050664,PROCEED
MLP,high,W001096,C0099,CLEAN,0,0.9999977723533295,1,0,4.504021236150643e-05,0.03638781293399114,PROCEED
MLP,high,W001101,C0099,CLEAN,0,0.9998804251408435,1,0,0.0017305360370448216,0.05558626045772604,PROCEED
MLP,high,W001106,C0099,CLEAN,0,0.9999996744321261,1,0,7.485858022086302e-06,0.05712003406910135,PROCEED
MLP,high,W001111,C0099,CLEAN,0,1.0,1,0,4.1304950338020633e-11,0.05324329217098943,PROCEED
MLP,high,W001116,C0099,CLEAN,0,1.0,1,0,4.1304950338020633e-11,0.06120898221946851,PROCEED
MLP,high,W001121,C0099,CLEAN,0,1.0,1,0,4.1304950338020633e-11,0.05941543226473353,PROCEED
MLP,high,W001125,C0099,CLEAN,0,1.0,1,0,4.1304950338020633e-11,0.05243660047377213,PROCEED
MLP,high,W001126,C0099,LEAK,0,2.599729312674253e-09,0,1,7.78922746037339e-08,0.12626881153390895,REQUEST_SENSOR
MLP,high,W001131,C0099,LEAK,0,0.20417960593956103,0,1,0.7302089555364849,0.0938111763825928,PROCEED
MLP,high,W001136,C0099,LEAK,1,0.05819910758383754,0,0,0.32025417446950477,0.04685753792234588,PROCEED
MLP,high,W001141,C0099,LEAK,1,0.9999920287952025,1,1,0.0001465064402464206,0.037633074750960234,PROCEED
MLP,high,W001146,C0099,LEAK,1,0.9995279793673376,1,1,0.005896112128791542,0.05313442751835391,PROCEED
MLP,high,W001151,C0099,LEAK,0,0.9999964759555511,1,0,6.891983929808274e-05,0.05521732872593161,PROCEED
MLP,high,W001156,C0099,LEAK,0,1.0,1,0,4.1304950338020633e-11,0.052463251030033936,PROCEED
MLP,high,W001161,C0099,LEAK,0,1.0,1,0,4.1304950338020633e-11,0.058838743590128306,PROCEED
MLP,high,W001166,C0099,LEAK,0,1.0,1,0,4.1304950338020633e-11,0.058973120111001566,PROCEED
MLP,high,W001170,C0099,LEAK,0,0.9999999999999998,1,0,4.1304950338020633e-11,0.05274265334632295,PROCEED
GCN_GRU,high,W001081,C0099,CLEAN,0,0.9992612494422116,1,0,0.0087503430612697,0.3685194008397611,REQUEST_SENSOR
GCN_GRU,high,W001086,C0099,CLEAN,0,0.5402434269389111,1,0,0.9953219558662086,0.35358418834065797,ESCALATE
GCN_GRU,high,W001091,C0099,CLEAN,0,0.9999425680596549,1,0,0.0008919433485236495,0.4749297745370058,REQUEST_SENSOR
GCN_GRU,high,W001096,C0099,CLEAN,0,0.9999724527523434,1,0,0.0004570200631020507,0.4929083184541782,REQUEST_SENSOR
GCN_GRU,high,W001101,C0099,CLEAN,0,0.999982983464328,1,0,0.0002941373855328446,0.5332270853693782,REQUEST_SENSOR
GCN_GRU,high,W001106,C0099,CLEAN,0,0.9999938602887191,1,0,0.00011515696733119517,0.5434610901455896,REQUEST_SENSOR
GCN_GRU,high,W001111,C0099,CLEAN,0,0.9999908209572296,1,0,0.00016683748536842539,0.43923882902864986,REQUEST_SENSOR
GCN_GRU,high,W001116,C0099,CLEAN,0,0.9999865157915011,1,0,0.00023760597889299149,0.427919510923751,REQUEST_SENSOR
GCN_GRU,high,W001121,C0099,CLEAN,0,0.9998620419540062,1,0,0.0019681202862784153,0.37925558356430256,REQUEST_SENSOR
GCN_GRU,high,W001125,C0099,CLEAN,0,0.9965149715113,1,0,0.033472973865987195,0.19769723116657895,PROCEED
GCN_GRU,high,W001126,C0099,LEAK,0,0.999261249794215,1,0,0.008750339399885213,0.36851940076976575,REQUEST_SENSOR
GCN_GRU,high,W001131,C0099,LEAK,0,0.5402433010995579,1,0,0.9953219851539397,0.3535841887330691,ESCALATE
GCN_GRU,high,W001136,C0099,LEAK,1,0.9999382812216455,1,1,0.0009521097636167435,0.4722578162200626,REQUEST_SENSOR
GCN_GRU,high,W001141,C0099,LEAK,1,0.9999692025006933,1,1,0.0005059875175562897,0.49462950415311857,REQUEST_SENSOR
GCN_GRU,high,W001146,C0099,LEAK,1,0.9999790136614246,1,1,0.00035640825751311284,0.5180436231673645,REQUEST_SENSOR
GCN_GRU,high,W001151,C0099,LEAK,0,0.9999923356780777,1,0,0.000141300204795425,0.5460328011377813,REQUEST_SENSOR
GCN_GRU,high,W001156,C0099,LEAK,0,0.9999894887174973,1,0,0.0001889969506725017,0.4515515947860368,REQUEST_SENSOR
GCN_GRU,high,W001161,C0099,LEAK,0,0.9999845840349275,1,0,0.00026866788515240585,0.43660772072532605,REQUEST_SENSOR
GCN_GRU,high,W001166,C0099,LEAK,0,0.9998410274740411,1,0,0.002235394603370328,0.37810414119456426,REQUEST_SENSOR
GCN_GRU,high,W001170,C0099,LEAK,0,0.99658908244036,1,0,0.03286711104754688,0.19612934386426398,PROCEED
MLP,high,W001171,C0102,CLEAN,0,9.693517075923206e-08,0,1,2.3982827067519473e-06,0.1205309850280295,REQUEST_SENSOR
MLP,high,W001176,C0102,CLEAN,0,0.9900473279955132,1,0,0.08047921827050578,0.03289620314867755,PROCEED
MLP,high,W001181,C0102,CLEAN,0,0.9886160632563152,1,0,0.08983415754345132,0.0447597918425276,PROCEED
MLP,high,W001186,C0102,CLEAN,0,0.996402480212319,1,0,0.03438825463702588,0.04991002556838779,PROCEED
MLP,high,W001191,C0102,CLEAN,0,0.9938600167184812,1,0,0.053944704679654475,0.08446283606152191,PROCEED
MLP,high,W001196,C0102,CLEAN,0,0.9915761917364693,1,0,0.07015274317734964,0.07354766855655863,PROCEED
MLP,high,W001201,C0102,CLEAN,0,0.050035381592073325,0,1,0.28654723654760933,0.08142265395217767,PROCEED
MLP,high,W001206,C0102,CLEAN,0,0.016010468947368465,0,1,0.11841221825942136,0.07011562568077323,PROCEED
MLP,high,W001211,C0102,CLEAN,0,0.003876467964397834,0,1,0.03663625328280889,0.07817857794055036,PROCEED
MLP,high,W001215,C0102,CLEAN,0,0.0037753399287596833,0,1,0.03582475182267852,0.05919121041994799,PROCEED
MLP,high,W001216,C0102,LEAK,0,9.693535564855587e-08,0,1,2.398287014324276e-06,0.12053099417045,REQUEST_SENSOR
MLP,high,W001221,C0102,LEAK,0,0.9900472998040513,1,0,0.08047940535659462,0.032896191881088235,PROCEED
MLP,high,W001226,C0102,LEAK,0,0.988616143753366,1,0,0.089833639114749,0.044759760933952814,PROCEED
MLP,high,W001231,C0102,LEAK,1,0.9999999701384044,1,1,7.895354681076928e-07,0.03626499901035349,PROCEED
MLP,high,W001236,C0102,LEAK,1,0.9999999999170985,1,1,2.895955912792665e-09,0.04171102699209638,PROCEED
MLP,high,W001241,C0102,LEAK,1,0.9999999999464975,1,1,1.902780061260906e-09,0.041687361767505884,PROCEED
MLP,high,W001246,C0102,LEAK,1,0.9927963461405618,1,1,0.06162395664578629,0.05385809183750436,PROCEED
MLP,high,W001251,C0102,LEAK,1,0.0013983725533840215,0,0,0.015275432142932017,0.0655653289932815,PROCEED
MLP,high,W001256,C0102,LEAK,0,7.249306675661628e-05,0,1,0.0011014915676846033,0.06627860845839365,PROCEED
MLP,high,W001260,C0102,LEAK,0,0.001068790815963413,0,1,0.012089871603070792,0.06332386284496597,PROCEED
GCN_GRU,high,W001171,C0102,CLEAN,0,0.9992166157078874,1,0,0.009212694832350385,0.36413250292161925,REQUEST_SENSOR
GCN_GRU,high,W001176,C0102,CLEAN,0,0.7209686232315276,1,0,0.8541276340597098,0.3311391793866816,REQUEST_SENSOR
GCN_GRU,high,W001181,C0102,CLEAN,0,0.32377549883621665,0,1,0.9084400164450342,0.2021166219679702,PROCEED
GCN_GRU,high,W001186,C0102,CLEAN,0,0.5071532501973612,1,0,0.9998523524715259,0.29857777699571286,ESCALATE
GCN_GRU,high,W001191,C0102,CLEAN,0,0.32096081613831684,0,1,0.9054232508745835,0.25117112130758856,PROCEED
GCN_GRU,high,W001196,C0102,CLEAN,0,0.5137774220072623,1,0,0.9994522335509454,0.1678837278217704,VERIFY
GCN_GRU,high,W001201,C0102,CLEAN,0,0.20682185876646308,0,1,0.7353637572989287,0.08306560971877278,PROCEED
GCN_GRU,high,W001206,C0102,CLEAN,0,0.09576794870099087,0,1,0.455434918482001,0.09106622199492943,PROCEED
GCN_GRU,high,W001211,C0102,CLEAN,0,0.049404405403951246,0,1,0.28386150699069146,0.061416040724303865,PROCEED
GCN_GRU,high,W001215,C0102,CLEAN,0,0.9962926925279387,1,0,0.03527662468336478,0.2112578390433335,PROCEED
GCN_GRU,high,W001216,C0102,LEAK,0,0.9992166160811417,1,0,0.009212690981538296,0.3641325360968779,REQUEST_SENSOR
GCN_GRU,high,W001221,C0102,LEAK,0,0.720969486570995,1,0,0.8541264517057684,0.3311390775808378,REQUEST_SENSOR
GCN_GRU,high,W001226,C0102,LEAK,0,0.323776242694328,0,1,0.9084408067987575,0.20211676799748038,PROCEED
GCN_GRU,high,W001231,C0102,LEAK,1,0.7171444992312768,1,1,0.859312515177333,0.2021901843056873,PROCEED
GCN_GRU,high,W001236,C0102,LEAK,1,0.9986286549603686,1,1,0.015018831062878681,0.12469043835942711,PROCEED
GCN_GRU,high,W001241,C0102,LEAK,1,0.9994131481990997,1,1,0.007146087214947538,0.12217811855476636,PROCEED
GCN_GRU,high,W001246,C0102,LEAK,1,0.19042090798752864,0,0,0.7023511368513318,0.10494099854900671,PROCEED
GCN_GRU,high,W001251,C0102,LEAK,1,0.2015797021930906,0,0,0.7250762708123006,0.1786042262051025,PROCEED
GCN_GRU,high,W001256,C0102,LEAK,0,0.0696599931104711,0,1,0.3646535289748992,0.11335993231793477,PROCEED
GCN_GRU,high,W001260,C0102,LEAK,0,0.29649907014791443,0,1,0.8769691938366478,0.27141927086664674,PROCEED
MLP,high,W001261,C0113,CLEAN,0,1.018013741965765e-10,0,1,3.5260146445067003e-09,0.0742497135824543,PROCEED
MLP,high,W001266,C0113,CLEAN,0,0.15191830554755936,0,1,0.6146201181282261,0.08513402234477992,PROCEED
MLP,high,W001271,C0113,CLEAN,0,0.8342212363390387,1,0,0.6479566743125863,0.03598585120821618,PROCEED
MLP,high,W001276,C0113,CLEAN,0,0.9423075558653663,1,0,0.31821584751108684,0.03327166611618154,PROCEED
MLP,high,W001281,C0113,CLEAN,0,0.9960428959750026,1,0,0.03728057392163208,0.05846000172458536,PROCEED
MLP,high,W001286,C0113,CLEAN,0,0.9509590740980163,1,0,0.2823088257551616,0.08167788068119453,PROCEED
MLP,high,W001291,C0113,CLEAN,0,0.0014788496189574107,0,1,0.01603507277679925,0.048116214494869705,PROCEED
MLP,high,W001296,C0113,CLEAN,0,0.00017036032491502624,0,1,0.002378518920060174,0.042979888882300823,PROCEED
MLP,high,W001301,C0113,CLEAN,0,0.13486510435506335,0,1,0.5706313622855842,0.054892660179618386,PROCEED
MLP,high,W001305,C0113,CLEAN,0,0.002553853857408299,0,1,0.02567634342754546,0.050258075259325186,PROCEED
MLP,high,W001306,C0113,LEAK,0,1.018013741965765e-10,0,1,3.5260146445067003e-09,0.0742497147645077,PROCEED
MLP,high,W001311,C0113,LEAK,0,0.15191830554755936,0,1,0.6146201181282261,0.0851340215492849,PROCEED
MLP,high,W001316,C0113,LEAK,0,0.8342213022837786,1,0,0.6479565205841096,0.03598587304288558,PROCEED
MLP,high,W001321,C0113,LEAK,0,0.9423078410153692,1,0,0.3182146984285736,0.03327169177026513,PROCEED
MLP,high,W001326,C0113,LEAK,1,0.9999422168019135,1,1,0.0008968902170983155,0.05732516075054998,PROCEED
MLP,high,W001331,C0113,LEAK,1,0.9986297398367825,1,1,0.015008515206870524,0.09946727326181665,REQUEST_SENSOR
MLP,high,W001336,C0113,LEAK,1,0.0020769264823093077,0,0,0.021501443616188547,0.048811298134576714,PROCEED
MLP,high,W001341,C0113,LEAK,1,0.009510655701173255,0,0,0.07753136149366645,0.03571413793194954,PROCEED
MLP,high,W001346,C0113,LEAK,1,0.9766539495234093,1,1,0.1598363884060262,0.031208585629868335,PROCEED
MLP,high,W001350,C0113,LEAK,0,0.005163680445317166,0,1,0.046660815362259266,0.04688808307467753,PROCEED
GCN_GRU,high,W001261,C0113,CLEAN,0,0.9999859546400227,1,0,0.0002466678673971435,0.424301807760598,REQUEST_SENSOR
GCN_GRU,high,W001266,C0113,CLEAN,0,0.9998775758440702,1,0,0.0017676127106495488,0.25590970203106717,PROCEED
GCN_GRU,high,W001271,C0113,CLEAN,0,0.30266118250951685,0,1,0.8845196232083024,0.17640469642307752,PROCEED
GCN_GRU,high,W001276,C0113,CLEAN,0,0.32347407477305096,0,1,0.9081194514349737,0.2584123943798502,PROCEED
GCN_GRU,high,W001281,C0113,CLEAN,0,0.3310701445798654,0,1,0.9160159999757895,0.21950034271534363,PROCEED
GCN_GRU,high,W001286,C0113,CLEAN,0,0.4018834581847075,1,0,0.9720416902503101,0.3696494528545817,ESCALATE
GCN_GRU,high,W001291,C0113,CLEAN,0,0.9484932940893029,1,0,0.29276318251802413,0.3841843460688175,REQUEST_SENSOR
GCN_GRU,high,W001296,C0113,CLEAN,0,0.14963081103574266,0,1,0.6089156375485261,0.1544483182616171,PROCEED
GCN_GRU,high,W001301,C0113,CLEAN,0,0.072965657656468,0,1,0.37689469458413877,0.13985421150790123,PROCEED
GCN_GRU,high,W001305,C0113,CLEAN,0,0.17719937323797844,0,1,0.6739118299050819,0.24083746649197052,PROCEED
GCN_GRU,high,W001306,C0113,LEAK,0,0.9999859546132336,1,0,0.0002466682992251437,0.42430181766610875,REQUEST_SENSOR
GCN_GRU,high,W001311,C0113,LEAK,0,0.9998775757273317,1,0,0.0017676142277419649,0.2559096988777597,PROCEED
GCN_GRU,high,W001316,C0113,LEAK,0,0.3026610441295257,0,1,0.8845194565771214,0.1764046750145271,PROCEED
GCN_GRU,high,W001321,C0113,LEAK,0,0.3234736704154796,0,1,0.9081190209977689,0.25841234326056306,PROCEED
GCN_GRU,high,W001326,C0113,LEAK,1,0.319483786924588,0,0,0.903819211563003,0.15314496472980826,PROCEED
GCN_GRU,high,W001331,C0113,LEAK,1,0.352356365330191,0,0,0.9361549020603381,0.2867686075691883,REQUEST_SENSOR
GCN_GRU,high,W001336,C0113,LEAK,1,0.9996060798265923,1,1,0.005023356685274099,0.3866512431391446,REQUEST_SENSOR
GCN_GRU,high,W001341,C0113,LEAK,1,0.08261962389186961,0,0,0.41134299862266,0.13452117133018388,PROCEED
GCN_GRU,high,W001346,C0113,LEAK,1,0.07860628343818013,0,0,0.39724920395858726,0.14560318659121962,PROCEED
GCN_GRU,high,W001350,C0113,LEAK,0,0.2229836988291583,0,1,0.7655783469767744,0.24291557278338421,PROCEED
MLP,high,W001351,C0120,CLEAN,0,3.599399583034675e-05,0,1,0.00058326662321519,0.11267507397681768,REQUEST_SENSOR
MLP,high,W001356,C0120,CLEAN,0,0.01906505113246606,0,1,0.13615840207042718,0.10377446296467567,REQUEST_SENSOR
MLP,high,W001361,C0120,CLEAN,0,0.9295130127952985,1,0,0.36773836942183835,0.05525366082948172,PROCEED
MLP,high,W001366,C0120,CLEAN,0,0.9702483242772293,1,0,0.1931449912223742,0.04839329761643847,PROCEED
MLP,high,W001371,C0120,CLEAN,0,0.9998285089268334,1,0,0.002392669215703701,0.08810636795537077,PROCEED
MLP,high,W001376,C0120,CLEAN,0,0.9999755169976836,1,0,0.0004103482752504806,0.09173426240893504,PROCEED
MLP,high,W001381,C0120,CLEAN,0,0.9974648983289356,1,0,0.025514798173093774,0.03051665728203531,PROCEED
MLP,high,W001386,C0120,CLEAN,0,0.9970135286710887,1,0,0.029350684897880893,0.03317199614925477,PROCEED
MLP,high,W001391,C0120,CLEAN,0,4.4479222117868266e-05,0,1,0.0007071827972026747,0.026261752202575244,PROCEED
MLP,high,W001395,C0120,CLEAN,0,0.00039075955432693344,0,1,0.004987594134309859,0.046625955610271025,PROCEED
MLP,high,W001396,C0120,LEAK,0,3.599399583034675e-05,0,1,0.00058326662321519,0.11267507673878509,REQUEST_SENSOR
MLP,high,W001401,C0120,LEAK,1,0.017161509537439917,0,0,0.1251919065833122,0.10339726517431994,REQUEST_SENSOR
MLP,high,W001406,C0120,LEAK,1,0.9836169195979956,1,1,0.12061980070356082,0.05311755245833985,PROCEED
MLP,high,W001411,C0120,LEAK,1,0.9927052996146435,1,1,0.06227015755019141,0.053617881548531116,PROCEED
MLP,high,W001416,C0120,LEAK,1,0.9999679303845653,1,1,0.0005250150521110352,0.08054633436007247,PROCEED
MLP,high,W001421,C0120,LEAK,0,0.9999798155596666,1,0,0.00034392424051771675,0.08617798087888552,PROCEED
MLP,high,W001426,C0120,LEAK,0,0.9964574713231897,1,0,0.033941468083090606,0.02981481077796609,PROCEED
MLP,high,W001431,C0120,LEAK,0,0.9957909244816693,1,0,0.03927882106676435,0.03317727938929596,PROCEED
MLP,high,W001436,C0120,LEAK,0,5.2440011892651895e-05,0,1,0.000821296046386424,0.027655174407021588,PROCEED
MLP,high,W001440,C0120,LEAK,0,0.0004424917109275101,0,1,0.005568509392474421,0.04513322460913337,PROCEED
GCN_GRU,high,W001351,C0120,CLEAN,0,0.06732637140855811,0,1,0.3558660350642576,0.16010957931447298,PROCEED
GCN_GRU,high,W001356,C0120,CLEAN,0,0.998767569785322,1,0,0.013687473478623728,0.2966293911855137,REQUEST_SENSOR
GCN_GRU,high,W001361,C0120,CLEAN,0,0.3395147705305193,0,1,0.9243536166810329,0.23783797151987646,PROCEED
GCN_GRU,high,W001366,C0120,CLEAN,0,0.28812925148073154,0,1,0.8662924003086292,0.13135755892290468,PROCEED
GCN_GRU,high,W001371,C0120,CLEAN,0,0.7552171371553131,1,0,0.8029039513834024,0.24257888404467828,PROCEED
GCN_GRU,high,W001376,C0120,CLEAN,0,0.9892835629777601,1,0,0.08550610669640055,0.41446357294958674,REQUEST_SENSOR
GCN_GRU,high,W001381,C0120,CLEAN,0,0.9991531737210501,1,0,0.009863604151978777,0.35503748075857905,REQUEST_SENSOR
GCN_GRU,high,W001386,C0120,CLEAN,0,0.9995731747462183,1,0,0.005393557663808926,0.33335267596658025,REQUEST_SENSOR
GCN_GRU,high,W001391,C0120,CLEAN,0,0.10878073592543168,0,1,0.4962273004432718,0.13238211280463946,PROCEED
GCN_GRU,high,W001395,C0120,CLEAN,0,0.08134364679024815,0,1,0.4068960081593441,0.09490488654235871,PROCEED
GCN_GRU,high,W001396,C0120,LEAK,0,0.06732637140855811,0,1,0.3558660350642576,0.16010957097249512,PROCEED
GCN_GRU,high,W001401,C0120,LEAK,1,0.998540997923303,1,1,0.015848328980008312,0.28495605058586965,REQUEST_SENSOR
GCN_GRU,high,W001406,C0120,LEAK,1,0.3026064623060538,0,0,0.88445372130533,0.23779881479334963,PROCEED
GCN_GRU,high,W001411,C0120,LEAK,1,0.2835030187603212,0,0,0.8601801226178267,0.14340116919204837,PROCEED
GCN_GRU,high,W001416,C0120,LEAK,1,0.6584588547592549,1,1,0.9262858456353313,0.2172363030036712,PROCEED
GCN_GRU,high,W001421,C0120,LEAK,0,0.9754185733128632,1,0,0.1664433898154032,0.3995317437671313,REQUEST_SENSOR
GCN_GRU,high,W001426,C0120,LEAK,0,0.9992078432975677,1,0,0.009303127921521296,0.3622104056557196,REQUEST_SENSOR
GCN_GRU,high,W001431,C0120,LEAK,0,0.9995884180227669,1,0,0.005222535176861512,0.33875988015601477,REQUEST_SENSOR
GCN_GRU,high,W001436,C0120,LEAK,0,0.07984477011394309,0,1,0.40163199177569797,0.10200240163682778,PROCEED
GCN_GRU,high,W001440,C0120,LEAK,0,0.08440355316838079,0,1,0.41750842861914916,0.09920507662634567,PROCEED
MLP,high,W001441,C0133,CLEAN,0,1.8415333839602994e-05,0,1,0.00031621733383479904,0.11955469441212414,REQUEST_SENSOR
MLP,high,W001446,C0133,CLEAN,0,0.9999999999999991,1,0,4.1304950338020633e-11,0.08253242155224874,PROCEED
MLP,high,W001451,C0133,CLEAN,0,0.9999999712757007,1,0,7.610746697401574e-07,0.0702300475201541,PROCEED
MLP,high,W001456,C0133,CLEAN,0,0.9999999912995471,1,0,2.455177099949485e-07,0.05247727662311778,PROCEED
MLP,high,W001461,C0133,CLEAN,0,0.9999991339645622,1,0,1.8690573317540817e-05,0.07558827622898273,PROCEED
MLP,high,W001466,C0133,CLEAN,0,0.9999978152273099,1,0,4.4234609491145844e-05,0.05788089655678458,PROCEED
MLP,high,W001471,C0133,CLEAN,0,0.013440066538997313,0,1,0.10282016826276368,0.05440666554493792,PROCEED
MLP,high,W001476,C0133,CLEAN,0,1.780288145860898e-05,0,1,0.0003065693912876888,0.09836537466386666,REQUEST_SENSOR
MLP,high,W001481,C0133,CLEAN,0,4.80197324819375e-05,0,1,0.0007581678781719542,0.06695844619827696,PROCEED
MLP,high,W001485,C0133,CLEAN,0,0.00010869885809085051,0,1,0.0015880894713974842,0.07333657376743806,PROCEED
MLP,high,W001486,C0133,LEAK,0,1.8415246030274857e-05,0,1,0.00031621595270737784,0.11955469783710576,REQUEST_SENSOR
MLP,high,W001491,C0133,LEAK,0,0.9999999999999991,1,0,4.1304950338020633e-11,0.08253236726990273,PROCEED
MLP,high,W001496,C0133,LEAK,0,0.9999999712757007,1,0,7.610746697401574e-07,0.07023005038914096,PROCEED
MLP,high,W001501,C0133,LEAK,1,0.9999939326802949,1,1,0.00011390300568275231,0.11995320098995191,REQUEST_SENSOR
MLP,high,W001506,C0133,LEAK,1,0.0001656483522224406,0,0,0.002319435405983695,0.12194962962758887,REQUEST_SENSOR
MLP,high,W001511,C0133,LEAK,0,8.395255775007944e-05,0,1,0.0012578360436531488,0.055819067667593786,PROCEED
MLP,high,W001516,C0133,LEAK,0,7.480741035029029e-05,0,1,0.0011332649672673473,0.07532890448575068,PROCEED
MLP,high,W001521,C0133,LEAK,0,0.5603357494060784,1,0,0.9894703761460514,0.0663675923232884,VERIFY
MLP,high,W001526,C0133,LEAK,0,0.0004510027116391855,0,1,0.00566321666621626,0.0832793013850397,PROCEED
MLP,high,W001530,C0133,LEAK,0,0.001602027924110444,0,1,0.017185632472149194,0.07377042587055643,PROCEED
GCN_GRU,high,W001441,C0133,CLEAN,0,0.9999096133980669,1,0,0.0013446056766187812,0.3930827095332649,REQUEST_SENSOR
GCN_GRU,high,W001446,C0133,CLEAN,0,0.999999572607914,1,0,9.659330915885189e-06,0.49462135401249085,REQUEST_SENSOR
GCN_GRU,high,W001451,C0133,CLEAN,0,0.9999989728886998,1,0,2.1914108109717607e-05,0.48659838485787604,REQUEST_SENSOR
GCN_GRU,high,W001456,C0133,CLEAN,0,0.9999975192405182,1,0,4.977266813195728e-05,0.517770609697184,REQUEST_SENSOR
GCN_GRU,high,W001461,C0133,CLEAN,0,0.9998965617822171,1,0,0.0015186347606170063,0.5030785635226127,REQUEST_SENSOR
GCN_GRU,high,W001466,C0133,CLEAN,0,0.9997336963534608,1,0,0.0035464037749179116,0.45886467196640895,REQUEST_SENSOR
GCN_GRU,high,W001471,C0133,CLEAN,0,0.22599916114813792,0,1,0.7709714780876179,0.09747610442567886,PROCEED
GCN_GRU,high,W001476,C0133,CLEAN,0,0.1553654067709366,0,1,0.6231059376823749,0.18780765352005607,PROCEED
GCN_GRU,high,W001481,C0133,CLEAN,0,0.2853998051875208,0,1,0.8627044982808412,0.23014238496146616,PROCEED
GCN_GRU,high,W001485,C0133,CLEAN,0,0.1878296569417507,0,1,0.6969091275368716,0.15792402752703028,PROCEED
GCN_GRU,high,W001486,C0133,LEAK,0,0.9999096131394917,1,0,0.0013446091501636032,0.3930821846708207,REQUEST_SENSOR
GCN_GRU,high,W001491,C0133,LEAK,0,0.9999995726054683,1,0,9.659382659707754e-06,0.494621246179952,REQUEST_SENSOR
GCN_GRU,high,W001496,C0133,LEAK,0,0.9999989728789043,1,0,2.1914302971237722e-05,0.4865982597215283,REQUEST_SENSOR
GCN_GRU,high,W001501,C0133,LEAK,1,0.9999588076025154,1,1,0.0006594873056961532,0.2281831420708209,PROCEED
GCN_GRU,high,W001506,C0133,LEAK,1,0.9768922669497319,1,1,0.15855086564946988,0.3700231831038362,REQUEST_SENSOR
GCN_GRU,high,W001511,C0133,LEAK,0,0.7211981898397768,1,0,0.8538130514958586,0.2536390757461785,PROCEED
GCN_GRU,high,W001516,C0133,LEAK,0,0.19678911877399222,0,1,0.7154596635014447,0.14718329720811743,PROCEED
GCN_GRU,high,W001521,C0133,LEAK,0,0.999999913824024,1,0,2.1467154338370923e-06,0.48788130764686843,REQUEST_SENSOR
GCN_GRU,high,W001526,C0133,LEAK,0,0.3126162930774999,0,1,0.8961704709153684,0.10838501199649239,PROCEED
GCN_GRU,high,W001530,C0133,LEAK,0,0.25505148083528517,0,1,0.8191867973956555,0.17499290130882206,PROCEED
MLP,high,W001531,C0146,CLEAN,0,1.6979886008645776e-10,0,1,5.755867069322289e-09,0.09687522873320223,PROCEED
MLP,high,W001536,C0146,CLEAN,0,0.7096839947392343,1,0,0.8691291014595769,0.08257773372425495,PROCEED
MLP,high,W001541,C0146,CLEAN,0,0.5019367240366553,1,0,0.9999891771632955,0.07061393734164229,VERIFY
MLP,high,W001546,C0146,CLEAN,0,0.9854716317839715,1,0,0.10950245317812526,0.09711315201723181,PROCEED
MLP,high,W001551,C0146,CLEAN,0,0.9803775368602857,1,0,0.13931550422777253,0.11241490886918593,REQUEST_SENSOR
MLP,high,W001556,C0146,CLEAN,0,0.9962861455736796,1,0,0.035329450592058755,0.1030955066092766,REQUEST_SENSOR
MLP,high,W001561,C0146,CLEAN,0,0.36688583066054375,0,1,0.9482509043123193,0.06788046912662121,PROCEED
MLP,high,W001566,C0146,CLEAN,0,0.06350477577020787,0,1,0.3412032484232061,0.058117508730926276,PROCEED
MLP,high,W001571,C0146,CLEAN,0,0.0005872152027177597,0,1,0.0071499877601561455,0.05676342052841915,PROCEED
MLP,high,W001575,C0146,CLEAN,0,2.7840545362992735e-08,0,1,7.389140298193207e-07,0.03806486192928378,PROCEED
MLP,high,W001576,C0146,LEAK,0,1.6979886008645776e-10,0,1,5.755867069322289e-09,0.09687523114196134,PROCEED
MLP,high,W001581,C0146,LEAK,0,0.7096839947392343,1,0,0.8691291014595769,0.08257773372425495,PROCEED
MLP,high,W001586,C0146,LEAK,0,0.5019370444068134,1,0,0.9999891735823935,0.07061393142570528,VERIFY
MLP,high,W001591,C0146,LEAK,1,0.9992741546763357,1,1,0.008615944811445878,0.08283302418144095,PROCEED
MLP,high,W001596,C0146,LEAK,1,0.9999037224813766,1,1,0.0014234695734609622,0.09734938401163065,PROCEED
MLP,high,W001601,C0146,LEAK,1,0.9999711057890287,1,1,0.0004773766946952685,0.08651639179356457,PROCEED
MLP,high,W001606,C0146,LEAK,0,0.2527433853906027,0,1,0.8155974030303542,0.04279809829968259,PROCEED
MLP,high,W001611,C0146,LEAK,0,0.009482635743672717,0,1,0.07734349887148607,0.046660599827929736,PROCEED
MLP,high,W001616,C0146,LEAK,0,0.00016976294344577393,0,1,0.002371038861729175,0.034204257883509497,PROCEED
MLP,high,W001620,C0146,LEAK,0,6.515545671325569e-08,0,1,1.6493604609561094e-06,0.03803374510458081,PROCEED
GCN_GRU,high,W001531,C0146,CLEAN,0,0.9995972917784525,1,0,0.005122602397615002,0.45614151384153745,REQUEST_SENSOR
GCN_GRU,high,W001536,C0146,CLEAN,0,0.9927255787363758,1,0,0.06212637056911367,0.29288036370250004,REQUEST_SENSOR
GCN_GRU,high,W001541,C0146,CLEAN,0,0.6118231466062024,1,0,0.9636129238419072,0.35047303614912584,ESCALATE
GCN_GRU,high,W001546,C0146,CLEAN,0,0.9630434019002576,1,0,0.22815991461921703,0.4077045125328904,REQUEST_SENSOR
GCN_GRU,high,W001551,C0146,CLEAN,0,0.9993136820694348,1,0,0.008202209737482154,0.4241900232479827,REQUEST_SENSOR
GCN_GRU,high,W001556,C0146,CLEAN,0,0.999486381671114,1,0,0.006353119828853928,0.44165196193740497,REQUEST_SENSOR
GCN_GRU,high,W001561,C0146,CLEAN,0,0.9975591409462748,1,0,0.024699853839599106,0.37531350582624945,REQUEST_SENSOR
GCN_GRU,high,W001566,C0146,CLEAN,0,0.1343561688960278,0,1,0.5692650956221821,0.14229587101018,PROCEED
GCN_GRU,high,W001571,C0146,CLEAN,0,0.14289633777010602,0,1,0.5917740869132416,0.09715908646554511,PROCEED
GCN_GRU,high,W001575,C0146,CLEAN,0,0.9999971317361291,1,0,5.6946751217676315e-05,0.4342784946844823,REQUEST_SENSOR
GCN_GRU,high,W001576,C0146,LEAK,0,0.9995972913945542,1,0,0.0051226067269874226,0.4561415183139602,REQUEST_SENSOR
GCN_GRU,high,W001581,C0146,LEAK,0,0.9927255787363758,1,0,0.06212637056911367,0.29288036370250004,REQUEST_SENSOR
GCN_GRU,high,W001586,C0146,LEAK,0,0.6118231466062024,1,0,0.9636129238419072,0.35047301984959267,ESCALATE
GCN_GRU,high,W001591,C0146,LEAK,1,0.9474802591634718,1,1,0.29700571131348186,0.40978161524616935,REQUEST_SENSOR
GCN_GRU,high,W001596,C0146,LEAK,1,0.9982982968948391,1,1,0.01810658348740569,0.4222094265949461,REQUEST_SENSOR
GCN_GRU,high,W001601,C0146,LEAK,1,0.9574836014622575,1,1,0.25371314779016824,0.4044294505997791,REQUEST_SENSOR
GCN_GRU,high,W001606,C0146,LEAK,0,0.25537349056878894,0,1,0.8196843443146943,0.11877988224532658,PROCEED
GCN_GRU,high,W001611,C0146,LEAK,0,0.10130725931414097,0,1,0.4731258632749814,0.0638581132488241,PROCEED
GCN_GRU,high,W001616,C0146,LEAK,0,0.15689455498176427,0,1,0.6268283107077507,0.16717719679971071,PROCEED
GCN_GRU,high,W001620,C0146,LEAK,0,0.9999964713381794,1,0,6.900347553702603e-05,0.4524437845777675,REQUEST_SENSOR
MLP,high,W001621,C0159,CLEAN,0,1.260994054494639e-07,0,1,3.0719870765523062e-06,0.10457747213349412,REQUEST_SENSOR
MLP,high,W001626,C0159,CLEAN,0,0.37523459448955243,0,1,0.9546067216238364,0.05090588111505646,PROCEED
MLP,high,W001631,C0159,CLEAN,0,0.928168144506407,1,0,0.372722889274205,0.031301861148480555,PROCEED
MLP,high,W001636,C0159,CLEAN,0,0.9999567054511874,1,0,0.0006900336665595601,0.0577489851729155,PROCEED
MLP,high,W001641,C0159,CLEAN,0,0.9770689732666888,1,0,0.15759534168294018,0.062344820546609434,PROCEED
MLP,high,W001646,C0159,CLEAN,0,0.9789100256237774,1,0,0.14751746583505768,0.05248252514011838,PROCEED
MLP,high,W001651,C0159,CLEAN,0,0.11646437238762593,0,1,0.5191116862172951,0.055365079106698814,PROCEED
MLP,high,W001656,C0159,CLEAN,0,0.0021307971437561713,0,1,0.021980340076814257,0.10585199163024203,REQUEST_SENSOR
MLP,high,W001661,C0159,CLEAN,0,2.318692469152892e-05,0,1,0.00039044479421461176,0.10552887419812534,REQUEST_SENSOR
MLP,high,W001665,C0159,CLEAN,0,4.60978079886046e-09,0,1,1.343075757773865e-07,0.06419111801524018,PROCEED
MLP,high,W001666,C0159,LEAK,0,1.2609916493419503e-07,0,1,3.071981564097084e-06,0.10457745903441927,REQUEST_SENSOR
MLP,high,W001671,C0159,LEAK,1,0.999892343208217,1,1,0.0015743611261643904,0.026927241954725154,PROCEED
MLP,high,W001676,C0159,LEAK,1,0.9999999999995384,1,1,4.1304950338020633e-11,0.0606860062190518,PROCEED
MLP,high,W001681,C0159,LEAK,1,0.9999999999999596,1,1,4.1304950338020633e-11,0.04846323462828514,PROCEED
MLP,high,W001686,C0159,LEAK,1,0.9999999999952296,1,1,1.8629257097527475e-10,0.056207677961416305,PROCEED
MLP,high,W001691,C0159,LEAK,0,0.9477444113691631,1,0,0.295902347697135,0.041194525922521805,PROCEED
MLP,high,W001696,C0159,LEAK,0,0.00015469623921606851,0,1,0.002181349656025721,0.06937202124958934,PROCEED
MLP,high,W001701,C0159,LEAK,0,1.051646020317184e-06,0,1,2.2401757242770934e-05,0.08753488417353081,PROCEED
MLP,high,W001706,C0159,LEAK,0,1.1147767534546097e-07,0,1,2.735599368868519e-06,0.08614402214825281,PROCEED
MLP,high,W001710,C0159,LEAK,0,5.591693476463005e-09,0,1,1.613581712053586e-07,0.05785808362998285,PROCEED
GCN_GRU,high,W001621,C0159,CLEAN,0,0.36916786045519,0,1,0.9500310103164401,0.17539914384537408,PROCEED
GCN_GRU,high,W001626,C0159,CLEAN,0,0.11659895632703828,0,1,0.5195050019238123,0.12085444274217894,PROCEED
GCN_GRU,high,W001631,C0159,CLEAN,0,0.24275002281102775,0,1,0.7995836404144832,0.1685076089273164,PROCEED
GCN_GRU,high,W001636,C0159,CLEAN,0,0.25847155014240875,0,1,0.8244311508813494,0.1213946759957176,PROCEED
GCN_GRU,high,W001641,C0159,CLEAN,0,0.3049734078341752,0,1,0.8872856569580112,0.17330061506809974,PROCEED
GCN_GRU,high,W001646,C0159,CLEAN,0,0.41632555228199725,1,0,0.9797028252169675,0.18126935802857685,VERIFY
GCN_GRU,high,W001651,C0159,CLEAN,0,0.24240671817926257,0,1,0.7990197124994622,0.14526717567126363,PROCEED
GCN_GRU,high,W001656,C0159,CLEAN,0,0.07916444587035956,0,1,0.39922819907564633,0.10876156189772712,PROCEED
GCN_GRU,high,W001661,C0159,CLEAN,0,0.045447280354701414,0,1,0.266733076300845,0.09905393510715318,PROCEED
GCN_GRU,high,W001665,C0159,CLEAN,0,0.9999974277563355,1,0,5.1473771010961334e-05,0.3542494755647937,REQUEST_SENSOR
GCN_GRU,high,W001666,C0159,LEAK,0,0.369168151954255,0,1,0.9500312356388927,0.17539905009187565,PROCEED
GCN_GRU,high,W001671,C0159,LEAK,1,0.14889261641092238,0,0,0.6070621248534526,0.08872437458028251,PROCEED
GCN_GRU,high,W001676,C0159,LEAK,1,0.8634369762935927,1,1,0.5751664159490159,0.14686061641901055,PROCEED
GCN_GRU,high,W001681,C0159,LEAK,1,0.8521266514123375,1,1,0.6044926710616993,0.12918728240360694,PROCEED
GCN_GRU,high,W001686,C0159,LEAK,1,0.8900970676797095,1,1,0.49962310330415444,0.15929106962583572,PROCEED
GCN_GRU,high,W001691,C0159,LEAK,0,0.6712654676163822,1,0,0.9136282226966986,0.15747666657698428,PROCEED
GCN_GRU,high,W001696,C0159,LEAK,0,0.999447414167316,1,0,0.006776807752503091,0.3295577596560253,REQUEST_SENSOR
GCN_GRU,high,W001701,C0159,LEAK,0,0.9998778162058394,1,0,0.0017644887131461184,0.32994154721244573,REQUEST_SENSOR
GCN_GRU,high,W001706,C0159,LEAK,0,0.9735128948378006,1,0,0.17645666245011235,0.2733357605949426,PROCEED
GCN_GRU,high,W001710,C0159,LEAK,0,0.9998780637700285,1,0,0.0017612703920847237,0.40176275454794624,REQUEST_SENSOR
MLP,high,W001711,C0165,CLEAN,0,8.068445691207631e-08,0,1,2.017581729481042e-06,0.12452480452296691,REQUEST_SENSOR
MLP,high,W001716,C0165,CLEAN,0,0.9999983570014181,1,0,3.3940951649183566e-05,0.0549917297165049,PROCEED
MLP,high,W001721,C0165,CLEAN,0,0.9999990233915331,1,0,2.090763516648991e-05,0.05549816506141401,PROCEED
MLP,high,W001726,C0165,CLEAN,0,0.9999833731903774,1,0,0.0002879565925547811,0.06558736086060604,PROCEED
MLP,high,W001731,C0165,CLEAN,0,0.6823592141421702,1,0,0.9017974248589463,0.07327992987320261,PROCEED
MLP,high,W001736,C0165,CLEAN,0,0.02165824736371319,0,1,0.15065255040033873,0.09778167653385669,PROCEED
MLP,high,W001741,C0165,CLEAN,0,0.00020881697376058322,0,1,0.0028541141129867866,0.0724677811678972,PROCEED
MLP,high,W001746,C0165,CLEAN,0,0.0633258992686661,0,1,0.3405084015486868,0.0571411221287761,PROCEED
MLP,high,W001751,C0165,CLEAN,0,0.03779423465126427,0,1,0.2320857846716869,0.0812663331196342,PROCEED
MLP,high,W001755,C0165,CLEAN,0,0.002430478116809111,0,1,0.024609768595145225,0.057798805696235404,PROCEED
MLP,high,W001756,C0165,LEAK,0,8.068430301884692e-08,0,1,2.017578103297607e-06,0.12452480433293367,REQUEST_SENSOR
MLP,high,W001761,C0165,LEAK,0,0.9999983570092525,1,0,3.394080110932375e-05,0.05499172044201882,PROCEED
MLP,high,W001766,C0165,LEAK,1,0.9999995492219886,1,1,1.015322215865175e-05,0.05514828194534115,PROCEED
MLP,high,W001771,C0165,LEAK,1,0.9999838999428883,1,1,0.000279581647097474,0.07526844135681443,PROCEED
MLP,high,W001776,C0165,LEAK,1,0.31743587394151485,0,0,0.9015712395426444,0.08948032774985844,PROCEED
MLP,high,W001781,C0165,LEAK,1,0.003978254821710313,0,0,0.03744918289088189,0.07634592261313292,PROCEED
MLP,high,W001786,C0165,LEAK,0,0.0005725973349427321,0,1,0.006992829690027832,0.06362364733383635,PROCEED
MLP,high,W001791,C0165,LEAK,0,0.08497338616766663,0,1,0.41946525114398286,0.06016608717052542,PROCEED
MLP,high,W001796,C0165,LEAK,0,0.048190426626358876,0,1,0.2786597134443483,0.0808284675380743,PROCEED
MLP,high,W001800,C0165,LEAK,0,0.0025923006982480623,0,1,0.026006931893750886,0.05624888209158131,PROCEED
GCN_GRU,high,W001711,C0165,CLEAN,0,0.9999482503164192,1,0,0.0008114737547506056,0.45668121816275165,REQUEST_SENSOR
GCN_GRU,high,W001716,C0165,CLEAN,0,0.999999987103518,1,0,3.5660245775578343e-07,0.4413716727251312,REQUEST_SENSOR
GCN_GRU,high,W001721,C0165,CLEAN,0,0.2516785719248791,0,1,0.8139277742777494,0.3506371693924945,REQUEST_SENSOR
GCN_GRU,high,W001726,C0165,CLEAN,0,0.9449040367014869,1,0,0.3076619513800951,0.24293275999655511,PROCEED
GCN_GRU,high,W001731,C0165,CLEAN,0,0.4183086610721299,1,0,0.9806578260709734,0.21873351343707378,VERIFY
GCN_GRU,high,W001736,C0165,CLEAN,0,0.49302913342485766,1,0,0.9998597857526398,0.3633296324708329,ESCALATE
GCN_GRU,high,W001741,C0165,CLEAN,0,0.21485466456080113,0,1,0.7506603510025839,0.13073037043067487,PROCEED
GCN_GRU,high,W001746,C0165,CLEAN,0,0.17213343427062677,0,1,0.6625619810211937,0.12012575384323344,PROCEED
GCN_GRU,high,W001751,C0165,CLEAN,0,0.9319440364265672,1,0,0.3586266479326378,0.404343838522112,REQUEST_SENSOR
GCN_GRU,high,W001755,C0165,CLEAN,0,0.9094019521984973,1,0,0.438462878770984,0.31875743509966203,REQUEST_SENSOR
GCN_GRU,high,W001756,C0165,LEAK,0,0.9999482503164192,1,0,0.0008114737547506056,0.4566812242851865,REQUEST_SENSOR
GCN_GRU,high,W001761,C0165,LEAK,0,0.999999987103518,1,0,3.5660245775578343e-07,0.44137166435119113,REQUEST_SENSOR
GCN_GRU,high,W001766,C0165,LEAK,1,0.1928599778302984,0,0,0.707416119729786,0.307226423534865,REQUEST_SENSOR
GCN_GRU,high,W001771,C0165,LEAK,1,0.42170936683495097,1,1,0.9822412356952509,0.2632109295880007,VERIFY
GCN_GRU,high,W001776,C0165,LEAK,1,0.5605176268455782,1,1,0.9894066423142305,0.26730740099641054,VERIFY
GCN_GRU,high,W001781,C0165,LEAK,1,0.9702893292120977,1,1,0.1929388046184714,0.3410589887393871,REQUEST_SENSOR
GCN_GRU,high,W001786,C0165,LEAK,0,0.2715081673140082,0,1,0.8436204466313844,0.18656086183232323,PROCEED
GCN_GRU,high,W001791,C0165,LEAK,0,0.2101355019903353,0,1,0.7417416671946229,0.1324838166313041,PROCEED
GCN_GRU,high,W001796,C0165,LEAK,0,0.9997232094739166,1,0,0.003670633529660671,0.43565217045236276,REQUEST_SENSOR
GCN_GRU,high,W001800,C0165,LEAK,0,0.9465967304621254,1,0,0.3006815650769384,0.32576883472301144,REQUEST_SENSOR
MLP,high,W001801,C0173,CLEAN,0,2.2499264996165753e-08,0,1,6.040657094601704e-07,0.08859527983938847,PROCEED
MLP,high,W001806,C0173,CLEAN,0,0.9952088953247679,1,0,0.043813020442165215,0.03140348364424903,PROCEED
MLP,high,W001811,C0173,CLEAN,0,0.9999965813153205,1,0,6.700902229162233e-05,0.030438761689454183,PROCEED
MLP,high,W001816,C0173,CLEAN,0,0.9999975544100571,1,0,4.911742240111239e-05,0.03741856889106167,PROCEED
MLP,high,W001821,C0173,CLEAN,0,0.9999999994134714,1,0,1.8833301208449197e-08,0.056886750047330424,PROCEED
MLP,high,W001826,C0173,CLEAN,0,0.999999999966779,1,0,1.2043206897227082e-09,0.05597801412920404,PROCEED
MLP,high,W001831,C0173,CLEAN,0,0.9999999999999991,1,0,4.1304950338020633e-11,0.08147057889926401,PROCEED
MLP,high,W001836,C0173,CLEAN,0,0.9999999999999964,1,0,4.1304950338020633e-11,0.10041597751869094,REQUEST_SENSOR
MLP,high,W001841,C0173,CLEAN,0,0.9999999999999931,1,0,4.1304950338020633e-11,0.10355227330398317,REQUEST_SENSOR
MLP,high,W001845,C0173,CLEAN,0,0.9999999996220346,1,0,1.237599506373916e-08,0.05111678668731112,PROCEED
MLP,high,W001846,C0173,LEAK,0,2.2499264996165753e-08,0,1,6.040657094601704e-07,0.08859527696731664,PROCEED
MLP,high,W001851,C0173,LEAK,0,0.9952089112401593,1,0,0.04381289791752979,0.03140348049768277,PROCEED
MLP,high,W001856,C0173,LEAK,0,0.9999965813153205,1,0,6.700902229162233e-05,0.03043876302493978,PROCEED
MLP,high,W001861,C0173,LEAK,0,0.9999975544147216,1,0,4.9117335448544705e-05,0.03741856923243773,PROCEED
MLP,high,W001866,C0173,LEAK,1,1.0,1,1,4.1304950338020633e-11,0.14072907618798702,REQUEST_SENSOR
MLP,high,W001871,C0173,LEAK,1,0.9999987088286171,1,1,2.7121806579709703e-05,0.12907056523611748,REQUEST_SENSOR
MLP,high,W001876,C0173,LEAK,0,0.8195721141670472,1,0,0.6810122061080663,0.10490132849061687,REQUEST_SENSOR
MLP,high,W001881,C0173,LEAK,0,0.0009180313249725019,0,1,0.010586004298158144,0.08119413719336621,PROCEED
MLP,high,W001886,C0173,LEAK,0,0.04917343214667817,0,1,0.2828753266979522,0.08399649123338777,PROCEED
MLP,high,W001890,C0173,LEAK,0,0.25385617485848155,0,1,0.8173330033569232,0.0637148829376936,PROCEED
GCN_GRU,high,W001801,C0173,CLEAN,0,0.7009457767915692,1,0,0.8801317144240587,0.3855176639366098,REQUEST_SENSOR
GCN_GRU,high,W001806,C0173,CLEAN,0,0.8299809491786091,1,0,0.657748357101879,0.36694343513284,REQUEST_SENSOR
GCN_GRU,high,W001811,C0173,CLEAN,0,0.7622705288623174,1,0,0.7912440371364344,0.120891804040443,PROCEED
GCN_GRU,high,W001816,C0173,CLEAN,0,0.9352897536927145,1,0,0.3458657657539276,0.158699560018285,PROCEED
GCN_GRU,high,W001821,C0173,CLEAN,0,0.7446095076208527,1,0,0.8197105924527226,0.17936103006393816,PROCEED
GCN_GRU,high,W001826,C0173,CLEAN,0,0.933514806078197,1,0,0.35266802176330797,0.19573797361707768,PROCEED
GCN_GRU,high,W001831,C0173,CLEAN,0,0.9997125101777987,1,0,0.0037967887122208996,0.1292970598364834,PROCEED
GCN_GRU,high,W001836,C0173,CLEAN,0,0.999747504834432,1,0,0.003381912547264768,0.15426347885793654,PROCEED
GCN_GRU,high,W001841,C0173,CLEAN,0,0.9994778941334733,1,0,0.006445756322096656,0.14553534096473694,PROCEED
GCN_GRU,high,W001845,C0173,CLEAN,0,0.9988522857970851,1,0,0.01286459958071865,0.24899607569121238,PROCEED
GCN_GRU,high,W001846,C0173,LEAK,0,0.7009475509895192,1,0,0.8801295341088984,0.3855176771020287,REQUEST_SENSOR
GCN_GRU,high,W001851,C0173,LEAK,0,0.8299823285723865,1,0,0.6577452018919154,0.36694339332387077,REQUEST_SENSOR
GCN_GRU,high,W001856,C0173,LEAK,0,0.7622707880911693,1,0,0.7912436013770461,0.12089181063073595,PROCEED
GCN_GRU,high,W001861,C0173,LEAK,0,0.9352897681224801,1,0,0.34586571015102663,0.15869956114601805,PROCEED
GCN_GRU,high,W001866,C0173,LEAK,1,0.9999992013668318,1,1,1.7329268094228827e-05,0.23416225105083738,PROCEED
GCN_GRU,high,W001871,C0173,LEAK,1,0.9999927259087102,1,1,0.0001346542778536827,0.24798255237322758,PROCEED
GCN_GRU,high,W001876,C0173,LEAK,0,0.06721936179892059,0,1,0.355460109241496,0.11231326329017859,PROCEED
GCN_GRU,high,W001881,C0173,LEAK,0,0.27191572612874415,0,1,0.844200171044496,0.0767969968570267,PROCEED
GCN_GRU,high,W001886,C0173,LEAK,0,0.47924091734425656,1,0,0.9987562139293062,0.1880341445441151,VERIFY
GCN_GRU,high,W001890,C0173,LEAK,0,0.6355995997710958,1,0,0.9462753341477483,0.35793474959790156,REQUEST_SENSOR
MLP,high,W001891,C0200,CLEAN,0,2.785755025952553e-07,0,1,6.468000314215126e-06,0.04145147620594582,PROCEED
MLP,high,W001896,C0200,CLEAN,0,0.0587874911145262,0,1,0.32261278878323313,0.0867110819093645,PROCEED
MLP,high,W001901,C0200,CLEAN,0,0.013808033547771693,0,1,0.10509345148833062,0.060170759985818514,PROCEED
MLP,high,W001906,C0200,CLEAN,0,0.03324213643032636,0,1,0.21039908114579425,0.0400022770455766,PROCEED
MLP,high,W001911,C0200,CLEAN,0,0.14529652999282328,0,1,0.5979436126062774,0.05590456394098894,PROCEED
MLP,high,W001916,C0200,CLEAN,0,0.07365495642934602,0,1,0.3794175306112586,0.09713240459295563,PROCEED
MLP,high,W001921,C0200,CLEAN,0,1.0,1,0,4.1304950338020633e-11,0.05396775354913548,PROCEED
MLP,high,W001926,C0200,CLEAN,0,1.0,1,0,4.1304950338020633e-11,0.04120608279672898,PROCEED
MLP,high,W001931,C0200,CLEAN,0,1.0,1,0,4.1304950338020633e-11,0.04610619988067041,PROCEED
MLP,high,W001935,C0200,CLEAN,0,1.0,1,0,4.1304950338020633e-11,0.05840680915188114,PROCEED
MLP,high,W001936,C0200,LEAK,0,2.785744399163702e-07,0,1,6.467977174046599e-06,0.04145147753467572,PROCEED
MLP,high,W001941,C0200,LEAK,0,0.0587874911145262,0,1,0.32261278878323313,0.08671108119226979,PROCEED
MLP,high,W001946,C0200,LEAK,0,0.01380804004104205,0,1,0.105093491475762,0.060170759428629046,PROCEED
MLP,high,W001951,C0200,LEAK,1,1.0,1,1,4.1304950338020633e-11,0.21347027180364542,REQUEST_SENSOR
MLP,high,W001956,C0200,LEAK,1,1.0,1,1,4.1304950338020633e-11,0.22666252459780362,REQUEST_SENSOR
MLP,high,W001961,C0200,LEAK,1,1.0,1,1,4.1304950338020633e-11,0.2093329661419358,REQUEST_SENSOR
MLP,high,W001966,C0200,LEAK,0,1.0,1,0,4.1304950338020633e-11,0.03317571626679003,PROCEED
MLP,high,W001971,C0200,LEAK,0,1.0,1,0,4.1304950338020633e-11,0.037767883299831204,PROCEED
MLP,high,W001976,C0200,LEAK,0,0.9999999999999836,1,0,4.1304950338020633e-11,0.057897551359896965,PROCEED
MLP,high,W001980,C0200,LEAK,0,1.0,1,0,4.1304950338020633e-11,0.03754471451696326,PROCEED
GCN_GRU,high,W001891,C0200,CLEAN,0,0.3404159119840995,0,1,0.9252161482056667,0.2021009474861144,PROCEED
GCN_GRU,high,W001896,C0200,CLEAN,0,0.9985978035074866,1,0,0.015311675602951063,0.27041337000931787,PROCEED
GCN_GRU,high,W001901,C0200,CLEAN,0,0.3314210206606472,0,1,0.9163716393226983,0.10639476004226175,PROCEED
GCN_GRU,high,W001906,C0200,CLEAN,0,0.35545805482618575,0,1,0.938848326879473,0.08660551108705669,PROCEED
GCN_GRU,high,W001911,C0200,CLEAN,0,0.3288348569499758,0,1,0.9137315201283608,0.13854010152136875,PROCEED
GCN_GRU,high,W001916,C0200,CLEAN,0,0.28054611010044056,0,1,0.8561938571436113,0.14495295830396407,PROCEED
GCN_GRU,high,W001921,C0200,CLEAN,0,0.9999353004052278,1,0,0.0009936908075066848,0.3784015127653203,REQUEST_SENSOR
GCN_GRU,high,W001926,C0200,CLEAN,0,0.8085520007284385,1,0,0.7044907536662898,0.24782274168141022,PROCEED
GCN_GRU,high,W001931,C0200,CLEAN,0,0.994717616380079,1,0,0.04755979875516567,0.27966533180514724,REQUEST_SENSOR
GCN_GRU,high,W001935,C0200,CLEAN,0,0.9997449541875687,1,0,0.003412377034649315,0.3233713183237463,REQUEST_SENSOR
GCN_GRU,high,W001936,C0200,LEAK,0,0.3404158852176903,0,1,0.925216122663601,0.2021009511955723,PROCEED
GCN_GRU,high,W001941,C0200,LEAK,0,0.9985978015044397,1,0,0.015311694583964903,0.2704133764620706,PROCEED
GCN_GRU,high,W001946,C0200,LEAK,0,0.33142103386791183,0,1,0.9163716526941666,0.10639476437552291,PROCEED
GCN_GRU,high,W001951,C0200,LEAK,1,0.9999999803167886,1,1,5.322567537604149e-07,0.4731111890302919,REQUEST_SENSOR
GCN_GRU,high,W001956,C0200,LEAK,1,0.999999994930266,1,1,1.4701284439453737e-07,0.4772053334472195,REQUEST_SENSOR
GCN_GRU,high,W001961,C0200,LEAK,1,0.9999999939173518,1,1,1.7478701375075564e-07,0.4547789113167926,REQUEST_SENSOR
GCN_GRU,high,W001966,C0200,LEAK,0,0.008953232767337168,0,1,0.0737709929439746,0.31630958930195907,REQUEST_SENSOR
GCN_GRU,high,W001971,C0200,LEAK,0,0.4231265010486644,1,0,0.9828808665571471,0.2249458614807353,VERIFY
GCN_GRU,high,W001976,C0200,LEAK,0,0.996047071746507,1,0,0.03724726636639465,0.31737828387166955,REQUEST_SENSOR
GCN_GRU,high,W001980,C0200,LEAK,0,0.9993733308664382,1,0,0.007571573981520026,0.28526433251393507,REQUEST_SENSOR
MLP,high,W001981,C0205,CLEAN,0,1.608394732131545e-08,0,1,4.3961446231927254e-07,0.11442399993204153,REQUEST_SENSOR
MLP,high,W001986,C0205,CLEAN,0,0.9999394144957524,1,0,0.0009362471334263563,0.04409274997963986,PROCEED
MLP,high,W001991,C0205,CLEAN,0,0.9999999916918713,1,0,2.3499977751831295e-07,0.03607144383289219,PROCEED
MLP,high,W001996,C0205,CLEAN,0,0.9999999999999634,1,0,4.1304950338020633e-11,0.04636974556875948,PROCEED
MLP,high,W002001,C0205,CLEAN,0,0.9999999967854369,1,0,9.532923451101011e-08,0.06313335909113786,PROCEED
MLP,high,W002006,C0205,CLEAN,0,0.9999999999713616,1,0,1.0443274282360946e-09,0.06455319554168674,PROCEED
MLP,high,W002011,C0205,CLEAN,0,0.521168471450986,1,0,0.9987066581034514,0.12054276756122215,ESCALATE
MLP,high,W002016,C0205,CLEAN,0,0.03640078420805437,0,1,0.22553924278277795,0.08672522951630747,PROCEED
MLP,high,W002021,C0205,CLEAN,0,0.0035526238184911863,0,1,0.03402358018785529,0.0792519079509127,PROCEED
MLP,high,W002025,C0205,CLEAN,0,0.0008426856680464366,0,1,0.009821336961763863,0.09452750411627908,PROCEED
MLP,high,W002026,C0205,LEAK,0,1.6083977999039147e-08,0,1,4.396152566683172e-07,0.11442400354174508,REQUEST_SENSOR
MLP,high,W002031,C0205,LEAK,0,0.9999394163445351,1,0,0.0009362212308672217,0.044092776288223196,PROCEED
MLP,high,W002036,C0205,LEAK,0,0.9999999916922199,1,0,2.3499041982825118e-07,0.0360714222651619,PROCEED
MLP,high,W002041,C0205,LEAK,0,0.9999999999999634,1,0,4.1304950338020633e-11,0.04636975796580922,PROCEED
MLP,high,W002046,C0205,LEAK,1,0.9999999999999676,1,1,4.1304950338020633e-11,0.04579697178589233,PROCEED
MLP,high,W002051,C0205,LEAK,1,0.9999999999999742,1,1,4.1304950338020633e-11,0.0488822603476135,PROCEED
MLP,high,W002056,C0205,LEAK,0,0.04828532869262859,0,1,0.27906801657655705,0.08584342779270551,PROCEED
MLP,high,W002061,C0205,LEAK,0,0.00858662611147683,0,1,0.07127050973637167,0.08900607034868664,PROCEED
MLP,high,W002066,C0205,LEAK,0,0.001164850117229702,0,1,0.013031754167973222,0.0741875351287163,PROCEED
MLP,high,W002070,C0205,LEAK,0,0.0001493827537569628,0,1,0.0021139580807907417,0.06877126893043461,PROCEED
GCN_GRU,high,W001981,C0205,CLEAN,0,0.4078202243200754,1,0,0.9753417115812694,0.22553855678112444,VERIFY
GCN_GRU,high,W001986,C0205,CLEAN,0,0.171792164034887,0,1,0.6617881168695307,0.11604447427131402,PROCEED
GCN_GRU,high,W001991,C0205,CLEAN,0,0.6082846087523942,1,0,0.9658976331222597,0.15192336776972498,VERIFY
GCN_GRU,high,W001996,C0205,CLEAN,0,0.9529508335314624,1,0,0.27372725698705713,0.29007499484509464,REQUEST_SENSOR
GCN_GRU,high,W002001,C0205,CLEAN,0,0.6244296922122018,1,0,0.9548532993043584,0.1557983757793822,PROCEED
GCN_GRU,high,W002006,C0205,CLEAN,0,0.5721525448181052,1,0,0.9849261158630275,0.17936765990429104,VERIFY
GCN_GRU,high,W002011,C0205,CLEAN,0,0.9999920530916936,1,0,0.00014609488295119178,0.3791821903010941,REQUEST_SENSOR
GCN_GRU,high,W002016,C0205,CLEAN,0,0.9999909489810864,1,0,0.00016469394099887026,0.3657891633563192,REQUEST_SENSOR
GCN_GRU,high,W002021,C0205,CLEAN,0,0.9999916789471667,1,0,0.00015242081478531952,0.36393251453061404,REQUEST_SENSOR
GCN_GRU,high,W002025,C0205,CLEAN,0,0.9999903819727423,1,0,0.000174168197190057,0.388163867300373,REQUEST_SENSOR
GCN_GRU,high,W002026,C0205,LEAK,0,0.4078202890961996,1,0,0.9753417464374121,0.2255385728624314,VERIFY
GCN_GRU,high,W002031,C0205,LEAK,0,0.17179238452867504,0,1,0.661788617242148,0.1160444784758089,PROCEED
GCN_GRU,high,W002036,C0205,LEAK,0,0.6082863556294258,1,0,0.9658965239497225,0.1519233639489816,VERIFY
GCN_GRU,high,W002041,C0205,LEAK,0,0.9529507266350838,1,0,0.27372772093433567,0.29007501101997335,REQUEST_SENSOR
GCN_GRU,high,W002046,C0205,LEAK,1,0.9725023593470099,1,1,0.18168306267253395,0.12489061058553845,PROCEED
GCN_GRU,high,W002051,C0205,LEAK,1,0.9982702489463956,1,1,0.018364189950410857,0.1148164162152468,PROCEED
GCN_GRU,high,W002056,C0205,LEAK,0,0.9999878368923572,1,0,0.0002161361709441435,0.3841874177370749,REQUEST_SENSOR
GCN_GRU,high,W002061,C0205,LEAK,0,0.9999866874043049,1,0,0.00023482798461048576,0.3766551071100911,REQUEST_SENSOR
GCN_GRU,high,W002066,C0205,LEAK,0,0.9999855160386049,1,0,0.00025372813586846545,0.36872297207103977,REQUEST_SENSOR
GCN_GRU,high,W002070,C0205,LEAK,0,0.9999824935018018,1,0,0.0003018896239473923,0.35375010532260376,REQUEST_SENSOR
MLP,high,W002071,C0213,CLEAN,0,3.3482672143183112e-06,0,1,6.572931981111668e-05,0.05274289650360628,PROCEED
MLP,high,W002076,C0213,CLEAN,0,0.009213143134143776,0,1,0.07553044853652997,0.10922119481818054,REQUEST_SENSOR
MLP,high,W002081,C0213,CLEAN,0,0.09907455940113981,0,1,0.46605513304102986,0.059077565680674134,PROCEED
MLP,high,W002086,C0213,CLEAN,0,0.3769085313483664,0,1,0.9558293217574804,0.12772637648693844,REQUEST_SENSOR
MLP,high,W002091,C0213,CLEAN,0,0.07882368603127363,0,1,0.3980207522378236,0.09799222172204795,PROCEED
MLP,high,W002096,C0213,CLEAN,0,0.15304127648647525,0,1,0.6173990589339704,0.06881449528446057,PROCEED
MLP,high,W002101,C0213,CLEAN,0,0.9999999965724848,1,0,1.0132723599694803e-07,0.06773932583022638,PROCEED
MLP,high,W002106,C0213,CLEAN,0,0.9999999964133486,1,0,1.0579692873763317e-07,0.07762561127760405,PROCEED
MLP,high,W002111,C0213,CLEAN,0,0.9999999999947289,1,0,2.0508715795078243e-10,0.04469559072206539,PROCEED
MLP,high,W002115,C0213,CLEAN,0,1.0,1,0,4.1304950338020633e-11,0.07786597069205528,PROCEED
MLP,high,W002116,C0213,LEAK,0,3.348244862372632e-06,0,1,6.572891327055767e-05,0.0527428913365882,PROCEED
MLP,high,W002121,C0213,LEAK,1,0.0065448276999144385,0,0,0.05689675724987325,0.11809652262204681,REQUEST_SENSOR
MLP,high,W002126,C0213,LEAK,1,0.02336179341085807,0,0,0.1599211814104068,0.06184863451458846,PROCEED
MLP,high,W002131,C0213,LEAK,1,0.12256182057474928,0,0,0.5366801810094508,0.08219038190607797,PROCEED
MLP,high,W002136,C0213,LEAK,1,0.2869292411004288,0,0,0.8647214391650873,0.06600124567521395,PROCEED
MLP,high,W002141,C0213,LEAK,1,0.13410231705123865,0,0,0.5685824153407435,0.07502391988910105,PROCEED
MLP,high,W002146,C0213,LEAK,0,0.9988430686751596,1,0,0.012954554818152532,0.038496830160179143,PROCEED
MLP,high,W002151,C0213,LEAK,0,0.9999999948481502,1,0,1.492746292520432e-07,0.06987887011398153,PROCEED
MLP,high,W002156,C0213,LEAK,0,1.0,1,0,4.1304950338020633e-11,0.04985886855772628,PROCEED
MLP,high,W002160,C0213,LEAK,0,0.9999999999998936,1,0,4.1304950338020633e-11,0.05209380923236205,PROCEED
GCN_GRU,high,W002071,C0213,CLEAN,0,0.19762565520620984,0,1,0.7171539130889465,0.16775407887551444,PROCEED
GCN_GRU,high,W002076,C0213,CLEAN,0,0.27520134971249294,0,1,0.8488296291500113,0.13694693161377794,PROCEED
GCN_GRU,high,W002081,C0213,CLEAN,0,0.23150154774878318,0,1,0.7806196690445939,0.13579595898411284,PROCEED
GCN_GRU,high,W002086,C0213,CLEAN,0,0.2063852825413967,0,1,0.7345162855865237,0.20545998484244102,PROCEED
GCN_GRU,high,W002091,C0213,CLEAN,0,0.3388331430032217,0,1,0.9236977237790548,0.1855986800462658,PROCEED
GCN_GRU,high,W002096,C0213,CLEAN,0,0.32358928829102623,0,1,0.9082420519115739,0.0869516327173327,PROCEED
GCN_GRU,high,W002101,C0213,CLEAN,0,0.17060535680637412,0,1,0.6590877071255044,0.222018352653795,PROCEED
GCN_GRU,high,W002106,C0213,CLEAN,0,0.10034494111469144,0,1,0.47008807836928035,0.1728126611141508,PROCEED
GCN_GRU,high,W002111,C0213,CLEAN,0,0.5888388694248204,1,0,0.9771061487640973,0.09195616295855011,VERIFY
GCN_GRU,high,W002115,C0213,CLEAN,0,0.25314511756649866,0,1,0.8162250680117475,0.21371482600288078,PROCEED
GCN_GRU,high,W002116,C0213,LEAK,0,0.19762557959426907,0,1,0.7171537602389865,0.16775410621033504,PROCEED
GCN_GRU,high,W002121,C0213,LEAK,1,0.25391888411419294,0,0,0.8174305290165851,0.1343411501457445,PROCEED
GCN_GRU,high,W002126,C0213,LEAK,1,0.1803353577912794,0,0,0.6808101341185899,0.18355770107019706,PROCEED
GCN_GRU,high,W002131,C0213,LEAK,1,0.2893680571410885,0,0,0.8679035242756257,0.19951695759515214,PROCEED
GCN_GRU,high,W002136,C0213,LEAK,1,0.4078295809045301,1,1,0.9753467461156303,0.17281604928836714,VERIFY
GCN_GRU,high,W002141,C0213,LEAK,1,0.24901981623008182,0,0,0.8097208704881658,0.1132607746813937,PROCEED
GCN_GRU,high,W002146,C0213,LEAK,0,0.41532764118099164,1,0,0.9792134348352667,0.10533435058551147,VERIFY
GCN_GRU,high,W002151,C0213,LEAK,0,0.11991386621293561,0,1,0.529113225687001,0.20710352967223283,PROCEED
GCN_GRU,high,W002156,C0213,LEAK,0,0.9371486933782045,1,0,0.33866106642507415,0.1267642197272507,PROCEED
GCN_GRU,high,W002160,C0213,LEAK,0,0.46929531837008415,1,0,0.9972780068966434,0.11909411060087811,VERIFY
MLP,high,W002161,C0215,CLEAN,0,4.149540725561924e-09,0,1,1.2152799849901206e-07,0.05798905087740766,PROCEED
MLP,high,W002166,C0215,CLEAN,0,0.00208964704863366,0,1,0.021614706475333745,0.08669755233828386,PROCEED
MLP,high,W002171,C0215,CLEAN,0,0.0008669077100850767,0,1,0.010068182474310527,0.09867273594083312,REQUEST_SENSOR
MLP,high,W002176,C0215,CLEAN,0,0.0006017590749580988,0,1,0.007305828912156457,0.07512876539299947,PROCEED
MLP,high,W002181,C0215,CLEAN,0,0.003309325870626338,0,1,0.03203279235423114,0.10223424883516351,REQUEST_SENSOR
MLP,high,W002186,C0215,CLEAN,0,0.003948340536602742,0,1,0.03721066561070035,0.1425417227996556,REQUEST_SENSOR
MLP,high,W002191,C0215,CLEAN,0,0.9999999725093017,1,0,7.301303000693756e-07,0.058640918575455656,PROCEED
MLP,high,W002196,C0215,CLEAN,0,0.9999999999993734,1,0,4.1304950338020633e-11,0.06960713007308883,PROCEED
MLP,high,W002201,C0215,CLEAN,0,0.9880583616088651,1,0,0.09340632374320092,0.052496023243272544,PROCEED
MLP,high,W002205,C0215,CLEAN,0,0.9999999999996025,1,0,4.1304950338020633e-11,0.07345659794963161,PROCEED
MLP,high,W002206,C0215,LEAK,0,4.149548640190269e-09,0,1,1.2152821883085705e-07,0.0579890550171824,PROCEED
MLP,high,W002211,C0215,LEAK,0,0.00208964704863366,0,1,0.021614706475333745,0.08669755180872489,PROCEED
MLP,high,W002216,C0215,LEAK,1,0.9999999997879085,1,1,7.121456199813821e-09,0.05501826479629782,PROCEED
MLP,high,W002221,C0215,LEAK,1,1.0,1,1,4.1304950338020633e-11,0.048832776005252446,PROCEED
MLP,high,W002226,C0215,LEAK,1,0.9999995985819158,1,1,9.108612191753256e-06,0.054462090373449255,PROCEED
MLP,high,W002231,C0215,LEAK,0,0.0017866342113990418,0,1,0.01888462620788182,0.07211303366660296,PROCEED
MLP,high,W002236,C0215,LEAK,0,0.9999982756612136,1,0,3.550106476015641e-05,0.07562068182182399,PROCEED
MLP,high,W002241,C0215,LEAK,0,0.9999999999945342,1,0,2.1237771307575474e-10,0.06227487134293447,PROCEED
MLP,high,W002246,C0215,LEAK,0,0.08723631736847955,0,1,0.4271771020083065,0.040972761679162,PROCEED
MLP,high,W002250,C0215,LEAK,0,0.9999986144966737,1,0,2.8962357082858076e-05,0.08050766837815262,PROCEED
GCN_GRU,high,W002161,C0215,CLEAN,0,0.09434944185666867,0,1,0.45082342797756675,0.2562297123651356,PROCEED
GCN_GRU,high,W002166,C0215,CLEAN,0,0.4827862545686225,1,0,0.9991448523426704,0.30030609405519515,ESCALATE
GCN_GRU,high,W002171,C0215,CLEAN,0,0.5407216236841783,1,0,0.9952099964913393,0.34182894302488387,ESCALATE
GCN_GRU,high,W002176,C0215,CLEAN,0,0.9521153324097301,1,0,0.277342297829675,0.34006764216290297,REQUEST_SENSOR
GCN_GRU,high,W002181,C0215,CLEAN,0,0.9872222390923404,1,0,0.09869107395645593,0.3780103654736768,REQUEST_SENSOR
GCN_GRU,high,W002186,C0215,CLEAN,0,0.9859533682429902,1,0,0.10655980944692871,0.4551444102754621,REQUEST_SENSOR
GCN_GRU,high,W002191,C0215,CLEAN,0,0.9999950895411596,1,0,9.368370889016528e-05,0.4342983193922213,REQUEST_SENSOR
GCN_GRU,high,W002196,C0215,CLEAN,0,0.999999195476051,1,0,1.7448560264201396e-05,0.44594582682397776,REQUEST_SENSOR
GCN_GRU,high,W002201,C0215,CLEAN,0,0.9999590594943584,1,0,0.0006558168326749453,0.4434034926903321,REQUEST_SENSOR
GCN_GRU,high,W002205,C0215,CLEAN,0,0.9999999079292452,1,0,2.28477046886736e-06,0.4439468825162251,REQUEST_SENSOR
GCN_GRU,high,W002206,C0215,LEAK,0,0.0943494622289719,0,1,0.45082349444971187,0.2562297031904033,PROCEED
GCN_GRU,high,W002211,C0215,LEAK,0,0.4827862564290598,1,0,0.9991448525275533,0.3003060880915319,ESCALATE
GCN_GRU,high,W002216,C0215,LEAK,1,0.6539290353713729,1,1,0.9305100603020569,0.1695769951325106,PROCEED
GCN_GRU,high,W002221,C0215,LEAK,1,0.9999992510545961,1,1,1.6320516906246426e-05,0.41944156838478075,REQUEST_SENSOR
GCN_GRU,high,W002226,C0215,LEAK,1,0.42073102243213,1,1,0.9817927233583402,0.2076518693962196,VERIFY
GCN_GRU,high,W002231,C0215,LEAK,0,0.9449075492390636,1,0,0.3076475492806789,0.2780701239587057,REQUEST_SENSOR
GCN_GRU,high,W002236,C0215,LEAK,0,0.9999988681264208,1,0,2.399068300025892e-05,0.4652914496684124,REQUEST_SENSOR
GCN_GRU,high,W002241,C0215,LEAK,0,0.9999995557664603,1,0,1.001518876395412e-05,0.4510970242603157,REQUEST_SENSOR
GCN_GRU,high,W002246,C0215,LEAK,0,0.9986409163424189,1,0,0.014902167804902559,0.4224035395230174,REQUEST_SENSOR
GCN_GRU,high,W002250,C0215,LEAK,0,0.9999995945459593,1,0,9.19434059689675e-06,0.4545391851210034,REQUEST_SENSOR
MLP,high,W002251,C0218,CLEAN,0,1.267390301379125e-06,0,1,2.6656262075572073e-05,0.11197052950549088,REQUEST_SENSOR
MLP,high,W002256,C0218,CLEAN,0,0.9869068060318076,1,0,0.10066372132108176,0.03813320190847807,PROCEED
MLP,high,W002261,C0218,CLEAN,0,0.9999999999157207,1,0,2.94208130526403e-09,0.06027407045859852,PROCEED
MLP,high,W002266,C0218,CLEAN,0,0.9999999231503168,1,0,1.927088836442983e-06,0.05685982462370755,PROCEED
MLP,high,W002271,C0218,CLEAN,0,0.9999999940276467,1,0,1.7177532225808855e-07,0.09157150466475658,PROCEED
MLP,high,W002276,C0218,CLEAN,0,0.9999999999985558,1,0,5.88872051290943e-11,0.13819408850341316,REQUEST_SENSOR
MLP,high,W002281,C0218,CLEAN,0,0.0016814354898534614,0,1,0.01792002032869403,0.07377839582933526,PROCEED
MLP,high,W002286,C0218,CLEAN,0,0.0005099766312615462,0,1,0.006313310961522457,0.07292726917235877,PROCEED
MLP,high,W002291,C0218,CLEAN,0,0.005157719288534624,0,1,0.046615565693282714,0.08679232647722449,PROCEED
MLP,high,W002295,C0218,CLEAN,0,0.0008026390829993298,0,1,0.009411004952340353,0.06245297085111863,PROCEED
MLP,high,W002296,C0218,LEAK,0,1.2673878840293355e-06,0,1,2.6656214720325528e-05,0.11197051683441339,REQUEST_SENSOR
MLP,high,W002301,C0218,LEAK,1,0.9981148062614407,1,1,0.019780217708348303,0.03710925989319237,PROCEED
MLP,high,W002306,C0218,LEAK,1,0.9999999999265374,1,1,2.579042689096727e-09,0.07128916063831313,PROCEED
MLP,high,W002311,C0218,LEAK,1,0.9999999998772771,1,1,4.217566731795508e-09,0.07235825526741521,PROCEED
MLP,high,W002316,C0218,LEAK,1,0.9999999999841407,1,1,5.918469736573391e-10,0.035353088898976544,PROCEED
MLP,high,W002321,C0218,LEAK,1,0.9999999899004811,1,1,2.8282524257780114e-07,0.03224667238806367,PROCEED
MLP,high,W002326,C0218,LEAK,0,0.006001260051075086,0,1,0.05292436942517883,0.07149701594770089,PROCEED
MLP,high,W002331,C0218,LEAK,0,0.0029236179640607074,0,1,0.02882281958611695,0.09143478925494825,PROCEED
MLP,high,W002336,C0218,LEAK,0,0.0011162391336927814,0,1,0.012556604932851741,0.05659973741996119,PROCEED
MLP,high,W002340,C0218,LEAK,0,6.137566352357285e-05,0,1,0.0009473103214563414,0.07797283691254253,PROCEED
GCN_GRU,high,W002251,C0218,CLEAN,0,0.9999565589235628,1,0,0.0006921572846698673,0.3630491481567042,REQUEST_SENSOR
GCN_GRU,high,W002256,C0218,CLEAN,0,0.99999998493088,1,0,4.132935894249735e-07,0.39872237083407686,REQUEST_SENSOR
GCN_GRU,high,W002261,C0218,CLEAN,0,0.999991076044912,1,0,0.0001625638875197019,0.48364538095889276,REQUEST_SENSOR
GCN_GRU,high,W002266,C0218,CLEAN,0,0.9999200121327442,1,0,0.0012040171022655237,0.4832885826433161,REQUEST_SENSOR
GCN_GRU,high,W002271,C0218,CLEAN,0,0.9991673284722153,1,0,0.009718991295309443,0.4792429521679933,REQUEST_SENSOR
GCN_GRU,high,W002276,C0218,CLEAN,0,0.9998850784618591,1,0,0.0016697726354691948,0.49451851073992065,REQUEST_SENSOR
GCN_GRU,high,W002281,C0218,CLEAN,0,0.9999764762934633,1,0,0.00039562647534282613,0.3786944650579289,REQUEST_SENSOR
GCN_GRU,high,W002286,C0218,CLEAN,0,0.9998930855272521,1,0,0.0015645728304734042,0.4482730751681816,REQUEST_SENSOR
GCN_GRU,high,W002291,C0218,CLEAN,0,0.9999769272463702,1,0,0.0003886865766085999,0.4826153511778858,REQUEST_SENSOR
GCN_GRU,high,W002295,C0218,CLEAN,0,0.999996657230058,1,0,6.56293280879232e-05,0.429221282489965,REQUEST_SENSOR
GCN_GRU,high,W002296,C0218,LEAK,0,0.99995655908927,1,0,0.0006921548834874917,0.36304916243103785,REQUEST_SENSOR
GCN_GRU,high,W002301,C0218,LEAK,1,0.9999996228011703,1,1,8.592916083241193e-06,0.4079741499071496,REQUEST_SENSOR
GCN_GRU,high,W002306,C0218,LEAK,1,0.5750754134140131,1,1,0.9836753581123716,0.24487198782880307,VERIFY
GCN_GRU,high,W002311,C0218,LEAK,1,0.4464098728167633,1,1,0.9916975044225775,0.12930835789545067,VERIFY
GCN_GRU,high,W002316,C0218,LEAK,1,0.9968339291259051,1,1,0.030848610050884122,0.2705152254600247,PROCEED
GCN_GRU,high,W002321,C0218,LEAK,1,0.9835660580656993,1,1,0.12092016569918672,0.38261935196719304,REQUEST_SENSOR
GCN_GRU,high,W002326,C0218,LEAK,0,0.9999381892790479,1,0,0.0009533953756104135,0.4996539303908729,REQUEST_SENSOR
GCN_GRU,high,W002331,C0218,LEAK,0,0.9999617785063716,1,0,0.0006160511213131112,0.4560047135581313,REQUEST_SENSOR
GCN_GRU,high,W002336,C0218,LEAK,0,0.9999725568747464,1,0,0.0004554425646941098,0.42019408536569447,REQUEST_SENSOR
GCN_GRU,high,W002340,C0218,LEAK,0,0.9999959575647084,1,0,7.825765039447082e-05,0.3965417974122093,REQUEST_SENSOR
MLP,high,W002341,C0230,CLEAN,0,0.9551921248379701,1,0,0.2639176225575707,0.05533720079915862,PROCEED
MLP,high,W002346,C0230,CLEAN,0,0.9999999999999993,1,0,4.1304950338020633e-11,0.0669766674694259,PROCEED
MLP,high,W002351,C0230,CLEAN,0,0.999999999397565,1,0,1.9320795257483185e-08,0.07291070928708326,PROCEED
MLP,high,W002356,C0230,CLEAN,0,0.9999994333794642,1,0,1.257546761135159e-05,0.07107046825261276,PROCEED
MLP,high,W002361,C0230,CLEAN,0,0.9999387553010738,1,0,0.0009454776781035989,0.059149131483313605,PROCEED
MLP,high,W002366,C0230,CLEAN,0,0.9999978888919158,1,0,4.284760203614961e-05,0.1391329732751443,REQUEST_SENSOR
MLP,high,W002371,C0230,CLEAN,0,7.19613019417304e-06,0,1,0.0001333229713060072,0.10876233313064887,REQUEST_SENSOR
MLP,high,W002376,C0230,CLEAN,0,0.0013765069781826898,0,1,0.015067897855852523,0.0785270334602614,PROCEED
MLP,high,W002381,C0230,CLEAN,0,0.025625907385556108,0,1,0.17195760324378287,0.0626022545284303,PROCEED
MLP,high,W002385,C0230,CLEAN,0,0.015279405421138583,0,1,0.11404371725384323,0.10030795962521419,REQUEST_SENSOR
MLP,high,W002386,C0230,LEAK,0,0.9551920636118538,1,0,0.2639178928075474,0.05533720166470647,PROCEED
MLP,high,W002391,C0230,LEAK,0,0.9999999999999993,1,0,4.1304950338020633e-11,0.0669766668012716,PROCEED
MLP,high,W002396,C0230,LEAK,0,0.999999999397565,1,0,1.9320795257483185e-08,0.07291070997291095,PROCEED
MLP,high,W002401,C0230,LEAK,1,0.9999999999998674,1,1,4.1304950338020633e-11,0.06862258201433329,PROCEED
MLP,high,W002406,C0230,LEAK,1,0.9999999998492941,1,1,5.13458594202613e-09,0.07753276364991403,PROCEED
MLP,high,W002411,C0230,LEAK,1,1.0,1,1,4.1304950338020633e-11,0.06015395466736506,PROCEED
MLP,high,W002416,C0230,LEAK,1,0.06670711383974752,0,0,0.35351331280251086,0.0849030805421157,PROCEED
MLP,high,W002421,C0230,LEAK,1,0.0005547910166871774,0,0,0.006800663080102527,0.08935304591125978,PROCEED
MLP,high,W002426,C0230,LEAK,0,0.0006060699374955436,0,1,0.0073519228080597175,0.08197461405740916,PROCEED
MLP,high,W002430,C0230,LEAK,0,0.004169868166177051,0,1,0.0389693588341581,0.12250308410991417,REQUEST_SENSOR
GCN_GRU,high,W002341,C0230,CLEAN,0,0.3480356262708723,0,1,0.9323014572425844,0.21640708146642162,PROCEED
GCN_GRU,high,W002346,C0230,CLEAN,0,0.9999999992222122,1,0,2.4657896061931666e-08,0.48678252376642595,REQUEST_SENSOR
GCN_GRU,high,W002351,C0230,CLEAN,0,0.9999992485799278,1,0,1.637086713540761e-05,0.509463179897787,REQUEST_SENSOR
GCN_GRU,high,W002356,C0230,CLEAN,0,0.9999731323553483,1,0,0.0004467134504979463,0.5216557186977242,REQUEST_SENSOR
GCN_GRU,high,W002361,C0230,CLEAN,0,0.8316623056748942,1,0,0.6538879637394225,0.32795358349573767,REQUEST_SENSOR
GCN_GRU,high,W002366,C0230,CLEAN,0,0.35470756982504303,0,1,0.9382021903803953,0.2531999013228806,PROCEED
GCN_GRU,high,W002371,C0230,CLEAN,0,0.48603175545106114,1,0,0.9994369529350511,0.19380297423672252,VERIFY
GCN_GRU,high,W002376,C0230,CLEAN,0,0.9995842427556992,1,0,0.005269459511208883,0.3621022767349594,REQUEST_SENSOR
GCN_GRU,high,W002381,C0230,CLEAN,0,0.9998904739771645,1,0,0.0015989764010282284,0.4415593545322958,REQUEST_SENSOR
GCN_GRU,high,W002385,C0230,CLEAN,0,0.991821362993488,1,0,0.06846094216347037,0.3037808930654087,REQUEST_SENSOR
GCN_GRU,high,W002386,C0230,LEAK,0,0.34803558569677057,0,1,0.9323014205003712,0.2164070659653765,PROCEED
GCN_GRU,high,W002391,C0230,LEAK,0,0.9999999992222122,1,0,2.4657896061931666e-08,0.4867825170224839,REQUEST_SENSOR
GCN_GRU,high,W002396,C0230,LEAK,0,0.9999992485799278,1,0,1.637086713540761e-05,0.5094631773435842,REQUEST_SENSOR
GCN_GRU,high,W002401,C0230,LEAK,1,0.928899109756817,1,1,0.3700185927374244,0.27888145761912925,REQUEST_SENSOR
GCN_GRU,high,W002406,C0230,LEAK,1,0.8587534497029302,1,1,0.5874941277575548,0.10715899776949595,PROCEED
GCN_GRU,high,W002411,C0230,LEAK,1,0.999999806959619,1,1,4.584185696843132e-06,0.47254559519381834,REQUEST_SENSOR
GCN_GRU,high,W002416,C0230,LEAK,1,0.9996294396450779,1,1,0.004758154870434967,0.3577313755928745,REQUEST_SENSOR
GCN_GRU,high,W002421,C0230,LEAK,1,0.33917709306474925,0,0,0.924029061911539,0.1857346283560291,PROCEED
GCN_GRU,high,W002426,C0230,LEAK,0,0.9885240325144143,1,0,0.09042632528701053,0.3078978098429801,REQUEST_SENSOR
GCN_GRU,high,W002430,C0230,LEAK,0,0.8112128706784046,1,0,0.6989273221560858,0.3059496134266354,REQUEST_SENSOR
MLP,high,W002431,C0233,CLEAN,0,0.0022844827835664635,0,1,0.02333590617888733,0.10138759403440657,REQUEST_SENSOR
MLP,high,W002436,C0233,CLEAN,0,0.23844886588826988,0,1,0.7924512683381959,0.0759061760939066,PROCEED
MLP,high,W002441,C0233,CLEAN,0,0.5342061881110908,1,0,0.9966212725099305,0.0434414758307861,VERIFY
MLP,high,W002446,C0233,CLEAN,0,0.8555400979588291,1,0,0.5958007648299125,0.03513439677872244,PROCEED
MLP,high,W002451,C0233,CLEAN,0,0.9711193653247727,1,0,0.18874685525334572,0.05612042591733924,PROCEED
MLP,high,W002456,C0233,CLEAN,0,0.8484979256905831,1,0,0.613586516201826,0.06756893619966337,PROCEED
MLP,high,W002461,C0233,CLEAN,0,0.2982588894669625,0,1,0.8791521543053041,0.04827402598987316,PROCEED
MLP,high,W002466,C0233,CLEAN,0,0.10231506516225039,0,1,0.47629151131506486,0.04921640265565985,PROCEED
MLP,high,W002471,C0233,CLEAN,0,0.00027877948729095574,0,1,0.003694129816414616,0.03744482996095704,PROCEED
MLP,high,W002475,C0233,CLEAN,0,0.9524271026055695,1,0,0.2759959358085043,0.05457364251340311,PROCEED
MLP,high,W002476,C0233,LEAK,0,0.0022844686547195477,0,1,0.023335782260117396,0.10138759572603964,REQUEST_SENSOR
MLP,high,W002481,C0233,LEAK,0,0.23844890918294176,0,1,0.7924513408680632,0.07590616534039425,PROCEED
MLP,high,W002486,C0233,LEAK,0,0.5342087168673193,1,0,0.9966207725431,0.04344154290170595,VERIFY
MLP,high,W002491,C0233,LEAK,1,1.0,1,1,4.1304950338020633e-11,0.08586034239543931,PROCEED
MLP,high,W002496,C0233,LEAK,1,1.0,1,1,4.1304950338020633e-11,0.07771729595772756,PROCEED
MLP,high,W002501,C0233,LEAK,1,1.0,1,1,4.1304950338020633e-11,0.16107117426303402,REQUEST_SENSOR
MLP,high,W002506,C0233,LEAK,1,1.0,1,1,4.1304950338020633e-11,0.1454176268875741,REQUEST_SENSOR
MLP,high,W002511,C0233,LEAK,1,1.0,1,1,4.1304950338020633e-11,0.1418250059779575,REQUEST_SENSOR
MLP,high,W002516,C0233,LEAK,0,0.9909699884888219,1,0,0.0742918734872452,0.12921769425872262,REQUEST_SENSOR
MLP,high,W002520,C0233,LEAK,0,1.0,1,0,4.1304950338020633e-11,0.16065632636177535,REQUEST_SENSOR
GCN_GRU,high,W002431,C0233,CLEAN,0,0.33732867339828976,0,1,0.9222394606255004,0.2028388916127954,PROCEED
GCN_GRU,high,W002436,C0233,CLEAN,0,0.9999998759610281,1,0,3.024739714292781e-06,0.40499681533365817,REQUEST_SENSOR
GCN_GRU,high,W002441,C0233,CLEAN,0,0.7913901016040265,1,0,0.738817195869987,0.36781335973553686,REQUEST_SENSOR
GCN_GRU,high,W002446,C0233,CLEAN,0,0.998652088465071,1,0,0.014795729405418682,0.42774812671746054,REQUEST_SENSOR
GCN_GRU,high,W002451,C0233,CLEAN,0,0.6051788416486514,1,0,0.967840436777258,0.2919536320404229,ESCALATE
GCN_GRU,high,W002456,C0233,CLEAN,0,0.33802189210146066,0,1,0.9229132014817771,0.1456573153967296,PROCEED
GCN_GRU,high,W002461,C0233,CLEAN,0,0.1429010099595463,0,1,0.5917861620618283,0.08868682574702696,PROCEED
GCN_GRU,high,W002466,C0233,CLEAN,0,0.09226336835107064,0,1,0.4439798619136272,0.08297338915506311,PROCEED
GCN_GRU,high,W002471,C0233,CLEAN,0,0.0744356796815046,0,1,0.382262851369373,0.1429437482510325,PROCEED
GCN_GRU,high,W002475,C0233,CLEAN,0,0.15473372594692647,0,1,0.6215607590975166,0.1546372255517657,PROCEED
GCN_GRU,high,W002476,C0233,LEAK,0,0.3373299258465425,0,1,0.9222406806785527,0.20283907370526288,PROCEED
GCN_GRU,high,W002481,C0233,LEAK,0,0.9999998759600818,1,0,3.0247614262087757e-06,0.40499681814136546,REQUEST_SENSOR
GCN_GRU,high,W002486,C0233,LEAK,0,0.7913873856851503,1,0,0.7388224201288092,0.36781334161751034,REQUEST_SENSOR
GCN_GRU,high,W002491,C0233,LEAK,1,0.9999999383924805,1,1,1.5645237781707016e-06,0.17609007990283612,PROCEED
GCN_GRU,high,W002496,C0233,LEAK,1,0.9999998690436995,1,1,3.1831686951589236e-06,0.28855053168240474,REQUEST_SENSOR
GCN_GRU,high,W002501,C0233,LEAK,1,0.9999999030746279,1,1,2.39805441199187e-06,0.41307815005328274,REQUEST_SENSOR
GCN_GRU,high,W002506,C0233,LEAK,1,0.99999988758476,1,1,2.7572483855640826e-06,0.414258814598876,REQUEST_SENSOR
GCN_GRU,high,W002511,C0233,LEAK,1,0.9999998909976832,1,1,2.6783867071011622e-06,0.4051751737384942,REQUEST_SENSOR
GCN_GRU,high,W002516,C0233,LEAK,0,0.9621321899195425,1,0,0.23242928251394904,0.42851183919020325,REQUEST_SENSOR
GCN_GRU,high,W002520,C0233,LEAK,0,0.9993097046151149,1,0,0.00824398760336305,0.37277939690219514,REQUEST_SENSOR
MLP,high,W002521,C0237,CLEAN,0,0.9999378744873757,1,0,0.0009577955419448813,0.04818351962314961,PROCEED
MLP,high,W002526,C0237,CLEAN,0,1.0,1,0,4.1304950338020633e-11,0.05199707847321016,PROCEED
MLP,high,W002531,C0237,CLEAN,0,0.9999999999755878,1,0,8.958392207144651e-10,0.06055413187806524,PROCEED
MLP,high,W002536,C0237,CLEAN,0,0.9999999717764235,1,0,7.485236516253567e-07,0.05899450797765228,PROCEED
MLP,high,W002541,C0237,CLEAN,0,0.9999943430318003,1,0,0.00010677092155374653,0.06026378717011067,PROCEED
MLP,high,W002546,C0237,CLEAN,0,0.9999821054918034,1,0,0.0003080146929184379,0.05827117528802738,PROCEED
MLP,high,W002551,C0237,CLEAN,0,4.15286062043394e-05,0,1,0.0006643829521780558,0.09702709377497484,PROCEED
MLP,high,W002556,C0237,CLEAN,0,0.0022653802283186717,0,1,0.02316824917111814,0.13292167649965214,REQUEST_SENSOR
MLP,high,W002561,C0237,CLEAN,0,0.04583597344069016,0,1,0.2684379282322336,0.07628668187848603,PROCEED
MLP,high,W002565,C0237,CLEAN,0,0.6670004092153357,1,0,0.9179617298855781,0.14030777355954607,REQUEST_SENSOR
MLP,high,W002566,C0237,LEAK,0,0.9999378744873757,1,0,0.0009577955419448813,0.04818351962314961,PROCEED
MLP,high,W002571,C0237,LEAK,1,1.0,1,1,4.1304950338020633e-11,0.05114421982461148,PROCEED
MLP,high,W002576,C0237,LEAK,1,0.9999999999927791,1,1,2.7766963700226973e-10,0.05948593788767037,PROCEED
MLP,high,W002581,C0237,LEAK,1,0.9999999622632126,1,1,9.850112149945271e-07,0.051241398947814466,PROCEED
MLP,high,W002586,C0237,LEAK,1,0.9999590107796392,1,1,0.0006565268591799933,0.07138890158021508,PROCEED
MLP,high,W002591,C0237,LEAK,0,0.9999526534242859,1,0,0.0007485039696106214,0.07095158088113812,PROCEED
MLP,high,W002596,C0237,LEAK,0,0.00013382429836233638,0,1,0.001915021801045625,0.10265315054292734,REQUEST_SENSOR
MLP,high,W002601,C0237,LEAK,0,0.002520799476056228,0,1,0.025391453665271596,0.13399863674773102,REQUEST_SENSOR
MLP,high,W002606,C0237,LEAK,0,0.050118775037250526,0,1,0.28690129078476845,0.07370801648001644,PROCEED
MLP,high,W002610,C0237,LEAK,0,0.6379562800325097,1,0,0.9443665639767872,0.13997677462612595,REQUEST_SENSOR
GCN_GRU,high,W002521,C0237,CLEAN,0,0.4717218595408209,1,0,0.997691456898377,0.24668304710283445,VERIFY
GCN_GRU,high,W002526,C0237,CLEAN,0,0.9999999985414727,1,0,4.4916129219011414e-08,0.4649626699822119,REQUEST_SENSOR
GCN_GRU,high,W002531,C0237,CLEAN,0,0.9999815846134745,1,0,0.00031621816251523575,0.47947335780689826,REQUEST_SENSOR
GCN_GRU,high,W002536,C0237,CLEAN,0,0.9962763035388557,1,0,0.03540883233109668,0.42608030896432864,REQUEST_SENSOR
GCN_GRU,high,W002541,C0237,CLEAN,0,0.3106387427394216,0,1,0.8939094017236447,0.15084927559169298,PROCEED
GCN_GRU,high,W002546,C0237,CLEAN,0,0.3476343616885617,0,1,0.9319375768741088,0.19342891070767587,PROCEED
GCN_GRU,high,W002551,C0237,CLEAN,0,0.401467820585295,1,0,0.9718027414952434,0.27659851268999136,VERIFY
GCN_GRU,high,W002556,C0237,CLEAN,0,0.801462813597752,1,0,0.7189928027536512,0.3093902122692108,REQUEST_SENSOR
GCN_GRU,high,W002561,C0237,CLEAN,0,0.9991464977994803,1,0,0.009931690190133683,0.37481908824458093,REQUEST_SENSOR
GCN_GRU,high,W002565,C0237,CLEAN,0,0.9227820952435142,1,0,0.3922996283349728,0.3254596392722483,REQUEST_SENSOR
GCN_GRU,high,W002566,C0237,LEAK,0,0.4717218558274463,1,0,0.9976914562917557,0.246683050358227,VERIFY
GCN_GRU,high,W002571,C0237,LEAK,1,0.9999999974086866,1,1,7.76522411801528e-08,0.45449086343873696,REQUEST_SENSOR
GCN_GRU,high,W002576,C0237,LEAK,1,0.9999386087072969,1,1,0.0009475290002713885,0.48093351882631324,REQUEST_SENSOR
GCN_GRU,high,W002581,C0237,LEAK,1,0.5436755075175741,1,1,0.994488953353776,0.2425045421532664,VERIFY
GCN_GRU,high,W002586,C0237,LEAK,1,0.35389881122416705,0,0,0.9375019084191365,0.19063320703282305,PROCEED
GCN_GRU,high,W002591,C0237,LEAK,0,0.4806396481262832,1,0,0.9989182183725538,0.2549415984490872,VERIFY
GCN_GRU,high,W002596,C0237,LEAK,0,0.39773389237853807,1,0,0.9696095621295541,0.2887374464904743,ESCALATE
GCN_GRU,high,W002601,C0237,LEAK,0,0.860523644527686,1,0,0.5828657892977855,0.3199235038810929,REQUEST_SENSOR
GCN_GRU,high,W002606,C0237,LEAK,0,0.999178668553067,1,0,0.009602884288154345,0.385116246957935,REQUEST_SENSOR
GCN_GRU,high,W002610,C0237,LEAK,0,0.9372232911076578,1,0,0.33837019665557067,0.32824468848536215,REQUEST_SENSOR
MLP,high,W002611,C0240,CLEAN,0,0.0003737701414060528,0,1,0.0047947183073352665,0.028613288780085757,PROCEED
MLP,high,W002616,C0240,CLEAN,0,0.9733758868033885,1,0,0.17716855779093796,0.0303630347401929,PROCEED
MLP,high,W002621,C0240,CLEAN,0,0.9999999863722595,1,0,3.7573824737864797e-07,0.08264225155386062,PROCEED
MLP,high,W002626,C0240,CLEAN,0,0.9999999534043098,1,0,1.2020720392229232e-06,0.07742949174793821,PROCEED
MLP,high,W002631,C0240,CLEAN,0,0.9999999998895794,1,0,3.811603737541256e-09,0.07072621040801573,PROCEED
MLP,high,W002636,C0240,CLEAN,0,0.999999999999964,1,0,4.1304950338020633e-11,0.08962956708724432,PROCEED
MLP,high,W002641,C0240,CLEAN,0,0.0756793498558851,0,1,0.38676905597268524,0.06472242208754392,PROCEED
MLP,high,W002646,C0240,CLEAN,0,0.019614493287005038,0,1,0.13927052988461106,0.061964415354234206,PROCEED
MLP,high,W002651,C0240,CLEAN,0,0.023197794208928098,0,1,0.15903709481778655,0.07097555589004004,PROCEED
MLP,high,W002655,C0240,CLEAN,0,0.000973471892898619,0,1,0.011142909936711892,0.04613309086639203,PROCEED
MLP,high,W002656,C0240,LEAK,0,0.0003737785150609837,0,1,0.004794813641443072,0.02861329333498627,PROCEED
MLP,high,W002661,C0240,LEAK,1,0.9999999999995977,1,1,4.1304950338020633e-11,0.03297559174882262,PROCEED
MLP,high,W002666,C0240,LEAK,1,0.9603927424685428,1,1,0.2404885729212637,0.06985521831587495,PROCEED
MLP,high,W002671,C0240,LEAK,1,1.0,1,1,4.1304950338020633e-11,0.033968905327561895,PROCEED
MLP,high,W002676,C0240,LEAK,1,0.9999999990045223,1,1,3.12048283287694e-08,0.03518217385993465,PROCEED
MLP,high,W002681,C0240,LEAK,0,0.9999999902707747,1,0,2.729799084086008e-07,0.08033808048325719,PROCEED
MLP,high,W002686,C0240,LEAK,0,0.3080238630970346,0,1,0.8908791629957036,0.06708264619758741,PROCEED
MLP,high,W002691,C0240,LEAK,0,0.025643641767210783,0,1,0.17205067839609658,0.06313046211560959,PROCEED
MLP,high,W002696,C0240,LEAK,0,0.025140101578318794,0,1,0.16940084486450058,0.0821705053049982,PROCEED
MLP,high,W002700,C0240,LEAK,0,0.0011011610046741515,0,1,0.012408608183085972,0.045629402618847945,PROCEED
GCN_GRU,high,W002611,C0240,CLEAN,0,0.9962673098296431,1,0,0.0354813388886888,0.339454811233688,REQUEST_SENSOR
GCN_GRU,high,W002616,C0240,CLEAN,0,0.4492398447075301,1,0,0.9925526997037452,0.29293678439682413,ESCALATE
GCN_GRU,high,W002621,C0240,CLEAN,0,0.42649898221814453,1,0,0.9843553369117035,0.22576920428025019,VERIFY
GCN_GRU,high,W002626,C0240,CLEAN,0,0.711992719739571,1,0,0.8661331878376126,0.27494726593855506,PROCEED
GCN_GRU,high,W002631,C0240,CLEAN,0,0.9996014171833312,1,0,0.005076047969702073,0.3837956579122709,REQUEST_SENSOR
GCN_GRU,high,W002636,C0240,CLEAN,0,0.9999740416294864,1,0,0.0004328848229403335,0.4717451248329877,REQUEST_SENSOR
GCN_GRU,high,W002641,C0240,CLEAN,0,0.9997357714722862,1,0,0.003521751585178727,0.39558289894884235,REQUEST_SENSOR
GCN_GRU,high,W002646,C0240,CLEAN,0,0.9998858593308001,1,0,0.0016595496472837912,0.45290068732653105,REQUEST_SENSOR
GCN_GRU,high,W002651,C0240,CLEAN,0,0.9999420091315306,1,0,0.0008998134513457769,0.4573023189907207,REQUEST_SENSOR
GCN_GRU,high,W002655,C0240,CLEAN,0,0.99988993677888,1,0,0.0016060420347001714,0.37558469411850237,REQUEST_SENSOR
GCN_GRU,high,W002656,C0240,LEAK,0,0.9962673488407555,1,0,0.03548102445206615,0.33945486676011494,REQUEST_SENSOR
GCN_GRU,high,W002661,C0240,LEAK,1,0.9944379112752253,1,1,0.0496629608476623,0.36389122073286284,REQUEST_SENSOR
GCN_GRU,high,W002666,C0240,LEAK,1,0.9934317631573558,1,1,0.05706631814123766,0.2711607122272361,PROCEED
GCN_GRU,high,W002671,C0240,LEAK,1,0.9999770462627123,1,1,0.0003868528746366096,0.41082850701637175,REQUEST_SENSOR
GCN_GRU,high,W002676,C0240,LEAK,1,0.9820288932982975,1,1,0.12989210775230242,0.23629895959072791,PROCEED
GCN_GRU,high,W002681,C0240,LEAK,0,0.9582456792418955,1,0,0.250278662841389,0.3153940021763442,REQUEST_SENSOR
GCN_GRU,high,W002686,C0240,LEAK,0,0.999804920680645,1,0,0.0026855020668255358,0.3786569728014856,REQUEST_SENSOR
GCN_GRU,high,W002691,C0240,LEAK,0,0.9998939364699173,1,0,0.0015533430608288394,0.46262006857503113,REQUEST_SENSOR
GCN_GRU,high,W002696,C0240,LEAK,0,0.9999482169945879,1,0,0.0008119481760353706,0.4616188114051968,REQUEST_SENSOR
GCN_GRU,high,W002700,C0240,LEAK,0,0.9999045029786748,1,0,0.0014130513653221627,0.381550963613734,REQUEST_SENSOR
